,Байршил,Баримт,Огноо,Гүйлгээний утга,Барааны нэр,Зарлага тоо,Зарлага дүн
0,PN Gold's,352,4/25/2023,Хайрцагнаас дутуу гарч ирсэн,Crush Bar - Cookiescream 64g,2,12410.58
1,PN Gold's,515,5/9/2023,Ажилчдын хэрэглээ,Crush Bar - Cookiescream 64g,5,31026.43
2,PN Gold's,515,5/9/2023,Ажилчдын хэрэглээ,ISO Whey 500g - Cookies,1,55931.95
3,PN Gold's,515,5/9/2023,Ажилчдын хэрэглээ,Vitamin D3 K2 /60ш/,1,6781.52
4,PN Gold's,515,5/9/2023,Ажилчдын хэрэглээ,EAA Zero 350g Lemon,2,100918.49
5,PN Gold's,515,5/9/2023,Ажилчдын хэрэглээ,ISO Whey 500g - Pineapple mango,1,55931.95
6,PN Gold's,515,5/9/2023,Ажилчдын хэрэглээ,Shaker 600ml,1,5622.79
7,PN Gold's,515,5/9/2023,Ажилчдын хэрэглээ,Crush Bar - Toffee coconut 64g,5,31026.33
8,PN Gold's,515,5/9/2023,Ажилчдын хэрэглээ,Crush Bar - Chocolate 64g,5,31025.67
9,PN Gold's,756,6/6/2023,Ажилчдын хэрэглээ,Crush Bar - Cookiescream 64g,3,18615.12
10,PN Gold's,756,6/6/2023,Ажилчдын хэрэглээ,Nitrox - Cranberry 680гр,1,58600.64
11,PN Gold's,756,6/6/2023,Ажилчдын хэрэглээ,Zero bar Chocolate 50g,1,4405.86
12,PN Gold's,756,6/6/2023,Ажилчдын хэрэглээ,Nitrox - Peach 680гр,1,57349.17
13,PN Gold's,756,6/6/2023,Ажилчдын хэрэглээ,Protein bar 15*55g Cookies cream,11,36820.38
14,PN Gold's,756,6/6/2023,Ажилчдын хэрэглээ,Crush Bar - Toffee coconut 64g,2,12410.27
15,PN Gold's,756,6/6/2023,Ажилчдын хэрэглээ,Protein snap,2,4141.87
16,PN Gold's,756,6/6/2023,Ажилчдын хэрэглээ,ISO Whey 500g - Banana,2,100060.52
17,PN Gold's,1009,7/4/2023,Ажилчдын хэрэглээ,Power BCAA - Watermelon 420g,1,34035.31
18,PN Gold's,1009,7/4/2023,Ажилчдын хэрэглээ,ISO Whey 500g - Banana,2,100060.52
19,PN Gold's,1009,7/4/2023,Ажилчдын хэрэглээ,Protein snap,1,2070.94
20,PN Gold's,1009,7/4/2023,Ажилчдын хэрэглээ,MSM+ Vitamin C 150g,1,18668.2
21,PN Gold's,1009,7/4/2023,Ажилчдын хэрэглээ,Protein bar 15*55g Caramel peanuts,1,3347.27
22,PN Gold's,1044,7/10/2023,Хэрэглээ,Crush Bar - Cookiescream 64g,13,80402.71
23,PN Gold's,1044,7/10/2023,Хэрэглээ,Snack 12*45g Peach,14,70411.8
24,PN Gold's,1044,7/10/2023,Хэрэглээ,Nitrox sample - Cranberry 17g,12,35458.74
25,PN Gold's,1044,7/10/2023,Хэрэглээ,ISO Whey 500g - Coconut,2,111863.89
26,PN Gold's,1044,7/10/2023,Хэрэглээ,Zero bar Chocolate 50g,30,132143.28
27,PN Gold's,1044,7/10/2023,Хэрэглээ,Protein bar 15*55g Choco caramel,5,16736.54
28,PN Gold's,1044,7/10/2023,Хэрэглээ,Crush Bar - Chocolate 64g,11,68185.7
29,PN Gold's,1044,7/10/2023,Хэрэглээ,Protein wafer,5,14581.07
30,PN Gold's,1061,7/17/2023,Акт,Protein cream 400g White chocolate Hazelnut,1,12632.7
31,PN Gold's,1201,8/1/2023,Ажилчдын хэрэглээ,Nitrox - Blue grape 680g,1,58028.93
32,PN Gold's,1201,8/1/2023,Ажилчдын хэрэглээ,L-Carnitine powder 300g,1,35804.94
33,PN Gold's,1201,8/1/2023,Ажилчдын хэрэглээ,ISO Whey sample - Cookies 25g,6,24061.29
34,PN Gold's,1201,8/1/2023,Ажилчдын хэрэглээ,Crush Bar - Toffee coconut 64g,3,18511.7
35,PN Gold's,1201,8/1/2023,Ажилчдын хэрэглээ,Power Amino,1,26875.41
36,PN Gold's,1201,8/1/2023,Ажилчдын хэрэглээ,Protein bar 15*55g Caramel peanuts,1,3314.59
37,PN Gold's,1201,8/1/2023,Ажилчдын хэрэглээ,Protein snap,7,14496.54
38,PN Gold's,1201,8/1/2023,Ажилчдын хэрэглээ,Glucosamine 60caps,1,21247.2
39,PN Gold's,1201,8/1/2023,Ажилчдын хэрэглээ,ISO Whey 500g - Banana,1,51940.92
40,PN Gold's,1396,8/30/2023,Ажилчдын хэрэглээ,Club mate 500мл,20,73747.84
41,PN Gold's,1396,8/30/2023,Ажилчдын хэрэглээ,Ундаа Amino 330ml Waikiki,24,56320.88
42,PN Gold's,1397,8/30/2023,Акт,Ундаа Amino 330ml Waikiki,1,2346.7
43,PN Gold's,1630,9/27/2023,Ажилчдын хэрэглээ,Crush Bar - Chocolate 64g,5,31761.8
44,PN Gold's,1630,9/27/2023,Ажилчдын хэрэглээ,Power Amino,1,26874.91
45,PN Gold's,1630,9/27/2023,Ажилчдын хэрэглээ,Protein bar 15*55g Choco caramel,1,3381.8
46,PN Gold's,1630,9/27/2023,Ажилчдын хэрэглээ,ISO Whey 500g - Tiramisu,1,0
47,PN Gold's,1630,9/27/2023,Ажилчдын хэрэглээ,Ундаа Amino 330ml Raspberry,2,4311.46
48,PN Gold's,1630,9/27/2023,Ажилчдын хэрэглээ,Ундаа Amino 330ml Lemon soda,24,49268.71
49,PN Gold's,1630,9/27/2023,Ажилчдын хэрэглээ,Protein cream 400g Chocolate hazelnut,2,25149.57
50,PN Gold's,1630,9/27/2023,Ажилчдын хэрэглээ,ISO Whey sample - Hazelnut 25g,1,0
51,PN Gold's,1630,9/27/2023,Ажилчдын хэрэглээ,Crush Bar - Toffee coconut 64g,10,63741.57
52,PN Gold's,1630,9/27/2023,Ажилчдын хэрэглээ,Club mate 330мл,24,73872.61
53,PN Gold's,1630,9/27/2023,Ажилчдын хэрэглээ,Oatmeal 1kg apple&banana,1,0
54,PN Gold's,1727,10/15/2023,Ажилчдын хэрэглээ,Ундаа Amino 330ml Waikiki,24,56297.61
55,PN Gold's,1727,10/15/2023,Ажилчдын хэрэглээ,Protein bar 15*55g Choco caramel,2,6762.53
56,PN Gold's,1727,10/15/2023,Ажилчдын хэрэглээ,Multivitamin  90ш,2,25903.83
57,PN Gold's,1727,10/15/2023,Ажилчдын хэрэглээ,ISO Whey sample - coconut 25g,1,65.53
58,PN Gold's,1727,10/15/2023,Ажилчдын хэрэглээ,Zero bar Hazelnut 50g,4,0
59,PN Gold's,1727,10/15/2023,Ажилчдын хэрэглээ,Club mate 330мл,24,73873.47
60,PN Gold's,1727,10/15/2023,Ажилчдын хэрэглээ,L-Carnitine 100.000 - Cherry 500ml,2,0
61,PN Gold's,1727,10/15/2023,Ажилчдын хэрэглээ,Cheese soup 30g,1,0
62,PN Gold's,1727,10/15/2023,Ажилчдын хэрэглээ,ISO Whey 500g - Cookies,3,0
63,PN Gold's,1844,11/1/2023,Ажилчдын хэрэглээ,ISO Whey 500g - Banana,1,57476.63
64,PN Gold's,1844,11/1/2023,Ажилчдын хэрэглээ,Club mate 330мл,24,73874.39
65,PN Gold's,1844,11/1/2023,Ажилчдын хэрэглээ,ISO Whey 500g - Cookies,1,0
66,PN Gold's,1844,11/1/2023,Ажилчдын хэрэглээ,Ундаа Amino 330ml Raspberry,24,51737.46
67,PN Gold's,1844,11/1/2023,Ажилчдын хэрэглээ,ISO Whey 500g - Raspberry,2,0
68,PN Gold's,1844,11/1/2023,Ажилчдын хэрэглээ,Protein cream 400g Duo white chocolate-chocolate,4,0
69,PN Gold's,1844,11/1/2023,Ажилчдын хэрэглээ,ISO Whey 500g - Chocolate,1,59484.39
70,PN Gold's,1844,11/1/2023,Ажилчдын хэрэглээ,L-Carnitine 100.000 - Cherry 500ml,1,0
71,PN Gold's,1979,11/21/2023,Маркетингийн хэрэглээ,ISO Whey sample - Chocolate 25g,2,5794.28
72,PN Gold's,2088,12/5/2023,Ажилчдын хэрэглээ,Ундаа Collagen vibe 330ml Pineapple coconut,7,0
73,PN Gold's,2088,12/5/2023,Ажилчдын хэрэглээ,L-Carnitine powder 300g,1,35266.77
74,PN Gold's,2088,12/5/2023,Ажилчдын хэрэглээ,Vitamin D3 K2 /60ш/,1,7436.13
75,PN Gold's,2088,12/5/2023,Ажилчдын хэрэглээ,Omega 3 /90ш/,2,29143.81
76,PN Gold's,2088,12/5/2023,Ажилчдын хэрэглээ,ZMA 60ш,2,15530.62
77,PN Gold's,2088,12/5/2023,Ажилчдын хэрэглээ,Club mate 330мл,25,0
78,PN Gold's,2088,12/5/2023,Ажилчдын хэрэглээ,Protein cream 400g Chocolate hazelnut,3,0
79,PN Gold's,2088,12/5/2023,Ажилчдын хэрэглээ,Protein wafer,6,17667.15
80,PN Gold's,2088,12/5/2023,Ажилчдын хэрэглээ,Nitrox - Tropical 680гр,1,0
81,PN Gold's,2088,12/5/2023,Ажилчдын хэрэглээ,Tomato soup 30g,2,0
82,PN Gold's,2088,12/5/2023,Ажилчдын хэрэглээ,Ундаа Amino 330ml Passion fruit,24,0
83,PN Gold's,2088,12/5/2023,Ажилчдын хэрэглээ,Protein bar 15*55g Cookies cream,1,0
84,PN Gold's,2088,12/5/2023,Ажилчдын хэрэглээ,Protein snap,13,29901.87
85,PN Gold's,2260,1/5/2024,Ажилчдын хэрэглээ,L-Carnitine 100.000 - Apple 500ml,1,49763.53
86,PN Gold's,2260,1/5/2024,Ажилчдын хэрэглээ,Vitamin C 60ш,1,11879.47
87,PN Gold's,2260,1/5/2024,Ажилчдын хэрэглээ,Peanut butter 400g crunchy Biotech,1,12371.53
88,PN Gold's,2260,1/5/2024,Ажилчдын хэрэглээ,Vitamin D3 K2 /60ш/,1,6778.73
89,PN Gold's,2260,1/5/2024,Ажилчдын хэрэглээ,Protein cream 400g Duo white chocolate-chocolate,1,12519.5
90,PN Gold's,2260,1/5/2024,Ажилчдын хэрэглээ,L-Carnitine 100.000 - Cherry 500ml,1,50878.74
91,PN Gold's,2260,1/5/2024,Ажилчдын хэрэглээ,Ундаа Amino 330ml Passion fruit,24,56279.03
92,PN Gold's,2260,1/5/2024,Ажилчдын хэрэглээ,Club mate 330мл,24,74194.02
93,PN Gold's,2260,1/5/2024,Ажилчдын хэрэглээ,L-Glutamine 240гр,1,31266.21
94,PN Gold's,2260,1/5/2024,Ажилчдын хэрэглээ,Hyper Mass - Vanilla 1kg,2,62467.4
95,PN Gold's,2486,2/8/2024,Ажилчдын хэрэглээ,Omega 3 /90ш/,3,37788.6
96,PN Gold's,2486,2/8/2024,Ажилчдын хэрэглээ,ISO Whey 500g - Chocolate,2,103384.08
97,PN Gold's,2486,2/8/2024,Ажилчдын хэрэглээ,Ундаа Amino 330ml Passion fruit,24,57136.74
98,PN Gold's,2486,2/8/2024,Ажилчдын хэрэглээ,Club mate 330мл,24,74194.02
99,PN Gold's,2486,2/8/2024,Ажилчдын хэрэглээ,Hyper mass sample 65g vanilla,15,24351.68
100,PN Gold's,2486,2/8/2024,Ажилчдын хэрэглээ,Protein bar 15*55g Choco caramel,8,26754.75
101,PN Gold's,2721,3/4/2024,Ажилчдын хэрэглээ,Collagen vibe 330мл,24,58353.67
102,PN Gold's,2721,3/4/2024,Ажилчдын хэрэглээ,Crush Bar,3,19060.6
103,PN Gold's,2721,3/4/2024,Ажилчдын хэрэглээ,L-Carnitine powder 300g,1,35271.39
104,PN Gold's,2721,3/4/2024,Ажилчдын хэрэглээ,Omega 3 /90ш/,2,25192.46
105,PN Gold's,2721,3/4/2024,Ажилчдын хэрэглээ,ZMA 60ш,1,7145.76
106,PN Gold's,2721,3/4/2024,Ажилчдын хэрэглээ,Zero bar,1,5730.87
107,PN Gold's,2721,3/4/2024,Ажилчдын хэрэглээ,Club mate 500мл,20,65205.17
108,PN Gold's,2721,3/4/2024,Ажилчдын хэрэглээ,ISO Whey 500гр,2,116723.51
109,PN Gold's,2911,4/2/2024,Ажилчдын хэрэглээ,Hyper Mass 1000гр,1,45278.02
110,PN Gold's,2911,4/2/2024,Ажилчдын хэрэглээ,Club mate 500мл,20,65205.18
111,PN Gold's,2911,4/2/2024,Ажилчдын хэрэглээ,L-Carnitine powder 300g,1,35271.39
112,PN Gold's,2911,4/2/2024,Ажилчдын хэрэглээ,Collagen vibe 330мл,24,58353.67
113,PN Gold's,2911,4/2/2024,Ажилчдын хэрэглээ,Nitrox 680гр,1,57540.16
114,PN Gold's,2911,4/2/2024,Ажилчдын хэрэглээ,Zero bar,5,28654.37
115,PN Gold's,2911,4/2/2024,Ажилчдын хэрэглээ,ISO Whey 500гр,2,116730.79
116,PN Gold's,2911,4/2/2024,Ажилчдын хэрэглээ,Multivitamin  90ш,3,38857.22
117,PN Gold's,3179,5/9/2024,Ажилчдын хэрэглээ,Multivitamin  90ш,4,51809.62
118,PN Gold's,3179,5/9/2024,Ажилчдын хэрэглээ,Nitrox sample,5,22392.64
119,PN Gold's,3179,5/9/2024,Ажилчдын хэрэглээ,Club mate 500мл,18,58684.66
120,PN Gold's,3179,5/9/2024,Ажилчдын хэрэглээ,L-Carnitine powder 300g,1,35271.39
121,PN Gold's,3179,5/9/2024,Ажилчдын хэрэглээ,Crush Bar,6,36158.48
122,PN Gold's,3179,5/9/2024,Ажилчдын хэрэглээ,Collagen vibe 330мл,24,58353.71
123,PN Gold's,3179,5/9/2024,Ажилчдын хэрэглээ,ISO Whey sample,22,64987.99
124,PN Gold's,3179,5/9/2024,Ажилчдын хэрэглээ,Omega 3 /90ш/,1,12596.23
125,PN Gold's,3179,5/9/2024,Ажилчдын хэрэглээ,Hyper Mass 1000гр,2,90556.03
126,PN Gold's,3419,6/11/2024,Ажилчдын хэрэглээ,"Hair, Skin & Nails 54 caps",1,27857.07
127,PN Gold's,3419,6/11/2024,Ажилчдын хэрэглээ,Collagen vibe 330мл,24,58353.98
128,PN Gold's,3419,6/11/2024,Ажилчдын хэрэглээ,Hyper mass sample,6,19882.34
129,PN Gold's,3419,6/11/2024,Ажилчдын хэрэглээ,L-Carnitine 100.000,2,100843.79
130,PN Gold's,3419,6/11/2024,Ажилчдын хэрэглээ,MSM+ Vitamin C 150g,2,42808.35
131,PN Gold's,3419,6/11/2024,Ажилчдын хэрэглээ,Shaker 600ml,1,4425.1
132,PN Gold's,3419,6/11/2024,Ажилчдын хэрэглээ,EAA Zero 350гр,1,76454.87
133,PN Gold's,3577,7/9/2024,Ажилчдын хэрэглээ,Collagen vibe 330мл,64,155610.6
134,PN Gold's,3577,7/9/2024,Ажилчдын хэрэглээ,L-Carnitine powder 300g,1,35271.39
135,PN Gold's,3577,7/9/2024,Ажилчдын хэрэглээ,L-Carnitine 100.000,1,50421.9
136,PN Gold's,3681,8/1/2024,Ажилчдын хэрэглээ,Collagen vibe 330мл,24,58353.98
137,PN Gold's,3682,8/1/2024,Ажилчдын хэрэглээ,ISO Whey 500гр,2,101453.98
138,PN Gold's,3682,8/1/2024,Ажилчдын хэрэглээ,Hyper mass sample,2,8334.12
139,PN Gold's,3682,8/1/2024,Ажилчдын хэрэглээ,L-Carnitine 100.000,1,50421.9
140,PN Gold's,3682,8/1/2024,Ажилчдын хэрэглээ,L-Carnitine shot,2,7353.64
141,PN Gold's,3682,8/1/2024,Ажилчдын хэрэглээ,Hyper Mass 1000гр,1,46573.03
142,PN Gold's,3685,8/1/2024,Акт,Collagen vibe 330мл,2,4862.83
143,PN Gold's,3849,9/1/2024,Ажилчдын хэрэглээ,ISO Whey 500гр,1,50726.99
144,PN Gold's,3849,9/1/2024,Ажилчдын хэрэглээ,Collagen vibe 330мл,24,58353.97
145,PN Gold's,3849,9/1/2024,Ажилчдын хэрэглээ,Omega 3 /90ш/,10,145662.39
146,PN Gold's,3849,9/1/2024,Ажилчдын хэрэглээ,ZMA 60ш,1,7763.28
147,PN Gold's,4245,10/26/2024,Маркетингийн хэрэглээ,Protein bar nanosupps,45,209127.65
148,PN Gold's,4268,10/30/2024,Ажилчдын хэрэглээ,Collagen vibe 330мл,25,60784.69
149,PN Gold's,4268,10/30/2024,Ажилчдын хэрэглээ,ISO Whey 500гр,3,160832.3
150,PN Gold's,4268,10/30/2024,Ажилчдын хэрэглээ,Vitamin D3 K2 /60ш/,1,7434.81
151,PN Gold's,4268,10/30/2024,Ажилчдын хэрэглээ,Omega 3 /90ш/,1,14566.24
152,PN Gold's,4268,10/30/2024,Ажилчдын хэрэглээ,Protein cream 400гр,2,28100.84
153,PN Gold's,4268,10/30/2024,Ажилчдын хэрэглээ,Power BCAA,1,38701.48
154,PN Gold's,4268,10/30/2024,Ажилчдын хэрэглээ,Protein bar nanosupps,9,41825.53
155,PN Gold's,4268,10/30/2024,Ажилчдын хэрэглээ,L-Carnitine 100.000,1,50421.89
156,PN Gold's,4292,11/3/2024,Ажилчдын хэрэглээ,Power BCAA,1,38701.49
157,PN Gold's,4292,11/3/2024,Ажилчдын хэрэглээ,ISO Whey 500гр,4,225799.85
158,PN Gold's,4292,11/3/2024,Ажилчдын хэрэглээ,L-Carnitine 100.000,1,61509.96
159,PN Gold's,4292,11/3/2024,Ажилчдын хэрэглээ,Crush Bar,1,6202.68
160,PN Gold's,4292,11/3/2024,Ажилчдын хэрэглээ,Protein bar nanosupps,2,9294.56
161,PN Gold's,4292,11/3/2024,Ажилчдын хэрэглээ,Hyper mass sample,1,3605.11
162,PN Gold's,4292,11/3/2024,Ажилчдын хэрэглээ,Protein snap,1,0
163,PN Gold's,4292,11/3/2024,Ажилчдын хэрэглээ,Nitrox sample,2,4132.89
164,PN Gold's,4443,12/1/2024,Ажилчдын хэрэглээ,Protein wafer,1,0
165,PN Gold's,4443,12/1/2024,Ажилчдын хэрэглээ,ISO Whey 500гр,3,169349.89
166,PN Gold's,4443,12/1/2024,Ажилчдын хэрэглээ,Protein cream 400гр,3,42151.27
167,PN Gold's,4443,12/1/2024,Ажилчдын хэрэглээ,Hyper Mass 1000гр,3,129187.29
168,PN Gold's,4624,1/5/2025,Ажилчдын хэрэглээ,Hyper Mass 1000гр,1,45386.37
169,PN Gold's,4624,1/5/2025,Ажилчдын хэрэглээ,ISO Whey 500гр,1,56996
170,PN Gold's,4624,1/5/2025,Ажилчдын хэрэглээ,ZMA 60ш,1,7763.2
171,PN Gold's,4624,1/5/2025,Ажилчдын хэрэглээ,Protein bar nanosupps,1,-4471.79
172,PN Gold's,4625,1/5/2025,Ажилчдын хэрэглээ,Hyper Mass 1000гр,1,45386.37
173,PN Gold's,4625,1/5/2025,Ажилчдын хэрэглээ,Magna shot 25ml,1,3881.68
174,PN Gold's,4625,1/5/2025,Ажилчдын хэрэглээ,ISO Whey 500гр,1,56996
175,PN Gold's,4625,1/5/2025,Ажилчдын хэрэглээ,Protein bar nanosupps,4,-17887.16
176,PN Gold's,4626,1/5/2025,Ажилчдын хэрэглээ,ISO Whey 500гр,2,113992
177,PN Gold's,4626,1/5/2025,Ажилчдын хэрэглээ,Protein bar nanosupps,6,-26830.74
178,PN Gold's,4804,2/2/2025,Ажилчдын хэрэглээ,Power Whey 2250гр,1,120539.23
179,PN Gold's,4805,2/2/2025,Ажилчдын хэрэглээ,Vitamin D3 K2 /60ш/,1,7435.07
180,PN Gold's,4805,2/2/2025,Ажилчдын хэрэглээ,Omega 3 /90ш/,2,29131.17
181,PN Gold's,4805,2/2/2025,Ажилчдын хэрэглээ,ZMA 60ш,2,15526.4
182,PN Gold's,4805,2/2/2025,Ажилчдын хэрэглээ,ISO Whey 500гр,1,57136.35
183,PN Gold's,4806,2/2/2025,Ажилчдын хэрэглээ,ISO Whey 500гр,1,57136.35
184,PN Gold's,4806,2/2/2025,Ажилчдын хэрэглээ,L-Carnitine 100.000,1,136906.32
185,PN Gold's,4954,3/6/2025,Ажилчдын хэрэглээ,ISO Whey 500гр,1,57136.35
186,PN Gold's,4954,3/6/2025,Ажилчдын хэрэглээ,L-Carnitine 100.000,1,136906.31
187,PN Gold's,4955,3/6/2025,Ажилчдын хэрэглээ,Nitrox 680гр,1,108595.23
188,PN Gold's,4955,3/6/2025,Ажилчдын хэрэглээ,Shaker 600ml,2,9174.13
189,PN Gold's,4956,3/6/2025,Ажилчдын хэрэглээ,Power Creatine 300гр,1,52563.59
190,PN Gold's,4956,3/6/2025,Ажилчдын хэрэглээ,Nitrox 680гр,1,108595.24
191,PN Store,11,3/20/2023,Сурталчилгаанд хөл бөмбөгийн эрэгтэй шигшээ багт ивээн тэтгэлэгээр өгөв,Power Amino,2,53750.83
192,PN Store,11,3/20/2023,Сурталчилгаанд хөл бөмбөгийн эрэгтэй шигшээ багт ивээн тэтгэлэгээр өгөв,ZMA 60ш,4,28598.43
193,PN Store,11,3/20/2023,Сурталчилгаанд хөл бөмбөгийн эрэгтэй шигшээ багт ивээн тэтгэлэгээр өгөв,Energy Gel 60g Professional Orange,60,182458.83
194,PN Store,12,3/20/2023,Сурталчилгаанд Бямбацогтод өгөв.,Power professional,1,32282.68
195,PN Store,13,3/20/2023,Сурталчилгаанд /3.18наас хойшхи testo uramshuulal vit C niit hasalt hiiv/,Vitamin C 60ш,4,47518.11
196,PN Store,27,3/21/2023,Сурталчилгаанд хэрэглээ өгөв 50800 төгрөг хэтрэлттэй дараа сар дээр хасаж бодно,L-Carnitine drink 500ml- Strawberry kiwi,24,82993.2
197,PN Store,27,3/21/2023,Сурталчилгаанд хэрэглээ өгөв 50800 төгрөг хэтрэлттэй дараа сар дээр хасаж бодно,Oatmeal 1kg apple&banana,1,27956.6
198,PN Store,27,3/21/2023,Сурталчилгаанд хэрэглээ өгөв 50800 төгрөг хэтрэлттэй дараа сар дээр хасаж бодно,MSM+ Vitamin C 150g,2,37126.11
199,PN Store,27,3/21/2023,Сурталчилгаанд хэрэглээ өгөв 50800 төгрөг хэтрэлттэй дараа сар дээр хасаж бодно,EAA Zero 350g Lemon,1,50908.2
200,PN Store,27,3/21/2023,Сурталчилгаанд хэрэглээ өгөв 50800 төгрөг хэтрэлттэй дараа сар дээр хасаж бодно,L-Carnitine drink 500ml Apple peach,12,40815.54
201,PN Store,27,3/21/2023,Сурталчилгаанд хэрэглээ өгөв 50800 төгрөг хэтрэлттэй дараа сар дээр хасаж бодно,Tribooster 60ш,1,31641.9
202,PN Store,27,3/21/2023,Сурталчилгаанд хэрэглээ өгөв 50800 төгрөг хэтрэлттэй дараа сар дээр хасаж бодно,Ice cream 500g chocolate,1,29181.62
203,PN Store,27,3/21/2023,Сурталчилгаанд хэрэглээ өгөв 50800 төгрөг хэтрэлттэй дараа сар дээр хасаж бодно,Ice cream 500g strawberry,1,29181.62
204,PN Store,27,3/21/2023,Сурталчилгаанд хэрэглээ өгөв 50800 төгрөг хэтрэлттэй дараа сар дээр хасаж бодно,Ундаа Collagen vibe 330ml Pineapple coconut,8,11546.83
205,PN Store,27,3/21/2023,Сурталчилгаанд хэрэглээ өгөв 50800 төгрөг хэтрэлттэй дараа сар дээр хасаж бодно,Glucosamine 60caps,1,21247.2
206,PN Store,27,3/21/2023,Сурталчилгаанд хэрэглээ өгөв 50800 төгрөг хэтрэлттэй дараа сар дээр хасаж бодно,Ундаа Amino 330ml Passion fruit,4,9276.99
207,PN Store,27,3/21/2023,Сурталчилгаанд хэрэглээ өгөв 50800 төгрөг хэтрэлттэй дараа сар дээр хасаж бодно,Ундаа Collagen vibe 330ml Mojito,6,9349.35
208,PN Store,27,3/21/2023,Сурталчилгаанд хэрэглээ өгөв 50800 төгрөг хэтрэлттэй дараа сар дээр хасаж бодно,Ундаа Amino 330ml Lemon soda,2,4104.32
209,PN Store,27,3/21/2023,Сурталчилгаанд хэрэглээ өгөв 50800 төгрөг хэтрэлттэй дараа сар дээр хасаж бодно,Arthro forte 340g blackcurrent,1,57511.22
210,PN Store,27,3/21/2023,Сурталчилгаанд хэрэглээ өгөв 50800 төгрөг хэтрэлттэй дараа сар дээр хасаж бодно,Ундаа Amino 330ml Waikiki,4,9386.94
211,PN Store,42,3/22/2023,Сурталчилгаанд  3 сарын хэрэглээ өгөв,Ундаа Amino 330ml Passion fruit,12,27830.98
212,PN Store,42,3/22/2023,Сурталчилгаанд  3 сарын хэрэглээ өгөв,Ундаа Amino 330ml Waikiki,12,28160.83
213,PN Store,42,3/22/2023,Сурталчилгаанд  3 сарын хэрэглээ өгөв,Arthro forte 340g blackcurrent,1,57511.22
214,PN Store,42,3/22/2023,Сурталчилгаанд  3 сарын хэрэглээ өгөв,EAA Zero 350g blue grape,2,101816.16
215,PN Store,42,3/22/2023,Сурталчилгаанд  3 сарын хэрэглээ өгөв,Power Mass - Chocolate 5kg,1,96138.65
216,PN Store,42,3/22/2023,Сурталчилгаанд  3 сарын хэрэглээ өгөв,Hyper Mass - Caramel cappuchino 1kg,1,28455.15
217,PN Store,42,3/22/2023,Сурталчилгаанд  3 сарын хэрэглээ өгөв,Power BCAA - Green apple 1х*6ш*420гр,1,34155.51
218,PN Store,42,3/22/2023,Сурталчилгаанд  3 сарын хэрэглээ өгөв,Vitamin D3 K2 /60ш/,1,6781.51
219,PN Store,51,3/23/2023,Сурталчилгаанд 3 сарын хэрэглээ,Ундаа Amino 330ml Super pear,2,3774.1
220,PN Store,51,3/23/2023,Сурталчилгаанд 3 сарын хэрэглээ,Ундаа Amino 330ml Lemon soda,2,4104.32
221,PN Store,51,3/23/2023,Сурталчилгаанд 3 сарын хэрэглээ,Ундаа Amino 330ml Waikiki,5,11733.68
222,PN Store,51,3/23/2023,Сурталчилгаанд 3 сарын хэрэглээ,Ундаа Collagen vibe 330ml Mojito,5,7791.12
223,PN Store,51,3/23/2023,Сурталчилгаанд 3 сарын хэрэглээ,Ундаа Collagen vibe 330ml Pineapple coconut,5,7216.77
224,PN Store,51,3/23/2023,Сурталчилгаанд 3 сарын хэрэглээ,Ундаа Amino 330ml Passion fruit,2,4638.5
225,PN Store,51,3/23/2023,Сурталчилгаанд 3 сарын хэрэглээ,Ундаа Collagen vibe 330ml Passion fruit,5,7990.5
226,PN Store,51,3/23/2023,Сурталчилгаанд 3 сарын хэрэглээ,Ундаа Amino 330ml Raspberry,4,8603.73
227,PN Store,65,3/24/2023,Сурталчилгаанд/ Shangrilla-d/,Ундаа Collagen vibe 330ml Passion fruit,56,89493.64
228,PN Store,65,3/24/2023,Сурталчилгаанд/ Shangrilla-d/,Ундаа Collagen vibe 330ml Mojito,72,112192.19
229,PN Store,65,3/24/2023,Сурталчилгаанд/ Shangrilla-d/,Ундаа Collagen vibe 330ml Pineapple coconut,72,103921.46
230,PN Store,66,3/24/2023,Хагарсан бараа актлав,Ундаа Amino 330ml Lemon soda,9,18469.43
231,PN Store,66,3/24/2023,Хагарсан бараа актлав,Ундаа Amino 330ml Passion fruit,19,44065.71
232,PN Store,66,3/24/2023,Хагарсан бараа актлав,Ундаа Amino 330ml Waikiki,4,9386.94
233,PN Store,66,3/24/2023,Хагарсан бараа актлав,Ундаа Amino 330ml cucumber lime,65,29957.71
234,PN Store,66,3/24/2023,Хагарсан бараа актлав,Ундаа Amino 330ml Raspberry,28,60226.11
235,PN Store,66,3/24/2023,Хагарсан бараа актлав,Protein cream 400g Caramel,4,0
236,PN Store,66,3/24/2023,Хагарсан бараа актлав,Power Mass - Chocolate 5kg,1,96138.66
237,PN Store,77,3/25/2023,Сурталчилгаанд/3sariin hereglee /,Ундаа Amino 330ml Passion fruit,6,13915.49
238,PN Store,77,3/25/2023,Сурталчилгаанд/3sariin hereglee /,Ундаа Collagen vibe 330ml Passion fruit,3,4794.3
239,PN Store,77,3/25/2023,Сурталчилгаанд/3sariin hereglee /,Ундаа Collagen vibe 330ml Mojito,6,9349.35
240,PN Store,77,3/25/2023,Сурталчилгаанд/3sariin hereglee /,Ундаа Collagen vibe 330ml Pineapple coconut,3,4330.06
241,PN Store,77,3/25/2023,Сурталчилгаанд/3sariin hereglee /,Ундаа Amino 330ml Raspberry,6,12905.6
242,PN Store,77,3/25/2023,Сурталчилгаанд/3sariin hereglee /,Ундаа Amino 330ml cucumber lime,6,2765.33
243,PN Store,82,3/26/2023,Сурталчилгаанд/ 3sar hamt/,EAA Zero 350g Lemon,1,50908.2
244,PN Store,82,3/26/2023,Сурталчилгаанд/ 3sar hamt/,L-Carnitine drink 500ml- Strawberry kiwi,3,10374.15
245,PN Store,82,3/26/2023,Сурталчилгаанд/ 3sar hamt/,Protein cream 400g peanut butter smooth,1,12695.71
246,PN Store,82,3/26/2023,Сурталчилгаанд/ 3sar hamt/,Nitrox - Peach 680гр,1,55899.78
247,PN Store,82,3/26/2023,Сурталчилгаанд/ 3sar hamt/,Protan DIY,1,61756.98
248,PN Store,82,3/26/2023,Сурталчилгаанд/ 3sar hamt/,L-Glutamine 240гр,5,148895.1
249,PN Store,82,3/26/2023,Сурталчилгаанд/ 3sar hamt/,L-Carnitine drink 500ml Apple peach,3,10203.89
250,PN Store,82,3/26/2023,Сурталчилгаанд/ 3sar hamt/,EAA Zero 350g blue grape,1,50908.08
251,PN Store,82,3/26/2023,Сурталчилгаанд/ 3sar hamt/,Ундаа Amino 330ml Raspberry,8,17207.46
252,PN Store,82,3/26/2023,Сурталчилгаанд/ 3sar hamt/,Ундаа Collagen vibe 330ml Pineapple coconut,6,8660.12
253,PN Store,82,3/26/2023,Сурталчилгаанд/ 3sar hamt/,Ундаа Amino 330ml Passion fruit,8,18553.99
254,PN Store,82,3/26/2023,Сурталчилгаанд/ 3sar hamt/,Ундаа Collagen vibe 330ml Passion fruit,6,9588.6
255,PN Store,82,3/26/2023,Сурталчилгаанд/ 3sar hamt/,Ундаа Amino 330ml Waikiki,24,56321.66
256,PN Store,82,3/26/2023,Сурталчилгаанд/ 3sar hamt/,Ундаа Amino 330ml Super pear,8,15096.4
257,PN Store,91,3/27/2023,Сурталчилгаанд/ belegend uguv tsetsegtei hamt/,Ундаа Collagen vibe 330ml Mojito,5,7791.12
258,PN Store,91,3/27/2023,Сурталчилгаанд/ belegend uguv tsetsegtei hamt/,Ундаа Collagen vibe 330ml Pineapple coconut,10,14433.54
259,PN Store,116,3/29/2023,Хугацаа дууссан бараа актлав,Ундаа Collagen vibe 330ml Passion fruit,2,3196.2
260,PN Store,116,3/29/2023,Хугацаа дууссан бараа актлав,Club mate 500мл,145,362737.77
261,PN Store,116,3/29/2023,Хугацаа дууссан бараа актлав,Ундаа Collagen vibe 330ml Pineapple coconut,1,1443.35
262,PN Store,117,3/29/2023,Сурталчилгаанд зураг авалтанд,Ундаа Collagen vibe 330ml Pineapple coconut,1,1443.35
263,PN Store,117,3/29/2023,Сурталчилгаанд зураг авалтанд,Ундаа Collagen vibe 330ml Mojito,1,1558.22
264,PN Store,117,3/29/2023,Сурталчилгаанд зураг авалтанд,Ундаа Collagen vibe 330ml Passion fruit,1,1598.1
265,PN Store,126,3/30/2023,Хагарсан бараа актлав,Power Mass - Chocolate 5kg,1,96138.77
266,PN Store,126,3/30/2023,Хагарсан бараа актлав,Hyper Mass - Vanilla 1kg,1,27963.95
267,PN Store,126,3/30/2023,Хагарсан бараа актлав,Ундаа Amino 330ml Passion fruit,7,16234.74
268,PN Store,126,3/30/2023,Хагарсан бараа актлав,Ундаа Amino 330ml cucumber lime,6,2765.33
269,PN Store,126,3/30/2023,Хагарсан бараа актлав,Ундаа Amino 330ml Raspberry,3,6452.8
270,PN Store,126,3/30/2023,Хагарсан бараа актлав,Protein cream 400g Caramel,3,0
271,PN Store,126,3/30/2023,Хагарсан бараа актлав,Ундаа Amino 330ml Lemon soda,2,4104.32
272,PN Store,126,3/30/2023,Хагарсан бараа актлав,Ундаа Amino 330ml Watermelon,2,4653.38
273,PN Store,126,3/30/2023,Хагарсан бараа актлав,Ундаа Amino 330ml Super pear,3,5661.15
274,PN Store,126,3/30/2023,Хагарсан бараа актлав,Ундаа Amino 330ml Waikiki,2,4693.47
275,PN Store,127,3/30/2023,Сурталчилгаанд Захирлын зардал,Nitrox - Cranberry 680гр,1,58150.22
276,PN Store,128,3/30/2023,Сурталчилгаанд хулангийн бичлэгэнд,Sleep & Relax 450g,1,40514.09
277,PN Store,129,3/30/2023,Сурталчилгаанд  Мэргэжлийн хяналт руу гаргав. All star mass,Shaker 600ml,1,5622.78
278,PN Store,129,3/30/2023,Сурталчилгаанд  Мэргэжлийн хяналт руу гаргав. All star mass,MSM+ Vitamin C 150g,1,18563.05
279,PN Store,144,4/1/2023,Сурталчилгаанд(Подкастны гарын бэлэг болон үзүүлэнгийн ундаа авсан),Ундаа Amino 330ml Super pear,1,1887.05
280,PN Store,144,4/1/2023,Сурталчилгаанд(Подкастны гарын бэлэг болон үзүүлэнгийн ундаа авсан),Ундаа Amino 330ml Waikiki,2,4693.47
281,PN Store,144,4/1/2023,Сурталчилгаанд(Подкастны гарын бэлэг болон үзүүлэнгийн ундаа авсан),Energy Gel 60g Professional Orange,1,3040.98
282,PN Store,144,4/1/2023,Сурталчилгаанд(Подкастны гарын бэлэг болон үзүүлэнгийн ундаа авсан),Ундаа Amino 330ml Raspberry,1,2150.93
283,PN Store,144,4/1/2023,Сурталчилгаанд(Подкастны гарын бэлэг болон үзүүлэнгийн ундаа авсан),L-Carnitine shot,1,3086.44
284,PN Store,144,4/1/2023,Сурталчилгаанд(Подкастны гарын бэлэг болон үзүүлэнгийн ундаа авсан),ZMA 60ш,1,7149.61
285,PN Store,144,4/1/2023,Сурталчилгаанд(Подкастны гарын бэлэг болон үзүүлэнгийн ундаа авсан),Ундаа Collagen vibe 330ml Passion fruit,2,3196.2
286,PN Store,144,4/1/2023,Сурталчилгаанд(Подкастны гарын бэлэг болон үзүүлэнгийн ундаа авсан),Ундаа Collagen vibe 330ml Mojito,1,1558.22
287,PN Store,144,4/1/2023,Сурталчилгаанд(Подкастны гарын бэлэг болон үзүүлэнгийн ундаа авсан),Ундаа Collagen vibe 330ml Pineapple coconut,1,1443.35
288,PN Store,154,4/3/2023,"Сурталчилгаанд1,2,3,4,сарын хэрэглээ",Shaker 600ml /угсардаг нэмэлттэй/ таслагчтай,1,10780.99
289,PN Store,154,4/3/2023,"Сурталчилгаанд1,2,3,4,сарын хэрэглээ",Ice cream 500g chocolate,1,29181.62
290,PN Store,154,4/3/2023,"Сурталчилгаанд1,2,3,4,сарын хэрэглээ",Power BCAA - Watermelon 420g,1,34035.29
291,PN Store,154,4/3/2023,"Сурталчилгаанд1,2,3,4,сарын хэрэглээ",Nitrox - Cranberry 680гр,2,116300.43
292,PN Store,154,4/3/2023,"Сурталчилгаанд1,2,3,4,сарын хэрэглээ",Oatmeal 1kg apple&banana,1,0
293,PN Store,154,4/3/2023,"Сурталчилгаанд1,2,3,4,сарын хэрэглээ",L-Carnitine drink 500ml Apple peach,2,6802.59
294,PN Store,154,4/3/2023,"Сурталчилгаанд1,2,3,4,сарын хэрэглээ",Protein cream 400g White chocolate Hazelnut,1,12628.94
295,PN Store,154,4/3/2023,"Сурталчилгаанд1,2,3,4,сарын хэрэглээ",Ундаа Amino 330ml Raspberry,3,6452.8
296,PN Store,154,4/3/2023,"Сурталчилгаанд1,2,3,4,сарын хэрэглээ",Ундаа Amino 330ml Lemon soda,3,6156.48
297,PN Store,154,4/3/2023,"Сурталчилгаанд1,2,3,4,сарын хэрэглээ",Ice cream 500g strawberry,1,29181.62
298,PN Store,154,4/3/2023,"Сурталчилгаанд1,2,3,4,сарын хэрэглээ",Tribooster 60ш,3,94925.71
299,PN Store,154,4/3/2023,"Сурталчилгаанд1,2,3,4,сарын хэрэглээ",Ундаа Collagen vibe 330ml Mojito,4,6232.9
300,PN Store,154,4/3/2023,"Сурталчилгаанд1,2,3,4,сарын хэрэглээ",Ундаа Amino 330ml Waikiki,5,11733.68
301,PN Store,154,4/3/2023,"Сурталчилгаанд1,2,3,4,сарын хэрэглээ",Ундаа Collagen vibe 330ml Passion fruit,6,9588.6
302,PN Store,159,4/4/2023,"Сурталчилгаанд/ bella vista, urangan, women fitness, naadam,profit amtalgaand/",Ундаа Collagen vibe 330ml Mojito,24,37397.4
303,PN Store,159,4/4/2023,"Сурталчилгаанд/ bella vista, urangan, women fitness, naadam,profit amtalgaand/",Ундаа Collagen vibe 330ml Passion fruit,24,38354.42
304,PN Store,159,4/4/2023,"Сурталчилгаанд/ bella vista, urangan, women fitness, naadam,profit amtalgaand/",Ундаа Amino 330ml Raspberry,24,51622.38
305,PN Store,159,4/4/2023,"Сурталчилгаанд/ bella vista, urangan, women fitness, naadam,profit amtalgaand/",Ундаа Collagen vibe 330ml Pineapple coconut,24,34640.49
306,PN Store,159,4/4/2023,"Сурталчилгаанд/ bella vista, urangan, women fitness, naadam,profit amtalgaand/",Ундаа Amino 330ml Super pear,24,45289.2
307,PN Store,160,4/4/2023,Сурталчилгаанд 4 сарын хэрэглээ,Nitrox - Cranberry 680гр,1,58150.22
308,PN Store,160,4/4/2023,Сурталчилгаанд 4 сарын хэрэглээ,MSM+ Vitamin C 150g,2,37126.11
309,PN Store,160,4/4/2023,Сурталчилгаанд 4 сарын хэрэглээ,Shaker 600ml,1,5622.78
310,PN Store,160,4/4/2023,Сурталчилгаанд 4 сарын хэрэглээ,Ундаа Collagen vibe 330ml Passion fruit,9,14382.91
311,PN Store,160,4/4/2023,Сурталчилгаанд 4 сарын хэрэглээ,Ундаа Amino 330ml Raspberry,11,23660.26
312,PN Store,160,4/4/2023,Сурталчилгаанд 4 сарын хэрэглээ,Ундаа Collagen vibe 330ml Mojito,8,12465.8
313,PN Store,160,4/4/2023,Сурталчилгаанд 4 сарын хэрэглээ,Ундаа Collagen vibe 330ml Pineapple coconut,2,2886.71
314,PN Store,176,4/5/2023,Сурталчилгаанд,Ундаа Amino 330ml Waikiki,2,4693.47
315,PN Store,176,4/5/2023,Сурталчилгаанд,Ундаа Amino 330ml Lemon soda,2,4104.32
316,PN Store,176,4/5/2023,Сурталчилгаанд,Ундаа Collagen vibe 330ml Mojito,8,12465.8
317,PN Store,176,4/5/2023,Сурталчилгаанд,Ундаа Amino 330ml Raspberry,2,4301.87
318,PN Store,176,4/5/2023,Сурталчилгаанд,Ундаа Amino 330ml Passion fruit,2,4638.5
319,PN Store,176,4/5/2023,Сурталчилгаанд,Ундаа Collagen vibe 330ml Passion fruit,7,11186.7
320,PN Store,176,4/5/2023,Сурталчилгаанд,Ундаа Collagen vibe 330ml Pineapple coconut,5,7216.77
321,PN Store,176,4/5/2023,Сурталчилгаанд,Ундаа Amino 330ml Super pear,2,3774.1
322,PN Store,177,4/5/2023,Сурталчилгаанд/ commentiin beleg bolgon uguv/,MSM+ Vitamin C 150g,1,18563.05
323,PN Store,178,4/5/2023,"Сурталчилгаанд/ golds ,king uramshuulal/",Ундаа Amino 330ml Passion fruit,24,55661.96
324,PN Store,178,4/5/2023,"Сурталчилгаанд/ golds ,king uramshuulal/",Ундаа Collagen vibe 330ml Mojito,24,37397.39
325,PN Store,194,4/6/2023,Сурталчилгаанд(Учрал хамт хэрэглээгээ авсан),MSM+ Vitamin C 150g,1,18668.2
326,PN Store,194,4/6/2023,Сурталчилгаанд(Учрал хамт хэрэглээгээ авсан),Protein cream 400g White chocolate Hazelnut,1,12632.7
327,PN Store,194,4/6/2023,Сурталчилгаанд(Учрал хамт хэрэглээгээ авсан),L-Carnitine drink 500ml- Strawberry kiwi,1,4027.27
328,PN Store,194,4/6/2023,Сурталчилгаанд(Учрал хамт хэрэглээгээ авсан),Protein cream 400g peanut butter smooth,1,12638.09
329,PN Store,194,4/6/2023,Сурталчилгаанд(Учрал хамт хэрэглээгээ авсан),Vitamin D3 K2 /60ш/,1,6781.51
330,PN Store,194,4/6/2023,Сурталчилгаанд(Учрал хамт хэрэглээгээ авсан),Power Amino,2,53750.83
331,PN Store,194,4/6/2023,Сурталчилгаанд(Учрал хамт хэрэглээгээ авсан),Vitamin C 60ш,1,11879.53
332,PN Store,201,4/7/2023,Бараа материалын борлуулалтын урамшуулал,Ундаа Amino 330ml Passion fruit,24,55661.96
333,PN Store,202,4/7/2023,Сурталчилгаанд/marketing/,Ундаа Amino 330ml Raspberry,10,21509.33
334,PN Store,202,4/7/2023,Сурталчилгаанд/marketing/,Ундаа Amino 330ml Lemon soda,8,16417.27
335,PN Store,202,4/7/2023,Сурталчилгаанд/marketing/,Ундаа Amino 330ml Passion fruit,10,23192.48
336,PN Store,202,4/7/2023,Сурталчилгаанд/marketing/,Ундаа Amino 330ml Super pear,10,18870.5
337,PN Store,202,4/7/2023,Сурталчилгаанд/marketing/,Ундаа Amino 330ml Waikiki,10,23467.36
338,PN Store,203,4/7/2023,04/07 акт,Ундаа Amino 330ml Raspberry,13,27962.12
339,PN Store,203,4/7/2023,04/07 акт,Ундаа Amino 330ml Passion fruit,5,11596.24
340,PN Store,203,4/7/2023,04/07 акт,Ундаа Collagen vibe 330ml Passion fruit,1,1598.1
341,PN Store,203,4/7/2023,04/07 акт,Ундаа Amino 330ml Lemon soda,2,4104.32
342,PN Store,203,4/7/2023,04/07 акт,Ундаа Amino 330ml Super pear,51,96239.56
343,PN Store,203,4/7/2023,04/07 акт,Ундаа Amino 330ml Waikiki,1,2346.74
344,PN Store,203,4/7/2023,04/07 акт,Ундаа Amino 330ml cucumber lime,43,19818.18
345,PN Store,211,4/8/2023,Сурталчилгаанд(Хэрэглээ),Ундаа Collagen vibe 330ml Mojito,5,7791.12
346,PN Store,211,4/8/2023,Сурталчилгаанд(Хэрэглээ),Ундаа Collagen vibe 330ml Pineapple coconut,5,7216.77
347,PN Store,211,4/8/2023,Сурталчилгаанд(Хэрэглээ),Ундаа Amino 330ml Raspberry,5,10754.66
348,PN Store,211,4/8/2023,Сурталчилгаанд(Хэрэглээ),Ундаа Amino 330ml Waikiki,5,11733.68
349,PN Store,211,4/8/2023,Сурталчилгаанд(Хэрэглээ),Ундаа Amino 330ml Passion fruit,5,11596.24
350,PN Store,211,4/8/2023,Сурталчилгаанд(Хэрэглээ),Ундаа Collagen vibe 330ml Passion fruit,5,7990.5
351,PN Store,217,4/10/2023,Сурталчилгаанд(Дээд лигийн ивээн тэтгэлэг),L-Carnitine drink 500ml- Strawberry kiwi,7,28190.91
352,PN Store,217,4/10/2023,Сурталчилгаанд(Дээд лигийн ивээн тэтгэлэг),Ундаа Amino 330ml Raspberry,3,6452.8
353,PN Store,217,4/10/2023,Сурталчилгаанд(Дээд лигийн ивээн тэтгэлэг),L-Carnitine drink 500ml Apple peach,7,27027.43
354,PN Store,217,4/10/2023,Сурталчилгаанд(Дээд лигийн ивээн тэтгэлэг),Energy Gel 60g Professional Orange,14,42573.73
355,PN Store,217,4/10/2023,Сурталчилгаанд(Дээд лигийн ивээн тэтгэлэг),Ундаа Amino 330ml Passion fruit,3,6957.74
356,PN Store,217,4/10/2023,Сурталчилгаанд(Дээд лигийн ивээн тэтгэлэг),Ундаа Amino 330ml Waikiki,3,7040.21
357,PN Store,217,4/10/2023,Сурталчилгаанд(Дээд лигийн ивээн тэтгэлэг),Ундаа Amino 330ml Lemon soda,2,4104.32
358,PN Store,217,4/10/2023,Сурталчилгаанд(Дээд лигийн ивээн тэтгэлэг),Ундаа Amino 330ml Super pear,3,5661.15
359,PN Store,218,4/10/2023,Сурталчилгаанд(Хэрэглээ авав),Shaker 600ml /угсардаг нэмэлттэй/ таслагчтай,1,10780.99
360,PN Store,218,4/10/2023,Сурталчилгаанд(Хэрэглээ авав),Nitrox - Peach 680гр,1,57327.81
361,PN Store,218,4/10/2023,Сурталчилгаанд(Хэрэглээ авав),MSM+ Vitamin C 150g,1,18668.2
362,PN Store,218,4/10/2023,Сурталчилгаанд(Хэрэглээ авав),Glucosamine 60caps,1,21247.2
363,PN Store,219,4/10/2023,Сурталчилгаанд(Хэрэглээ авав),Power BCAA - Watermelon 420g,1,34035.28
364,PN Store,219,4/10/2023,Сурталчилгаанд(Хэрэглээ авав),ZMA 60ш,2,14299.22
365,PN Store,219,4/10/2023,Сурталчилгаанд(Хэрэглээ авав),Power Amino,1,26875.42
366,PN Store,219,4/10/2023,Сурталчилгаанд(Хэрэглээ авав),Ундаа Amino 330ml Super pear,12,22644.6
367,PN Store,219,4/10/2023,Сурталчилгаанд(Хэрэглээ авав),Power boost - Lemon 1х*6ш*360гр,1,32257.35
368,PN Store,219,4/10/2023,Сурталчилгаанд(Хэрэглээ авав),Ундаа Collagen vibe 330ml Pineapple coconut,12,17320.24
369,PN Store,224,4/11/2023,Сурталчилгаанд дээд лиг бартер,Power Mass - Vanilla 5kg,1,95346.77
370,PN Store,230,4/12/2023,Сурталчилгаанд/ Donno hereglee uguv neriin olsongue/,L-Carnitine drink 500ml Apple peach,7,27027.43
371,PN Store,230,4/12/2023,Сурталчилгаанд/ Donno hereglee uguv neriin olsongue/,L-Carnitine drink 500ml- Strawberry kiwi,3,12081.82
372,PN Store,230,4/12/2023,Сурталчилгаанд/ Donno hereglee uguv neriin olsongue/,Ундаа Amino 330ml Waikiki,2,4693.47
373,PN Store,230,4/12/2023,Сурталчилгаанд/ Donno hereglee uguv neriin olsongue/,Zero bar Chocolate 50g,8,35249.31
374,PN Store,230,4/12/2023,Сурталчилгаанд/ Donno hereglee uguv neriin olsongue/,Ундаа Amino 330ml Passion fruit,2,4638.5
375,PN Store,230,4/12/2023,Сурталчилгаанд/ Donno hereglee uguv neriin olsongue/,Ундаа Collagen vibe 330ml Passion fruit,8,12784.81
376,PN Store,230,4/12/2023,Сурталчилгаанд/ Donno hereglee uguv neriin olsongue/,Ундаа Amino 330ml Raspberry,2,4301.87
377,PN Store,230,4/12/2023,Сурталчилгаанд/ Donno hereglee uguv neriin olsongue/,Crush Bar - Toffee coconut 64g,1,6205.27
378,PN Store,230,4/12/2023,Сурталчилгаанд/ Donno hereglee uguv neriin olsongue/,Ундаа Amino 330ml Lemon soda,2,4104.32
379,PN Store,230,4/12/2023,Сурталчилгаанд/ Donno hereglee uguv neriin olsongue/,Ундаа Amino 330ml Super pear,2,3774.1
380,PN Store,230,4/12/2023,Сурталчилгаанд/ Donno hereglee uguv neriin olsongue/,Ундаа Collagen vibe 330ml Mojito,6,9349.35
381,PN Store,230,4/12/2023,Сурталчилгаанд/ Donno hereglee uguv neriin olsongue/,Crush Bar - Cookiescream 64g,1,6205.29
382,PN Store,230,4/12/2023,Сурталчилгаанд/ Donno hereglee uguv neriin olsongue/,Zero bar Hazelnut 50g,9,39719.36
383,PN Store,230,4/12/2023,Сурталчилгаанд/ Donno hereglee uguv neriin olsongue/,Crush Bar - Chocolate 64g,1,6205.14
384,PN Store,230,4/12/2023,Сурталчилгаанд/ Donno hereglee uguv neriin olsongue/,Vitamin C 60ш,1,11879.53
385,PN Store,230,4/12/2023,Сурталчилгаанд/ Donno hereglee uguv neriin olsongue/,Ундаа Collagen vibe 330ml Pineapple coconut,6,8660.12
386,PN Store,231,4/12/2023,Сурталчилгаанд борлуулалтын урамшуулал,Ундаа Amino 330ml Raspberry,24,51622.38
387,PN Store,232,4/12/2023,Сурталчилгаанд/ 4 sar hereglee/,ISO Whey 500g - Chocolate,2,94125.67
388,PN Store,232,4/12/2023,Сурталчилгаанд/ 4 sar hereglee/,ISO Whey 500g - Pineapple mango,2,111863.89
389,PN Store,232,4/12/2023,Сурталчилгаанд/ 4 sar hereglee/,Protein bar 15*55g Caramel peanuts,9,30125.76
390,PN Store,232,4/12/2023,Сурталчилгаанд/ 4 sar hereglee/,Crush Bar - Toffee coconut 64g,12,74463.25
391,PN Store,232,4/12/2023,Сурталчилгаанд/ 4 sar hereglee/,EAA Zero 350g Lemon,1,50459.25
392,PN Store,232,4/12/2023,Сурталчилгаанд/ 4 sar hereglee/,Protein bar 15*55g Cookies cream,15,50209.6
393,PN Store,232,4/12/2023,Сурталчилгаанд/ 4 sar hereglee/,L-Carnitine drink 500ml Apple peach,36,138998.21
394,PN Store,233,4/12/2023,Сурталчилгаанд/ amtalgaand/,Zero bar Chocolate 50g,1,4406.16
395,PN Store,233,4/12/2023,Сурталчилгаанд/ amtalgaand/,Protein bar 15*55g Caramel peanuts,1,3347.31
396,PN Store,233,4/12/2023,Сурталчилгаанд/ amtalgaand/,Ундаа Amino 330ml Raspberry,6,12905.6
397,PN Store,233,4/12/2023,Сурталчилгаанд/ amtalgaand/,Ундаа Collagen vibe 330ml Mojito,6,9349.35
398,PN Store,233,4/12/2023,Сурталчилгаанд/ amtalgaand/,Ундаа Amino 330ml Waikiki,6,14080.41
399,PN Store,233,4/12/2023,Сурталчилгаанд/ amtalgaand/,Ундаа Collagen vibe 330ml Pineapple coconut,6,8660.12
400,PN Store,233,4/12/2023,Сурталчилгаанд/ amtalgaand/,Crush Bar - Toffee coconut 64g,1,6205.27
401,PN Store,234,4/12/2023,Сурталчилгаанд /наадамын менежерт/,Ундаа Collagen vibe 330ml Passion fruit,4,6392.4
402,PN Store,234,4/12/2023,Сурталчилгаанд /наадамын менежерт/,Ундаа Collagen vibe 330ml Pineapple coconut,4,5773.41
403,PN Store,234,4/12/2023,Сурталчилгаанд /наадамын менежерт/,Protein cream 400g White chocolate Hazelnut,3,37898.11
404,PN Store,234,4/12/2023,Сурталчилгаанд /наадамын менежерт/,Ундаа Collagen vibe 330ml Mojito,4,6232.9
405,PN Store,234,4/12/2023,Сурталчилгаанд /наадамын менежерт/,Vitamin C 60ш,3,35638.58
406,PN Store,253,4/13/2023,Сурталчилгаанд 4 сар хэрэглээ,Snack 12*45g BlueBerry,24,120705.92
407,PN Store,253,4/13/2023,Сурталчилгаанд 4 сар хэрэглээ,Snack 12*45g Peach,15,75441.2
408,PN Store,253,4/13/2023,Сурталчилгаанд 4 сар хэрэглээ,L-Carnitine drink 500ml Apple peach,6,23166.37
409,PN Store,253,4/13/2023,Сурталчилгаанд 4 сар хэрэглээ,Snack 12*45g Double Chocolate,12,60352.96
410,PN Store,253,4/13/2023,Сурталчилгаанд 4 сар хэрэглээ,Snack 12*45g Vanilla,12,60352.96
411,PN Store,253,4/13/2023,Сурталчилгаанд 4 сар хэрэглээ,L-Carnitine drink 500ml- Strawberry kiwi,6,24163.64
412,PN Store,253,4/13/2023,Сурталчилгаанд 4 сар хэрэглээ,L-Carnitine shot,20,61120.77
413,PN Store,253,4/13/2023,Сурталчилгаанд 4 сар хэрэглээ,Club mate 500мл,20,73776.94
414,PN Store,253,4/13/2023,Сурталчилгаанд 4 сар хэрэглээ,Snack 12*45g Caramel,12,60352.96
415,PN Store,254,4/13/2023,Сурталчилгаанд борлуулалтын урамшуулал,Ундаа Amino 330ml Passion fruit,24,55661.96
416,PN Store,255,4/13/2023,Сурталчилгаанд борлуулалтын урамшуулал,Ундаа Amino 330ml Raspberry,24,51622.38
417,PN Store,256,4/13/2023,Сурталчилгаанд борлуулалтын урамшуулал,Ундаа Amino 330ml Passion fruit,24,55661.96
418,PN Store,267,4/14/2023,Сурталчилгаанд /наадтын нээлт болон/ /fit гэрэлээ амталгаанд гаргав/,Nitrox sample - Blue grape 17g,1,2896.85
419,PN Store,267,4/14/2023,Сурталчилгаанд /наадтын нээлт болон/ /fit гэрэлээ амталгаанд гаргав/,ISO Whey sample - Chocolate 25g,1,3908.44
420,PN Store,267,4/14/2023,Сурталчилгаанд /наадтын нээлт болон/ /fit гэрэлээ амталгаанд гаргав/,Ундаа Collagen vibe 330ml Passion fruit,16,25569.61
421,PN Store,267,4/14/2023,Сурталчилгаанд /наадтын нээлт болон/ /fit гэрэлээ амталгаанд гаргав/,Ундаа Amino 330ml Passion fruit,10,23192.48
422,PN Store,267,4/14/2023,Сурталчилгаанд /наадтын нээлт болон/ /fit гэрэлээ амталгаанд гаргав/,Ундаа Collagen vibe 330ml Pineapple coconut,16,23093.66
423,PN Store,267,4/14/2023,Сурталчилгаанд /наадтын нээлт болон/ /fit гэрэлээ амталгаанд гаргав/,Ундаа Collagen vibe 330ml Mojito,16,24931.6
424,PN Store,267,4/14/2023,Сурталчилгаанд /наадтын нээлт болон/ /fit гэрэлээ амталгаанд гаргав/,Ундаа Amino 330ml Lemon soda,10,20521.59
425,PN Store,267,4/14/2023,Сурталчилгаанд /наадтын нээлт болон/ /fit гэрэлээ амталгаанд гаргав/,Ундаа Amino 330ml Waikiki,6,14080.41
426,PN Store,267,4/14/2023,Сурталчилгаанд /наадтын нээлт болон/ /fit гэрэлээ амталгаанд гаргав/,Ундаа Amino 330ml Super pear,10,18870.5
427,PN Store,278,4/15/2023,Сурталчилгаанд/4sariinn hergelee hamt/,ISO Whey 500g - Pineapple mango,3,167795.84
428,PN Store,278,4/15/2023,Сурталчилгаанд/4sariinn hergelee hamt/,Snack 12*45g Double Chocolate,1,5029.41
429,PN Store,278,4/15/2023,Сурталчилгаанд/4sariinn hergelee hamt/,Zero bar Hazelnut 50g,5,22066.31
430,PN Store,278,4/15/2023,Сурталчилгаанд/4sariinn hergelee hamt/,Hyper Mass - Vanilla 1kg,2,55927.9
431,PN Store,278,4/15/2023,Сурталчилгаанд/4sariinn hergelee hamt/,Crush Bar - Toffee coconut 64g,1,6205.27
432,PN Store,278,4/15/2023,Сурталчилгаанд/4sariinn hergelee hamt/,ISO Whey 500g - Hazelnut,3,167795.84
433,PN Store,278,4/15/2023,Сурталчилгаанд/4sariinn hergelee hamt/,Power Amino,4,107501.66
434,PN Store,278,4/15/2023,Сурталчилгаанд/4sariinn hergelee hamt/,Hyper Mass - Chocolate 1kg,2,59564.59
435,PN Store,278,4/15/2023,Сурталчилгаанд/4sariinn hergelee hamt/,ISO Whey 500g - White chocolate,3,167795.84
436,PN Store,278,4/15/2023,Сурталчилгаанд/4sariinn hergelee hamt/,Peanut butter 400g crunchy Biotech,1,12452.77
437,PN Store,284,4/16/2023,Сурталчилгаанд/4sar hereglee/,Snack 12*45g Double Chocolate,13,65382.37
438,PN Store,284,4/16/2023,Сурталчилгаанд/4sar hereglee/,Zero bar Chocolate 50g,20,88123.29
439,PN Store,284,4/16/2023,Сурталчилгаанд/4sar hereglee/,Peanut butter 400g crunchy Biotech,3,37358.32
440,PN Store,284,4/16/2023,Сурталчилгаанд/4sar hereglee/,ISO Whey 500g - Hazelnut,5,279659.73
441,PN Store,284,4/16/2023,Сурталчилгаанд/4sar hereglee/,Crush Bar - Chocolate 64g,2,12410.27
442,PN Store,284,4/16/2023,Сурталчилгаанд/4sar hereglee/,Protein bar 15*55g Choco caramel,2,6694.61
443,PN Store,288,4/17/2023,Хагарсан бараа актлав,ISO Whey 500g - Hazelnut,1,55931.95
444,PN Store,288,4/17/2023,Хагарсан бараа актлав,Ундаа Amino 330ml Super pear,20,37741
445,PN Store,288,4/17/2023,Хагарсан бараа актлав,Ундаа Collagen vibe 330ml Pineapple coconut,1,1443.35
446,PN Store,288,4/17/2023,Хагарсан бараа актлав,Ундаа Amino 330ml Lemon soda,17,34886.7
447,PN Store,288,4/17/2023,Хагарсан бараа актлав,Ундаа Amino 330ml Passion fruit,32,74215.94
448,PN Store,288,4/17/2023,Хагарсан бараа актлав,Ундаа Collagen vibe 330ml Passion fruit,2,3196.2
449,PN Store,288,4/17/2023,Хагарсан бараа актлав,Ундаа Amino 330ml Waikiki,12,28160.83
450,PN Store,288,4/17/2023,Хагарсан бараа актлав,Ундаа Amino 330ml Raspberry,5,10754.66
451,PN Store,289,4/17/2023,Сурталчилгаанд 4 сар хэрэглээ,ISO Whey 500g - Pineapple mango,1,55931.95
452,PN Store,289,4/17/2023,Сурталчилгаанд 4 сар хэрэглээ,ISO Whey 500g - White chocolate,1,55931.95
453,PN Store,289,4/17/2023,Сурталчилгаанд 4 сар хэрэглээ,Shaker 600ml /угсардаг нэмэлттэй/ таслагчтай,1,10780.99
454,PN Store,289,4/17/2023,Сурталчилгаанд 4 сар хэрэглээ,ISO Whey 500g - Banana,1,50030.26
455,PN Store,289,4/17/2023,Сурталчилгаанд 4 сар хэрэглээ,ISO Whey 500g - Hazelnut,1,55931.95
456,PN Store,289,4/17/2023,Сурталчилгаанд 4 сар хэрэглээ,Shaker 600ml,1,5622.78
457,PN Store,293,4/18/2023,Сурталчилгаанд power up амталгаанд,Crush Bar - Chocolate 64g,1,6205.14
458,PN Store,293,4/18/2023,Сурталчилгаанд power up амталгаанд,Zero bar Chocolate 50g,1,4406.16
459,PN Store,293,4/18/2023,Сурталчилгаанд power up амталгаанд,Protein bar 15*55g Choco caramel,1,3347.31
460,PN Store,294,4/18/2023,Сурталчилгаанд /Сайханбилэг дугуйн тамирчин/,Power Amino,1,26875.41
461,PN Store,294,4/18/2023,Сурталчилгаанд /Сайханбилэг дугуйн тамирчин/,Sleep & Relax 450g,1,40514.1
462,PN Store,304,4/19/2023,Сурталчилгаанд/ HR fitness amtalgaal/,Ундаа Amino 330ml Super pear,3,5661.15
463,PN Store,304,4/19/2023,Сурталчилгаанд/ HR fitness amtalgaal/,Ундаа Collagen vibe 330ml Mojito,3,4674.67
464,PN Store,304,4/19/2023,Сурталчилгаанд/ HR fitness amtalgaal/,Sleep & Relax 450g,3,121542.28
465,PN Store,305,4/19/2023,Сурталчилгаанд/ HR fitness amtalgaal/,Protein bar 15*55g Cookies cream,1,3347.31
466,PN Store,305,4/19/2023,Сурталчилгаанд/ HR fitness amtalgaal/,Zero bar Hazelnut 50g,1,4413.26
467,PN Store,305,4/19/2023,Сурталчилгаанд/ HR fitness amtalgaal/,Crush Bar - Cookiescream 64g,1,6205.29
468,PN Store,306,4/19/2023,Сурталчилгаанд/borluulaltiin uramshuulal/,Ундаа Amino 330ml Waikiki,24,56321.66
469,PN Store,306,4/19/2023,Сурталчилгаанд/borluulaltiin uramshuulal/,Ундаа Collagen vibe 330ml Mojito,24,37397.39
470,PN Store,319,4/20/2023,Сурталчилгаанд Лүдвээ бичлэгэнд,Protein cream 400g White chocolate Hazelnut,1,12632.7
471,PN Store,319,4/20/2023,Сурталчилгаанд Лүдвээ бичлэгэнд,Ундаа Amino 330ml Lemon soda,1,2052.16
472,PN Store,319,4/20/2023,Сурталчилгаанд Лүдвээ бичлэгэнд,Protein bar 15*55g Caramel peanuts,1,3347.31
473,PN Store,319,4/20/2023,Сурталчилгаанд Лүдвээ бичлэгэнд,Protein snap,1,2070.93
474,PN Store,319,4/20/2023,Сурталчилгаанд Лүдвээ бичлэгэнд,Protein wafer,1,2916.21
475,PN Store,319,4/20/2023,Сурталчилгаанд Лүдвээ бичлэгэнд,Ундаа Collagen vibe 330ml Mojito,2,3116.45
476,PN Store,319,4/20/2023,Сурталчилгаанд Лүдвээ бичлэгэнд,Snack 12*45g Caramel,1,5029.41
477,PN Store,319,4/20/2023,Сурталчилгаанд Лүдвээ бичлэгэнд,Ундаа Collagen vibe 330ml Passion fruit,1,1598.1
478,PN Store,319,4/20/2023,Сурталчилгаанд Лүдвээ бичлэгэнд,Ундаа Amino 330ml Passion fruit,2,4638.5
479,PN Store,319,4/20/2023,Сурталчилгаанд Лүдвээ бичлэгэнд,Ундаа Collagen vibe 330ml Pineapple coconut,1,1443.35
480,PN Store,319,4/20/2023,Сурталчилгаанд Лүдвээ бичлэгэнд,Ундаа Amino 330ml Raspberry,1,2150.93
481,PN Store,320,4/20/2023,Сурталчилгаанд борлуулалтын,Ундаа Amino 330ml Raspberry,24,51622.38
482,PN Store,325,4/21/2023,Сурталчилгаанд борлуулалтын урамшуулал,Ундаа Amino 330ml Lemon soda,24,49251.81
483,PN Store,336,4/23/2023,Сурталчилгаанд/4sar/,Crush Bar - Cookiescream 64g,5,31026.46
484,PN Store,336,4/23/2023,Сурталчилгаанд/4sar/,Protein bar 15*55g Caramel peanuts,5,16736.53
485,PN Store,336,4/23/2023,Сурталчилгаанд/4sar/,Crush Bar - Toffee coconut 64g,5,31026.35
486,PN Store,336,4/23/2023,Сурталчилгаанд/4sar/,Power BCAA - Watermelon 420g,1,34035.28
487,PN Store,336,4/23/2023,Сурталчилгаанд/4sar/,Protein bar 15*55g Choco caramel,5,16736.53
488,PN Store,336,4/23/2023,Сурталчилгаанд/4sar/,Protein bar 15*55g Cookies cream,5,16736.53
489,PN Store,336,4/23/2023,Сурталчилгаанд/4sar/,Nitrox - Cranberry 680гр,1,58600.72
490,PN Store,336,4/23/2023,Сурталчилгаанд/4sar/,Power Amino,1,26875.41
491,PN Store,336,4/23/2023,Сурталчилгаанд/4sar/,Crush Bar - Chocolate 64g,5,31025.68
492,PN Store,342,4/24/2023,Сурталчилгаанд/zurag avalt/,Ундаа Collagen vibe 330ml Pineapple coconut,1,1443.35
493,PN Store,342,4/24/2023,Сурталчилгаанд/zurag avalt/,Ундаа Collagen vibe 330ml Mojito,1,1558.22
494,PN Store,342,4/24/2023,Сурталчилгаанд/zurag avalt/,Ундаа Amino 330ml Waikiki,1,2346.74
495,PN Store,342,4/24/2023,Сурталчилгаанд/zurag avalt/,Ундаа Amino 330ml Raspberry,1,2150.93
496,PN Store,342,4/24/2023,Сурталчилгаанд/zurag avalt/,Ундаа Amino 330ml Lemon soda,1,2052.16
497,PN Store,342,4/24/2023,Сурталчилгаанд/zurag avalt/,Ундаа Amino 330ml Super pear,1,1887.05
498,PN Store,342,4/24/2023,Сурталчилгаанд/zurag avalt/,Ундаа Amino 330ml Passion fruit,1,2319.25
499,PN Store,342,4/24/2023,Сурталчилгаанд/zurag avalt/,Ундаа Collagen vibe 330ml Passion fruit,1,1598.1
500,PN Store,343,4/24/2023,Акт,Ундаа Amino 330ml Passion fruit,3,6957.74
501,PN Store,343,4/24/2023,Акт,Ундаа Amino 330ml Super pear,6,11322.3
502,PN Store,343,4/24/2023,Акт,Ундаа Amino 330ml Lemon soda,5,10260.79
503,PN Store,343,4/24/2023,Акт,Ундаа Amino 330ml Raspberry,1,2150.93
504,PN Store,343,4/24/2023,Акт,Ундаа Amino 330ml Waikiki,2,4693.47
505,PN Store,348,4/25/2023,Сурталчилгаанд/борлуулалтын урамшуулал/,Ундаа Amino 330ml Raspberry,24,51622.38
506,PN Store,349,4/25/2023,Сурталчилгаанд/4sar/,Tribooster 60ш,1,31641.9
507,PN Store,349,4/25/2023,Сурталчилгаанд/4sar/,Ундаа Amino 330ml Super pear,1,1887.05
508,PN Store,349,4/25/2023,Сурталчилгаанд/4sar/,Ундаа Amino 330ml Lemon soda,2,4104.32
509,PN Store,349,4/25/2023,Сурталчилгаанд/4sar/,Ундаа Collagen vibe 330ml Mojito,2,3116.45
510,PN Store,349,4/25/2023,Сурталчилгаанд/4sar/,Ундаа Collagen vibe 330ml Pineapple coconut,2,2886.71
511,PN Store,349,4/25/2023,Сурталчилгаанд/4sar/,Nitrox - Cranberry 680гр,1,58600.72
512,PN Store,349,4/25/2023,Сурталчилгаанд/4sar/,ISO Whey 500g - Banana,1,50030.26
513,PN Store,349,4/25/2023,Сурталчилгаанд/4sar/,Ундаа Amino 330ml Passion fruit,2,4638.5
514,PN Store,349,4/25/2023,Сурталчилгаанд/4sar/,Ундаа Collagen vibe 330ml Passion fruit,2,3196.2
515,PN Store,350,4/25/2023,"Сурталчилгаанд/naadam 1 , saksus, amor amtalgaa/",Zero bar Hazelnut 50g,1,4413.26
516,PN Store,350,4/25/2023,"Сурталчилгаанд/naadam 1 , saksus, amor amtalgaa/",Protein bar 15*55g Choco caramel,2,6694.61
517,PN Store,350,4/25/2023,"Сурталчилгаанд/naadam 1 , saksus, amor amtalgaa/",Crush Bar - Cookiescream 64g,2,12410.58
518,PN Store,350,4/25/2023,"Сурталчилгаанд/naadam 1 , saksus, amor amtalgaa/",Club mate 500мл,2,7377.69
519,PN Store,350,4/25/2023,"Сурталчилгаанд/naadam 1 , saksus, amor amtalgaa/",Zero bar Chocolate 50g,1,4406.16
520,PN Store,351,4/25/2023,Сурталчилгаанд/Amino vibe Ганбаатар 4сар хэрэглээ/,Ундаа Amino 330ml Raspberry,6,12905.6
521,PN Store,351,4/25/2023,Сурталчилгаанд/Amino vibe Ганбаатар 4сар хэрэглээ/,Ундаа Collagen vibe 330ml Passion fruit,4,6392.4
522,PN Store,351,4/25/2023,Сурталчилгаанд/Amino vibe Ганбаатар 4сар хэрэглээ/,Ундаа Collagen vibe 330ml Mojito,4,6232.9
523,PN Store,351,4/25/2023,Сурталчилгаанд/Amino vibe Ганбаатар 4сар хэрэглээ/,Ундаа Amino 330ml Waikiki,6,14080.41
524,PN Store,351,4/25/2023,Сурталчилгаанд/Amino vibe Ганбаатар 4сар хэрэглээ/,Ундаа Amino 330ml Passion fruit,4,9276.99
525,PN Store,351,4/25/2023,Сурталчилгаанд/Amino vibe Ганбаатар 4сар хэрэглээ/,Ундаа Amino 330ml Super pear,2,3774.1
526,PN Store,351,4/25/2023,Сурталчилгаанд/Amino vibe Ганбаатар 4сар хэрэглээ/,Ундаа Collagen vibe 330ml Pineapple coconut,4,5773.41
527,PN Store,366,4/26/2023,Сурталчилгаанд борлуулалтын урамшуулал,Ундаа Amino 330ml Waikiki,24,56321.66
528,PN Store,379,4/27/2023,Сурталчилгаанд борлуулалтын урамшуулал,Ундаа Amino 330ml Waikiki,24,56321.64
529,PN Store,379,4/27/2023,Сурталчилгаанд борлуулалтын урамшуулал,Ундаа Amino 330ml Raspberry,24,51622.37
530,PN Store,380,4/27/2023,Сурталчилгаанд гарын бэлэг,Protein bar 15*55g Cookies cream,1,3347.31
531,PN Store,380,4/27/2023,Сурталчилгаанд гарын бэлэг,Protein cream 400g peanut butter smooth,1,12638.09
532,PN Store,380,4/27/2023,Сурталчилгаанд гарын бэлэг,Protein chips 7*40g Barbeque,1,3338.85
533,PN Store,380,4/27/2023,Сурталчилгаанд гарын бэлэг,Protein wafer,2,5832.43
534,PN Store,380,4/27/2023,Сурталчилгаанд гарын бэлэг,Protein cream 400g White chocolate Hazelnut,1,12632.7
535,PN Store,380,4/27/2023,Сурталчилгаанд гарын бэлэг,Snack 12*45g Chocolate,1,5029.41
536,PN Store,380,4/27/2023,Сурталчилгаанд гарын бэлэг,Snack 12*45g Double Chocolate,1,5029.41
537,PN Store,380,4/27/2023,Сурталчилгаанд гарын бэлэг,Snack 12*45g Peach,1,5029.41
538,PN Store,380,4/27/2023,Сурталчилгаанд гарын бэлэг,Protein chips 7*40g sour cream&onion,1,3339.72
539,PN Store,380,4/27/2023,Сурталчилгаанд гарын бэлэг,Ундаа Collagen vibe 330ml Pineapple coconut,2,2886.71
540,PN Store,380,4/27/2023,Сурталчилгаанд гарын бэлэг,Ундаа Collagen vibe 330ml Passion fruit,2,3196.2
541,PN Store,380,4/27/2023,Сурталчилгаанд гарын бэлэг,Ундаа Amino 330ml Waikiki,2,4693.47
542,PN Store,380,4/27/2023,Сурталчилгаанд гарын бэлэг,Snack 12*45g Vanilla,1,5029.41
543,PN Store,380,4/27/2023,Сурталчилгаанд гарын бэлэг,Protein cream 400g Duo white chocolate-chocolate,1,12636.93
544,PN Store,380,4/27/2023,Сурталчилгаанд гарын бэлэг,Snack 12*45g Caramel,1,5029.41
545,PN Store,380,4/27/2023,Сурталчилгаанд гарын бэлэг,Protein bar 15*55g Caramel peanuts,1,3347.31
546,PN Store,380,4/27/2023,Сурталчилгаанд гарын бэлэг,Protein snap,2,4141.87
547,PN Store,380,4/27/2023,Сурталчилгаанд гарын бэлэг,Ундаа Collagen vibe 330ml Mojito,2,3116.45
548,PN Store,380,4/27/2023,Сурталчилгаанд гарын бэлэг,Ундаа Amino 330ml Super pear,2,3774.1
549,PN Store,380,4/27/2023,Сурталчилгаанд гарын бэлэг,Snack 12*45g BlueBerry,1,5029.41
550,PN Store,380,4/27/2023,Сурталчилгаанд гарын бэлэг,Ундаа Amino 330ml Lemon soda,2,4104.31
551,PN Store,380,4/27/2023,Сурталчилгаанд гарын бэлэг,Protein bar 15*55g Choco caramel,1,3347.31
552,PN Store,391,4/28/2023,Сурталчилгаанд борлуулалтын урамшуулал,Ундаа Amino 330ml Raspberry,23,49471.44
553,PN Store,391,4/28/2023,Сурталчилгаанд борлуулалтын урамшуулал,Ундаа Amino 330ml Super pear,1,1887.05
554,PN Store,392,4/28/2023,Сурталчилгаанд 4 сар хэрэглээ,Ундаа Amino 330ml Raspberry,24,51622.37
555,PN Store,392,4/28/2023,Сурталчилгаанд 4 сар хэрэглээ,Ундаа Collagen vibe 330ml Pineapple coconut,6,8660.12
556,PN Store,392,4/28/2023,Сурталчилгаанд 4 сар хэрэглээ,Ундаа Amino 330ml Passion fruit,24,55661.96
557,PN Store,392,4/28/2023,Сурталчилгаанд 4 сар хэрэглээ,Ундаа Collagen vibe 330ml Passion fruit,6,9588.6
558,PN Store,393,4/28/2023,Акт 4-28 нөхөж оруулав /Акт хийсэн цаас ирээгүй байсан/,Ундаа Amino 330ml Lemon soda,100,205215.38
559,PN Store,393,4/28/2023,Акт 4-28 нөхөж оруулав /Акт хийсэн цаас ирээгүй байсан/,Ундаа Amino 330ml Super pear,20,37740.97
560,PN Store,393,4/28/2023,Акт 4-28 нөхөж оруулав /Акт хийсэн цаас ирээгүй байсан/,Ундаа Amino 330ml Waikiki,4,9386.94
561,PN Store,404,4/29/2023,Бараа материалын борлуулалт (Билгүүн захирал UBcab-р авсан),Club mate 500мл,20,73776.94
562,PN Store,413,4/30/2023,Сурталчилгаанд(Msport гарын бэлэг),Snack 12*45g Double Chocolate,1,5029.41
563,PN Store,413,4/30/2023,Сурталчилгаанд(Msport гарын бэлэг),Snack 12*45g Peach,1,5029.41
564,PN Store,413,4/30/2023,Сурталчилгаанд(Msport гарын бэлэг),Protein snap,4,8283.74
565,PN Store,413,4/30/2023,Сурталчилгаанд(Msport гарын бэлэг),Snack 12*45g Chocolate,1,5029.41
566,PN Store,413,4/30/2023,Сурталчилгаанд(Msport гарын бэлэг),Protein bar 15*55g Choco caramel,2,6694.61
567,PN Store,413,4/30/2023,Сурталчилгаанд(Msport гарын бэлэг),Protein cream 400g White chocolate Hazelnut,2,25265.41
568,PN Store,413,4/30/2023,Сурталчилгаанд(Msport гарын бэлэг),Ундаа Amino 330ml Waikiki,1,2346.73
569,PN Store,413,4/30/2023,Сурталчилгаанд(Msport гарын бэлэг),Snack 12*45g Caramel,1,5029.41
570,PN Store,413,4/30/2023,Сурталчилгаанд(Msport гарын бэлэг),Ундаа Collagen vibe 330ml Passion fruit,1,1598.1
571,PN Store,413,4/30/2023,Сурталчилгаанд(Msport гарын бэлэг),Protein wafer,2,5832.43
572,PN Store,413,4/30/2023,Сурталчилгаанд(Msport гарын бэлэг),Ундаа Amino 330ml Lemon soda,1,2052.15
573,PN Store,413,4/30/2023,Сурталчилгаанд(Msport гарын бэлэг),Ундаа Collagen vibe 330ml Pineapple coconut,1,1443.35
574,PN Store,413,4/30/2023,Сурталчилгаанд(Msport гарын бэлэг),Snack 12*45g Vanilla,1,5029.41
575,PN Store,413,4/30/2023,Сурталчилгаанд(Msport гарын бэлэг),Protein chips 7*40g sour cream&onion,2,6679.43
576,PN Store,413,4/30/2023,Сурталчилгаанд(Msport гарын бэлэг),Protein bar 15*55g Cookies cream,2,6694.61
577,PN Store,413,4/30/2023,Сурталчилгаанд(Msport гарын бэлэг),Protein bar 15*55g Caramel peanuts,2,6694.61
578,PN Store,413,4/30/2023,Сурталчилгаанд(Msport гарын бэлэг),Snack 12*45g BlueBerry,1,5029.41
579,PN Store,414,4/30/2023,Pro tan+shaker урамшуулал,Shaker 600ml,30,168683.55
580,PN Store,423,5/1/2023,Сурталчилгаанд/5сар хэрэглээ,Ундаа Amino 330ml Super pear,8,15096.39
581,PN Store,423,5/1/2023,Сурталчилгаанд/5сар хэрэглээ,Ундаа Collagen vibe 330ml Pineapple coconut,2,2886.71
582,PN Store,423,5/1/2023,Сурталчилгаанд/5сар хэрэглээ,Ундаа Collagen vibe 330ml Mojito,2,3116.45
583,PN Store,423,5/1/2023,Сурталчилгаанд/5сар хэрэглээ,Ундаа Amino 330ml Waikiki,8,18773.87
584,PN Store,423,5/1/2023,Сурталчилгаанд/5сар хэрэглээ,Ундаа Amino 330ml Passion fruit,8,18553.99
585,PN Store,423,5/1/2023,Сурталчилгаанд/5сар хэрэглээ,Ундаа Collagen vibe 330ml Passion fruit,2,3196.2
586,PN Store,429,5/2/2023,Сурталчилгаанд 5 сар хэрэглээ,Crush Bar - Toffee coconut 64g,2,12410.53
587,PN Store,429,5/2/2023,Сурталчилгаанд 5 сар хэрэглээ,Power Mass - Chocolate 5kg,1,96145.22
588,PN Store,429,5/2/2023,Сурталчилгаанд 5 сар хэрэглээ,Crush Bar - Cookiescream 64g,1,6205.29
589,PN Store,429,5/2/2023,Сурталчилгаанд 5 сар хэрэглээ,Power professional,1,32282.68
590,PN Store,429,5/2/2023,Сурталчилгаанд 5 сар хэрэглээ,Protein bar 15*55g Cookies cream,2,6694.61
591,PN Store,429,5/2/2023,Сурталчилгаанд 5 сар хэрэглээ,Protein cream 400g peanut butter smooth,2,25276.19
592,PN Store,429,5/2/2023,Сурталчилгаанд 5 сар хэрэглээ,Zero bar Chocolate 50g,2,8812.33
593,PN Store,429,5/2/2023,Сурталчилгаанд 5 сар хэрэглээ,ISO Whey 500g - Cookies,8,447455.57
594,PN Store,429,5/2/2023,Сурталчилгаанд 5 сар хэрэглээ,ISO Whey 500g - Pineapple mango,7,391523.62
595,PN Store,429,5/2/2023,Сурталчилгаанд 5 сар хэрэглээ,Power Amino,3,80626.24
596,PN Store,442,5/3/2023,Сурталчилгаанд 5 сар хэрэглээ,Ундаа Amino 330ml Super pear,3,5661.15
597,PN Store,442,5/3/2023,Сурталчилгаанд 5 сар хэрэглээ,Ундаа Amino 330ml Lemon soda,3,6156.46
598,PN Store,442,5/3/2023,Сурталчилгаанд 5 сар хэрэглээ,ISO Whey 500g - Cookies,2,111863.89
599,PN Store,442,5/3/2023,Сурталчилгаанд 5 сар хэрэглээ,Protein cream 400g White chocolate Hazelnut,1,12632.7
600,PN Store,442,5/3/2023,Сурталчилгаанд 5 сар хэрэглээ,ISO Whey 500g - Pineapple mango,1,55931.94
601,PN Store,442,5/3/2023,Сурталчилгаанд 5 сар хэрэглээ,Protein cream 400g Chocolate hazelnut,1,12648.48
602,PN Store,442,5/3/2023,Сурталчилгаанд 5 сар хэрэглээ,Ундаа Amino 330ml Watermelon,3,6980.08
603,PN Store,455,5/4/2023,Хангамжаар оффист авав,Ундаа Amino 330ml Lemon soda,24,49251.69
604,PN Store,455,5/4/2023,Хангамжаар оффист авав,Ундаа Amino 330ml Waikiki,66,154884.45
605,PN Store,456,5/4/2023,Актлав,Ундаа Amino 330ml Waikiki,2,4693.47
606,PN Store,457,5/4/2023,Сурталчилгаанд амталгаанд,Crush Bar - Cookiescream 64g,1,6205.29
607,PN Store,457,5/4/2023,Сурталчилгаанд амталгаанд,Zero bar Chocolate 50g,1,4406.16
608,PN Store,457,5/4/2023,Сурталчилгаанд амталгаанд,Protein bar 15*55g Caramel peanuts,1,3347.31
609,PN Store,458,5/4/2023,Сурталчилгаанд борлуулалтын урамшуулал,Ундаа Amino 330ml Passion fruit,24,55661.96
610,PN Store,459,5/4/2023,Сурталчилгаанд/5 сар хэрэлээ/,Snack 12*45g Double Chocolate,12,60352.96
611,PN Store,459,5/4/2023,Сурталчилгаанд/5 сар хэрэлээ/,Snack 12*45g Chocolate,12,60352.96
612,PN Store,459,5/4/2023,Сурталчилгаанд/5 сар хэрэлээ/,EAA Zero 350g Lemon,1,50459.25
613,PN Store,459,5/4/2023,Сурталчилгаанд/5 сар хэрэлээ/,Protein wafer,12,34994.57
614,PN Store,459,5/4/2023,Сурталчилгаанд/5 сар хэрэлээ/,Ундаа Amino 330ml Passion fruit,7,16234.74
615,PN Store,459,5/4/2023,Сурталчилгаанд/5 сар хэрэлээ/,Protein bar 15*55g Choco caramel,5,16736.53
616,PN Store,459,5/4/2023,Сурталчилгаанд/5 сар хэрэлээ/,Ундаа Amino 330ml Lemon soda,7,14365.08
617,PN Store,459,5/4/2023,Сурталчилгаанд/5 сар хэрэлээ/,Ундаа Amino 330ml Waikiki,7,16427.14
618,PN Store,459,5/4/2023,Сурталчилгаанд/5 сар хэрэлээ/,Snack 12*45g Caramel,24,120705.92
619,PN Store,459,5/4/2023,Сурталчилгаанд/5 сар хэрэлээ/,Protein bar 15*55g Cookies cream,5,16736.53
620,PN Store,459,5/4/2023,Сурталчилгаанд/5 сар хэрэлээ/,Protein cream 400g peanut butter smooth,1,12638.09
621,PN Store,459,5/4/2023,Сурталчилгаанд/5 сар хэрэлээ/,Snack 12*45g Peach,24,120705.92
622,PN Store,459,5/4/2023,Сурталчилгаанд/5 сар хэрэлээ/,Protein bar 15*55g Caramel peanuts,5,16736.53
623,PN Store,469,5/5/2023,Сурталчилгаанд бүтээгдэхүүний дээж cu менежер,Snack 12*45g Double Chocolate,1,5029.41
624,PN Store,469,5/5/2023,Сурталчилгаанд бүтээгдэхүүний дээж cu менежер,Protein wafer,1,2916.21
625,PN Store,469,5/5/2023,Сурталчилгаанд бүтээгдэхүүний дээж cu менежер,Club mate 500мл,1,3688.85
626,PN Store,469,5/5/2023,Сурталчилгаанд бүтээгдэхүүний дээж cu менежер,Ундаа Amino 330ml Lemon soda,1,2052.15
627,PN Store,469,5/5/2023,Сурталчилгаанд бүтээгдэхүүний дээж cu менежер,Protein chips 7*40g sour cream&onion,1,3339.72
628,PN Store,469,5/5/2023,Сурталчилгаанд бүтээгдэхүүний дээж cu менежер,Ундаа Amino 330ml Passion fruit,1,2319.25
629,PN Store,469,5/5/2023,Сурталчилгаанд бүтээгдэхүүний дээж cu менежер,Protein cream 400g Duo white chocolate-chocolate,1,12636.93
630,PN Store,469,5/5/2023,Сурталчилгаанд бүтээгдэхүүний дээж cu менежер,Ундаа Amino 330ml Super pear,1,1887.05
631,PN Store,469,5/5/2023,Сурталчилгаанд бүтээгдэхүүний дээж cu менежер,Snack 12*45g Peach,1,5029.41
632,PN Store,469,5/5/2023,Сурталчилгаанд бүтээгдэхүүний дээж cu менежер,Protein bar 15*55g Cookies cream,1,3347.31
633,PN Store,469,5/5/2023,Сурталчилгаанд бүтээгдэхүүний дээж cu менежер,Protein bar 15*55g Caramel peanuts,1,3347.31
634,PN Store,469,5/5/2023,Сурталчилгаанд бүтээгдэхүүний дээж cu менежер,Protein snap,1,2070.93
635,PN Store,469,5/5/2023,Сурталчилгаанд бүтээгдэхүүний дээж cu менежер,Ундаа Amino 330ml Raspberry,1,2150.93
636,PN Store,469,5/5/2023,Сурталчилгаанд бүтээгдэхүүний дээж cu менежер,Protein bar 15*55g Choco caramel,1,3347.31
637,PN Store,470,5/5/2023,Сурталчилгаанд gs25 шингэн хүнсний  менежер,Club mate 500мл,1,3688.85
638,PN Store,471,5/5/2023,Сурталчилгаанд борлуулалтын урамшуулал  2 club mate амталгаанд,Club mate 500мл,2,7377.69
639,PN Store,471,5/5/2023,Сурталчилгаанд борлуулалтын урамшуулал  2 club mate амталгаанд,Ундаа Amino 330ml Raspberry,24,51622.37
640,PN Store,472,5/5/2023,5-5 акт,Ундаа Amino 330ml Super pear,2,3774.1
641,PN Store,472,5/5/2023,5-5 акт,Ундаа Amino 330ml Watermelon,1,2326.69
642,PN Store,472,5/5/2023,5-5 акт,Ундаа Amino 330ml Lemon soda,2,4104.31
643,PN Store,472,5/5/2023,5-5 акт,Ундаа Amino 330ml cucumber lime,2,921.78
644,PN Store,472,5/5/2023,5-5 акт,Ундаа Amino 330ml Passion fruit,5,11596.24
645,PN Store,472,5/5/2023,5-5 акт,Ундаа Amino 330ml Waikiki,9,21120.61
646,PN Store,481,5/6/2023,Сурталчилгаанд/Фитнессийн холбоонд өгөх гарын бэлэг/,Power professional,1,32282.68
647,PN Store,481,5/6/2023,Сурталчилгаанд/Фитнессийн холбоонд өгөх гарын бэлэг/,Protein cream 400g White chocolate Hazelnut,3,37898.11
648,PN Store,481,5/6/2023,Сурталчилгаанд/Фитнессийн холбоонд өгөх гарын бэлэг/,Ундаа Collagen vibe 330ml Mojito,10,15582.25
649,PN Store,481,5/6/2023,Сурталчилгаанд/Фитнессийн холбоонд өгөх гарын бэлэг/,Zinc 60ш,1,7543.6
650,PN Store,481,5/6/2023,Сурталчилгаанд/Фитнессийн холбоонд өгөх гарын бэлэг/,Protein chips 7*40g Barbeque,3,10016.56
651,PN Store,481,5/6/2023,Сурталчилгаанд/Фитнессийн холбоонд өгөх гарын бэлэг/,Protein wafer,15,43743.22
652,PN Store,481,5/6/2023,Сурталчилгаанд/Фитнессийн холбоонд өгөх гарын бэлэг/,Ундаа Collagen vibe 330ml Passion fruit,10,15981.01
653,PN Store,481,5/6/2023,Сурталчилгаанд/Фитнессийн холбоонд өгөх гарын бэлэг/,Ундаа Amino 330ml Lemon soda,48,98503.38
654,PN Store,481,5/6/2023,Сурталчилгаанд/Фитнессийн холбоонд өгөх гарын бэлэг/,Ундаа Amino 330ml Super pear,12,22644.58
655,PN Store,481,5/6/2023,Сурталчилгаанд/Фитнессийн холбоонд өгөх гарын бэлэг/,Protein snap,15,31064.02
656,PN Store,481,5/6/2023,Сурталчилгаанд/Фитнессийн холбоонд өгөх гарын бэлэг/,ISO Whey 500g - Cookies,1,55931.95
657,PN Store,481,5/6/2023,Сурталчилгаанд/Фитнессийн холбоонд өгөх гарын бэлэг/,Sleep & Relax 450g,1,40514.1
658,PN Store,481,5/6/2023,Сурталчилгаанд/Фитнессийн холбоонд өгөх гарын бэлэг/,Vitamin D3 K2 /60ш/,1,6781.52
659,PN Store,481,5/6/2023,Сурталчилгаанд/Фитнессийн холбоонд өгөх гарын бэлэг/,Ундаа Collagen vibe 330ml Pineapple coconut,10,14433.54
660,PN Store,481,5/6/2023,Сурталчилгаанд/Фитнессийн холбоонд өгөх гарын бэлэг/,ZMA 60ш,1,7149.61
661,PN Store,481,5/6/2023,Сурталчилгаанд/Фитнессийн холбоонд өгөх гарын бэлэг/,Vitamin C 60ш,1,11879.53
662,PN Store,481,5/6/2023,Сурталчилгаанд/Фитнессийн холбоонд өгөх гарын бэлэг/,Protein chips 7*40g sour cream&onion,3,10019.15
663,PN Store,481,5/6/2023,Сурталчилгаанд/Фитнессийн холбоонд өгөх гарын бэлэг/,ISO Whey 500g - Pineapple mango,1,55931.94
664,PN Store,481,5/6/2023,Сурталчилгаанд/Фитнессийн холбоонд өгөх гарын бэлэг/,Shaker 600ml,3,16868.36
665,PN Store,490,5/7/2023,Сурталчилгаанд/5сар/,Snack 12*45g Double Chocolate,2,10058.83
666,PN Store,490,5/7/2023,Сурталчилгаанд/5сар/,Vitamin D3 K2 /60ш/,1,6781.51
667,PN Store,490,5/7/2023,Сурталчилгаанд/5сар/,Power Amino,1,26875.42
668,PN Store,490,5/7/2023,Сурталчилгаанд/5сар/,Protein bar 15*55g Choco caramel,2,6694.61
669,PN Store,498,5/8/2023,Сурталчилгаанд/БОРЛУУЛАЛТЫН УРАМШУУЛАЛ/,Ундаа Amino 330ml Super pear,48,90578.33
670,PN Store,499,5/8/2023,Ажилчдын хэрэглээ,Power Amino,2,53750.83
671,PN Store,499,5/8/2023,Ажилчдын хэрэглээ,Snack 12*45g BlueBerry,1,5029.41
672,PN Store,499,5/8/2023,Ажилчдын хэрэглээ,Protein bar 15*55g Caramel peanuts,3,10041.92
673,PN Store,499,5/8/2023,Ажилчдын хэрэглээ,L-Carnitine drink 500ml Apple peach,1,3861.06
674,PN Store,499,5/8/2023,Ажилчдын хэрэглээ,Snack 12*45g Double Chocolate,1,5029.41
675,PN Store,499,5/8/2023,Ажилчдын хэрэглээ,Snack 12*45g Chocolate,1,5029.41
676,PN Store,499,5/8/2023,Ажилчдын хэрэглээ,ISO Whey 500g - Pineapple mango,4,223727.78
677,PN Store,499,5/8/2023,Ажилчдын хэрэглээ,Snack 12*45g Vanilla,1,5029.41
678,PN Store,499,5/8/2023,Ажилчдын хэрэглээ,Protein cream 400g Duo white chocolate-chocolate,6,75821.57
679,PN Store,499,5/8/2023,Ажилчдын хэрэглээ,MSM+ Vitamin C 150g,1,18668.2
680,PN Store,499,5/8/2023,Ажилчдын хэрэглээ,Protein bar 15*55g Cookies cream,2,6694.61
681,PN Store,499,5/8/2023,Ажилчдын хэрэглээ,Protein cream 400g peanut butter smooth,2,25276.19
682,PN Store,499,5/8/2023,Ажилчдын хэрэглээ,Crush Bar - Chocolate 64g,2,12410.27
683,PN Store,499,5/8/2023,Ажилчдын хэрэглээ,L-Carnitine drink 500ml- Strawberry kiwi,2,8054.55
684,PN Store,499,5/8/2023,Ажилчдын хэрэглээ,Protein bar 15*55g Choco caramel,2,6694.61
685,PN Store,499,5/8/2023,Ажилчдын хэрэглээ,Zinc 60ш,2,15087.21
686,PN Store,499,5/8/2023,Ажилчдын хэрэглээ,EAA Zero 350g Lemon,1,50459.25
687,PN Store,499,5/8/2023,Ажилчдын хэрэглээ,Nitrox - Tropical 680гр,1,58691.42
688,PN Store,499,5/8/2023,Ажилчдын хэрэглээ,Ice cream 500g chocolate,1,31190.78
689,PN Store,499,5/8/2023,Ажилчдын хэрэглээ,Crush Bar - Toffee coconut 64g,3,18615.8
690,PN Store,499,5/8/2023,Ажилчдын хэрэглээ,Hyper Mass - Vanilla 1kg,2,55928.27
691,PN Store,499,5/8/2023,Ажилчдын хэрэглээ,Nitrox sample - Blue grape 17g,1,2896.85
692,PN Store,499,5/8/2023,Ажилчдын хэрэглээ,Vitamin C 60ш,1,11879.53
693,PN Store,499,5/8/2023,Ажилчдын хэрэглээ,Shaker 600ml,1,5622.79
694,PN Store,499,5/8/2023,Ажилчдын хэрэглээ,Vitamin D3 K2 /60ш/,2,13563.03
695,PN Store,499,5/8/2023,Ажилчдын хэрэглээ,ZMA 60ш,1,7149.61
696,PN Store,499,5/8/2023,Ажилчдын хэрэглээ,Zero bar Chocolate 50g,1,4406.16
697,PN Store,499,5/8/2023,Ажилчдын хэрэглээ,Glucosamine 60caps,3,63741.6
698,PN Store,499,5/8/2023,Ажилчдын хэрэглээ,Sleep & Relax 450g,3,121542.28
699,PN Store,510,5/9/2023,Сурталчилгаанд борлуулалтын урамшуулал,Ундаа Collagen vibe 330ml Pineapple coconut,24,34640.49
700,PN Store,511,5/9/2023,Сурталчилгаанд борлуулалтын урамшуулал,Ундаа Collagen vibe 330ml Passion fruit,24,38354.41
701,PN Store,512,5/9/2023,Сурталчилгаанд  борлуулалтын урамшуулал,Ундаа Collagen vibe 330ml Passion fruit,24,38354.41
702,PN Store,513,5/9/2023,Сурталчилгаанд 5 сар хэрэглээ,ZMA 60ш,1,7149.61
703,PN Store,513,5/9/2023,Сурталчилгаанд 5 сар хэрэглээ,Nitrox - Blue grape 680g,1,57227.29
704,PN Store,513,5/9/2023,Сурталчилгаанд 5 сар хэрэглээ,MSM+ Vitamin C 150g,1,18668.2
705,PN Store,513,5/9/2023,Сурталчилгаанд 5 сар хэрэглээ,ISO Whey 500g - Tiramisu,1,55931.95
706,PN Store,514,5/9/2023,Сурталчилгаанд 5 сар vibe  хэрэглээ,Ундаа Collagen vibe 330ml Passion fruit,3,4794.3
707,PN Store,514,5/9/2023,Сурталчилгаанд 5 сар vibe  хэрэглээ,Ундаа Amino 330ml Watermelon,4,9306.77
708,PN Store,514,5/9/2023,Сурталчилгаанд 5 сар vibe  хэрэглээ,Ундаа Amino 330ml Passion fruit,8,18553.99
709,PN Store,514,5/9/2023,Сурталчилгаанд 5 сар vibe  хэрэглээ,Ундаа Amino 330ml Raspberry,8,17207.46
710,PN Store,514,5/9/2023,Сурталчилгаанд 5 сар vibe  хэрэглээ,Ундаа Collagen vibe 330ml Pineapple coconut,3,4330.06
711,PN Store,514,5/9/2023,Сурталчилгаанд 5 сар vibe  хэрэглээ,Ундаа Collagen vibe 330ml Mojito,4,6232.9
712,PN Store,529,5/11/2023,Сурталчилгаанд борлуулалтын урамшуулал,Ундаа Amino 330ml Super pear,24,45289.16
713,PN Store,541,5/12/2023,Сурталчилгаанд борлуулалтын урамшуулал,Ундаа Amino 330ml Lemon soda,24,49251.69
714,PN Store,541,5/12/2023,Сурталчилгаанд борлуулалтын урамшуулал,Ундаа Amino 330ml Waikiki,24,56321.62
715,PN Store,542,5/12/2023,Сурталчилгаанд  маркетинг,Ундаа Collagen vibe 330ml Pineapple coconut,12,17320.24
716,PN Store,542,5/12/2023,Сурталчилгаанд  маркетинг,Ундаа Amino 330ml Super pear,12,22644.58
717,PN Store,542,5/12/2023,Сурталчилгаанд  маркетинг,Ундаа Amino 330ml Waikiki,9,21120.61
718,PN Store,542,5/12/2023,Сурталчилгаанд  маркетинг,Ундаа Collagen vibe 330ml Mojito,12,18698.7
719,PN Store,542,5/12/2023,Сурталчилгаанд  маркетинг,Ундаа Amino 330ml Passion fruit,4,9276.99
720,PN Store,542,5/12/2023,Сурталчилгаанд  маркетинг,Ундаа Collagen vibe 330ml Passion fruit,12,19177.21
721,PN Store,542,5/12/2023,Сурталчилгаанд  маркетинг,Ундаа Amino 330ml Lemon soda,7,14365.08
722,PN Store,542,5/12/2023,Сурталчилгаанд  маркетинг,Ундаа Amino 330ml Watermelon,4,9306.77
723,PN Store,551,5/13/2023,Сурталчилгаанд/m sports гарын бэлэг/,Snack 12*45g Peach,1,5029.41
724,PN Store,551,5/13/2023,Сурталчилгаанд/m sports гарын бэлэг/,Snack 12*45g Vanilla,1,5029.41
725,PN Store,551,5/13/2023,Сурталчилгаанд/m sports гарын бэлэг/,Snack 12*45g Chocolate,1,5029.41
726,PN Store,551,5/13/2023,Сурталчилгаанд/m sports гарын бэлэг/,Ундаа Collagen vibe 330ml Pineapple coconut,1,1443.35
727,PN Store,551,5/13/2023,Сурталчилгаанд/m sports гарын бэлэг/,Snack 12*45g Double Chocolate,1,5029.41
728,PN Store,551,5/13/2023,Сурталчилгаанд/m sports гарын бэлэг/,Protein chips 7*40g sour cream&onion,1,3339.72
729,PN Store,551,5/13/2023,Сурталчилгаанд/m sports гарын бэлэг/,Protein wafer,2,5832.43
730,PN Store,551,5/13/2023,Сурталчилгаанд/m sports гарын бэлэг/,Protein cream 400g White chocolate Hazelnut,2,25265.41
731,PN Store,551,5/13/2023,Сурталчилгаанд/m sports гарын бэлэг/,Protein chips 7*40g Barbeque,1,3338.85
732,PN Store,551,5/13/2023,Сурталчилгаанд/m sports гарын бэлэг/,Protein bar 15*55g Caramel peanuts,2,6694.61
733,PN Store,551,5/13/2023,Сурталчилгаанд/m sports гарын бэлэг/,Protein snap,4,8283.74
734,PN Store,551,5/13/2023,Сурталчилгаанд/m sports гарын бэлэг/,Ундаа Amino 330ml Lemon soda,1,2052.15
735,PN Store,551,5/13/2023,Сурталчилгаанд/m sports гарын бэлэг/,Snack 12*45g BlueBerry,1,5029.41
736,PN Store,551,5/13/2023,Сурталчилгаанд/m sports гарын бэлэг/,Protein bar 15*55g Choco caramel,2,6694.61
737,PN Store,551,5/13/2023,Сурталчилгаанд/m sports гарын бэлэг/,Ундаа Amino 330ml Waikiki,1,2346.73
738,PN Store,551,5/13/2023,Сурталчилгаанд/m sports гарын бэлэг/,Snack 12*45g Caramel,1,5029.41
739,PN Store,551,5/13/2023,Сурталчилгаанд/m sports гарын бэлэг/,Ундаа Collagen vibe 330ml Passion fruit,1,1598.1
740,PN Store,551,5/13/2023,Сурталчилгаанд/m sports гарын бэлэг/,Protein bar 15*55g Cookies cream,2,6694.61
741,PN Store,560,5/15/2023,Сурталчилгаанд/powerlifting 2хүн гарын бэлэг/,Nitrox sample - Blue grape 17g,20,57937.08
742,PN Store,560,5/15/2023,Сурталчилгаанд/powerlifting 2хүн гарын бэлэг/,Power professional,2,64565.35
743,PN Store,560,5/15/2023,Сурталчилгаанд/powerlifting 2хүн гарын бэлэг/,Shaker 600ml,2,11245.57
744,PN Store,561,5/15/2023,Сурталчилгаанд/summer league ивээн тэтгэлэг/,Vitamin D3 K2 /60ш/,3,20344.54
745,PN Store,561,5/15/2023,Сурталчилгаанд/summer league ивээн тэтгэлэг/,Vitamin C 60ш,3,35638.58
746,PN Store,561,5/15/2023,Сурталчилгаанд/summer league ивээн тэтгэлэг/,ZMA 60ш,3,21448.82
747,PN Store,562,5/15/2023,Сурталчилгаанд/PODCAST IVEEN TETGELEG/,Ундаа Collagen vibe 330ml Passion fruit,1,1598.1
748,PN Store,562,5/15/2023,Сурталчилгаанд/PODCAST IVEEN TETGELEG/,Protein bar 15*55g Choco caramel,1,3347.31
749,PN Store,562,5/15/2023,Сурталчилгаанд/PODCAST IVEEN TETGELEG/,Ундаа Amino 330ml Lemon soda,1,2052.15
750,PN Store,562,5/15/2023,Сурталчилгаанд/PODCAST IVEEN TETGELEG/,ISO Whey sample - Pineapple 25g,1,4010.21
751,PN Store,562,5/15/2023,Сурталчилгаанд/PODCAST IVEEN TETGELEG/,Ундаа Amino 330ml Waikiki,1,2346.73
752,PN Store,562,5/15/2023,Сурталчилгаанд/PODCAST IVEEN TETGELEG/,Power Mass - Vanilla 5kg,1,95346.77
753,PN Store,562,5/15/2023,Сурталчилгаанд/PODCAST IVEEN TETGELEG/,ISO Whey sample - Chocolate 25g,1,3908.44
754,PN Store,562,5/15/2023,Сурталчилгаанд/PODCAST IVEEN TETGELEG/,Protein bar 15*55g Caramel peanuts,1,3347.31
755,PN Store,562,5/15/2023,Сурталчилгаанд/PODCAST IVEEN TETGELEG/,Ундаа Amino 330ml Super pear,1,1887.05
756,PN Store,562,5/15/2023,Сурталчилгаанд/PODCAST IVEEN TETGELEG/,Power professional,1,32282.68
757,PN Store,562,5/15/2023,Сурталчилгаанд/PODCAST IVEEN TETGELEG/,Ундаа Collagen vibe 330ml Pineapple coconut,1,1443.35
758,PN Store,562,5/15/2023,Сурталчилгаанд/PODCAST IVEEN TETGELEG/,Ундаа Collagen vibe 330ml Mojito,1,1558.22
759,PN Store,563,5/15/2023,Сурталчилгаанд/5сар хэрэглээ/,Ундаа Amino 330ml Waikiki,9,21120.61
760,PN Store,563,5/15/2023,Сурталчилгаанд/5сар хэрэглээ/,Ундаа Amino 330ml Lemon soda,1,2052.15
761,PN Store,563,5/15/2023,Сурталчилгаанд/5сар хэрэглээ/,Ундаа Collagen vibe 330ml Mojito,10,15582.25
762,PN Store,563,5/15/2023,Сурталчилгаанд/5сар хэрэглээ/,Ундаа Collagen vibe 330ml Pineapple coconut,10,14433.54
763,PN Store,564,5/15/2023,Сурталчилгаанд/бэлэг/,Protan DIY,1,61756.98
764,PN Store,564,5/15/2023,Сурталчилгаанд/бэлэг/,ISO Whey sample - Chocolate 25g,4,15633.77
765,PN Store,564,5/15/2023,Сурталчилгаанд/бэлэг/,Energy gel 60g Orange,2,6844.7
766,PN Store,564,5/15/2023,Сурталчилгаанд/бэлэг/,ISO Whey sample - Pineapple 25g,4,16040.86
767,PN Store,564,5/15/2023,Сурталчилгаанд/бэлэг/,Nitrox sample - Blue grape 17g,6,17381.12
768,PN Store,564,5/15/2023,Сурталчилгаанд/бэлэг/,Energy Gel 60g Professional Orange,2,6081.96
769,PN Store,564,5/15/2023,Сурталчилгаанд/бэлэг/,Magna shot 25ml,4,12477.81
770,PN Store,565,5/15/2023,Акт 5-15,Ундаа Amino 330ml Super pear,214,403828.37
771,PN Store,565,5/15/2023,Акт 5-15,Ундаа Amino 330ml Waikiki,14,32854.28
772,PN Store,565,5/15/2023,Акт 5-15,Ундаа Collagen vibe 330ml Passion fruit,1,1598.1
773,PN Store,565,5/15/2023,Акт 5-15,Ундаа Amino 330ml Lemon soda,9,18469.38
774,PN Store,565,5/15/2023,Акт 5-15,Ундаа Amino 330ml Raspberry,15,32263.98
775,PN Store,565,5/15/2023,Акт 5-15,Ундаа Amino 330ml cucumber lime,96,44245.24
776,PN Store,580,5/17/2023,Сурталчилгаанд 5 сар хэрэглээ,Protein bar 15*55g Cookies cream,15,50209.6
777,PN Store,580,5/17/2023,Сурталчилгаанд 5 сар хэрэглээ,Crush Bar - Toffee coconut 64g,8,49642.13
778,PN Store,580,5/17/2023,Сурталчилгаанд 5 сар хэрэглээ,L-Carnitine drink 500ml- Strawberry kiwi,24,96654.57
779,PN Store,580,5/17/2023,Сурталчилгаанд 5 сар хэрэглээ,Crush Bar - Cookiescream 64g,3,18615.86
780,PN Store,580,5/17/2023,Сурталчилгаанд 5 сар хэрэглээ,Nitrox - Blue grape 680g,1,57227.29
781,PN Store,580,5/17/2023,Сурталчилгаанд 5 сар хэрэглээ,MSM+ Vitamin C 150g,1,18668.2
782,PN Store,580,5/17/2023,Сурталчилгаанд 5 сар хэрэглээ,L-Carnitine drink 500ml Apple peach,24,92665.47
783,PN Store,580,5/17/2023,Сурталчилгаанд 5 сар хэрэглээ,Crush Bar - Chocolate 64g,3,18615.4
784,PN Store,580,5/17/2023,Сурталчилгаанд 5 сар хэрэглээ,ISO Whey 500g - White chocolate,2,111863.89
785,PN Store,581,5/17/2023,Сурталчилгаанд 5 сар хэрэглээ  vibe,Ундаа Amino 330ml Lemon soda,16,32834.46
786,PN Store,581,5/17/2023,Сурталчилгаанд 5 сар хэрэглээ  vibe,Ундаа Collagen vibe 330ml Mojito,24,37397.4
787,PN Store,581,5/17/2023,Сурталчилгаанд 5 сар хэрэглээ  vibe,Ундаа Amino 330ml Raspberry,8,17207.46
788,PN Store,581,5/17/2023,Сурталчилгаанд 5 сар хэрэглээ  vibe,Ундаа Amino 330ml Waikiki,12,28160.81
789,PN Store,582,5/17/2023,Сурталчилгаанд 5 сар хэрэглээ,ISO Whey 500g - White chocolate,1,55931.94
790,PN Store,582,5/17/2023,Сурталчилгаанд 5 сар хэрэглээ,Snack 12*45g Double Chocolate,1,5029.41
791,PN Store,582,5/17/2023,Сурталчилгаанд 5 сар хэрэглээ,Snack 12*45g Chocolate,1,5029.41
792,PN Store,582,5/17/2023,Сурталчилгаанд 5 сар хэрэглээ,Snack 12*45g Peach,1,5029.41
793,PN Store,582,5/17/2023,Сурталчилгаанд 5 сар хэрэглээ,Snack 12*45g Vanilla,1,5029.41
794,PN Store,582,5/17/2023,Сурталчилгаанд 5 сар хэрэглээ,Glucosamine 60caps,1,21247.2
795,PN Store,582,5/17/2023,Сурталчилгаанд 5 сар хэрэглээ,Club mate 500мл,2,7377.69
796,PN Store,582,5/17/2023,Сурталчилгаанд 5 сар хэрэглээ,Ундаа Amino 330ml Super pear,1,1887.05
797,PN Store,582,5/17/2023,Сурталчилгаанд 5 сар хэрэглээ,Snack 12*45g BlueBerry,1,5029.41
798,PN Store,582,5/17/2023,Сурталчилгаанд 5 сар хэрэглээ,Snack 12*45g Caramel,1,5029.41
799,PN Store,582,5/17/2023,Сурталчилгаанд 5 сар хэрэглээ,ISO Whey 500g - Tiramisu,1,55931.95
800,PN Store,597,5/19/2023,Сурталчилгаанд/фитнессийн тэмцээний гарын бэлэг/,Protein cream 400g White chocolate Hazelnut,3,37898.11
801,PN Store,597,5/19/2023,Сурталчилгаанд/фитнессийн тэмцээний гарын бэлэг/,Nitrox sample - Blue grape 17g,15,43452.81
802,PN Store,597,5/19/2023,Сурталчилгаанд/фитнессийн тэмцээний гарын бэлэг/,Power professional,1,32282.68
803,PN Store,597,5/19/2023,Сурталчилгаанд/фитнессийн тэмцээний гарын бэлэг/,Sleep & Relax 450g,1,40514.09
804,PN Store,597,5/19/2023,Сурталчилгаанд/фитнессийн тэмцээний гарын бэлэг/,Vitamin D3 K2 /60ш/,1,6781.52
805,PN Store,597,5/19/2023,Сурталчилгаанд/фитнессийн тэмцээний гарын бэлэг/,ISO Whey 500g - Tiramisu,2,111863.89
806,PN Store,597,5/19/2023,Сурталчилгаанд/фитнессийн тэмцээний гарын бэлэг/,Zinc 60ш,1,7543.6
807,PN Store,597,5/19/2023,Сурталчилгаанд/фитнессийн тэмцээний гарын бэлэг/,Protein chips 7*40g Barbeque,3,10016.56
808,PN Store,597,5/19/2023,Сурталчилгаанд/фитнессийн тэмцээний гарын бэлэг/,ZMA 60ш,1,7149.61
809,PN Store,597,5/19/2023,Сурталчилгаанд/фитнессийн тэмцээний гарын бэлэг/,Vitamin C 60ш,1,11879.53
810,PN Store,597,5/19/2023,Сурталчилгаанд/фитнессийн тэмцээний гарын бэлэг/,Shaker 600ml,3,16868.35
811,PN Store,597,5/19/2023,Сурталчилгаанд/фитнессийн тэмцээний гарын бэлэг/,Ундаа Amino 330ml Lemon soda,35,71825.38
812,PN Store,597,5/19/2023,Сурталчилгаанд/фитнессийн тэмцээний гарын бэлэг/,Ундаа Collagen vibe 330ml Mojito,20,31164.5
813,PN Store,598,5/19/2023,labratory,Nitrox - Blue grape 680g,1,57227.29
814,PN Store,598,5/19/2023,labratory,Ундаа Amino 330ml Lemon soda,4,8208.62
815,PN Store,598,5/19/2023,labratory,Ундаа Amino 330ml Super pear,6,11322.29
816,PN Store,598,5/19/2023,labratory,Ундаа Amino 330ml Waikiki,2,4693.47
817,PN Store,598,5/19/2023,labratory,Shaker 600ml,2,11245.57
818,PN Store,599,5/19/2023,Сурталчилгаанд/ profit gymiin borluulaltiin uramshuulal/,Ундаа Amino 330ml Super pear,9,16983.44
819,PN Store,599,5/19/2023,Сурталчилгаанд/ profit gymiin borluulaltiin uramshuulal/,Ундаа Amino 330ml Waikiki,12,28160.81
820,PN Store,599,5/19/2023,Сурталчилгаанд/ profit gymiin borluulaltiin uramshuulal/,Ундаа Amino 330ml Raspberry,9,19358.39
821,PN Store,599,5/19/2023,Сурталчилгаанд/ profit gymiin borluulaltiin uramshuulal/,Club mate 500мл,2,7377.69
822,PN Store,599,5/19/2023,Сурталчилгаанд/ profit gymiin borluulaltiin uramshuulal/,Ундаа Amino 330ml Passion fruit,9,20873.23
823,PN Store,599,5/19/2023,Сурталчилгаанд/ profit gymiin borluulaltiin uramshuulal/,Ундаа Amino 330ml Lemon soda,12,24625.85
824,PN Store,616,5/21/2023,Сурталчилгаанд/6sar,Ундаа Collagen vibe 330ml Mojito,1,1558.22
825,PN Store,616,5/21/2023,Сурталчилгаанд/6sar,Ундаа Amino 330ml Lemon soda,6,12312.92
826,PN Store,616,5/21/2023,Сурталчилгаанд/6sar,Ундаа Amino 330ml Waikiki,4,9386.94
827,PN Store,616,5/21/2023,Сурталчилгаанд/6sar,Ундаа Amino 330ml Raspberry,4,8603.73
828,PN Store,616,5/21/2023,Сурталчилгаанд/6sar,Ундаа Amino 330ml Passion fruit,4,9276.99
829,PN Store,616,5/21/2023,Сурталчилгаанд/6sar,Ундаа Collagen vibe 330ml Passion fruit,1,1598.1
830,PN Store,616,5/21/2023,Сурталчилгаанд/6sar,Ундаа Collagen vibe 330ml Pineapple coconut,10,14433.54
831,PN Store,617,5/21/2023,Сурталчилгаанд/5сар/,Snack 12*45g Chocolate,4,20117.65
832,PN Store,617,5/21/2023,Сурталчилгаанд/5сар/,Protein wafer,2,5832.43
833,PN Store,617,5/21/2023,Сурталчилгаанд/5сар/,Protein snap,2,4141.87
834,PN Store,617,5/21/2023,Сурталчилгаанд/5сар/,ZMA 60ш,1,7149.61
835,PN Store,617,5/21/2023,Сурталчилгаанд/5сар/,ISO Whey 500g - Hazelnut,1,55931.95
836,PN Store,617,5/21/2023,Сурталчилгаанд/5сар/,Ундаа Amino 330ml Passion fruit,12,27830.98
837,PN Store,617,5/21/2023,Сурталчилгаанд/5сар/,Ундаа Amino 330ml Raspberry,12,25811.18
838,PN Store,617,5/21/2023,Сурталчилгаанд/5сар/,Protein bar 15*55g Choco caramel,2,6694.61
839,PN Store,617,5/21/2023,Сурталчилгаанд/5сар/,Power Amino,1,26875.42
840,PN Store,617,5/21/2023,Сурталчилгаанд/5сар/,Vitamin D3 K2 /60ш/,1,6781.52
841,PN Store,625,5/22/2023,Сурталчилгаанд/борлуулалтын урамшуулал/,Ундаа Amino 330ml Waikiki,24,56321.62
842,PN Store,634,5/23/2023,Сурталчилгаанд   тэмцээний ивээн тэтгэлэг,Power professional,1,32282.68
843,PN Store,634,5/23/2023,Сурталчилгаанд   тэмцээний ивээн тэтгэлэг,Nitrox sample - Blue grape 17g,11,31865.39
844,PN Store,634,5/23/2023,Сурталчилгаанд   тэмцээний ивээн тэтгэлэг,ISO Whey sample - Chocolate 25g,5,19542.21
845,PN Store,634,5/23/2023,Сурталчилгаанд   тэмцээний ивээн тэтгэлэг,Zero bar Hazelnut 50g,5,22066.3
846,PN Store,634,5/23/2023,Сурталчилгаанд   тэмцээний ивээн тэтгэлэг,ISO Whey sample - Pineapple 25g,5,20051.07
847,PN Store,634,5/23/2023,Сурталчилгаанд   тэмцээний ивээн тэтгэлэг,Zero bar Chocolate 50g,5,22030.82
848,PN Store,634,5/23/2023,Сурталчилгаанд   тэмцээний ивээн тэтгэлэг,EAA Zero 350g blue grape,1,50461.05
849,PN Store,634,5/23/2023,Сурталчилгаанд   тэмцээний ивээн тэтгэлэг,Protein cream 400g White chocolate Hazelnut,1,12632.7
850,PN Store,634,5/23/2023,Сурталчилгаанд   тэмцээний ивээн тэтгэлэг,ISO Whey 500g - Hazelnut,1,55931.95
851,PN Store,635,5/23/2023,Сурталчилгаанд  ган спорт комплекс,Ундаа Collagen vibe 330ml Mojito,1,1558.22
852,PN Store,635,5/23/2023,Сурталчилгаанд  ган спорт комплекс,Ундаа Collagen vibe 330ml Pineapple coconut,1,1443.35
853,PN Store,635,5/23/2023,Сурталчилгаанд  ган спорт комплекс,Ундаа Collagen vibe 330ml Passion fruit,1,1598.1
854,PN Store,636,5/23/2023,Сурталчилгаанд m sports,ZMA 60ш,3,21448.82
855,PN Store,636,5/23/2023,Сурталчилгаанд m sports,Vitamin D3 K2 /60ш/,3,20344.54
856,PN Store,636,5/23/2023,Сурталчилгаанд m sports,Vitamin C 60ш,3,35638.58
857,PN Store,637,5/23/2023,"Сурталчилгаанд 4,5 Сар хэрэглээ",Ундаа Amino 330ml Waikiki,6,14080.4
858,PN Store,637,5/23/2023,"Сурталчилгаанд 4,5 Сар хэрэглээ",Ундаа Amino 330ml Super pear,6,11322.29
859,PN Store,637,5/23/2023,"Сурталчилгаанд 4,5 Сар хэрэглээ",Ундаа Amino 330ml Lemon soda,6,12312.92
860,PN Store,637,5/23/2023,"Сурталчилгаанд 4,5 Сар хэрэглээ",Ундаа Amino 330ml Passion fruit,6,13915.49
861,PN Store,637,5/23/2023,"Сурталчилгаанд 4,5 Сар хэрэглээ",Ундаа Collagen vibe 330ml Passion fruit,10,15981.01
862,PN Store,637,5/23/2023,"Сурталчилгаанд 4,5 Сар хэрэглээ",Ундаа Collagen vibe 330ml Mojito,10,15582.25
863,PN Store,637,5/23/2023,"Сурталчилгаанд 4,5 Сар хэрэглээ",Ундаа Collagen vibe 330ml Pineapple coconut,10,14433.54
864,PN Store,637,5/23/2023,"Сурталчилгаанд 4,5 Сар хэрэглээ",Ундаа Amino 330ml Raspberry,6,12905.59
865,PN Store,643,5/24/2023,Сурталчилгаанд борлуулалтын урамшуулал,Ундаа Collagen vibe 330ml Passion fruit,24,38354.42
866,PN Store,660,5/25/2023,Сурталчилгаанд/ borluulaltiin uramshuulal/,Ундаа Amino 330ml Raspberry,24,51622.37
867,PN Store,661,5/25/2023,Сурталчилгаанд 5 сар хэрэглээ,ISO Whey 500g - Raspberry,2,111863.89
868,PN Store,662,5/25/2023,Сурталчилгаанд 5 сар хэрэглээ,Protein chips 7*40g Barbeque,1,3338.85
869,PN Store,662,5/25/2023,Сурталчилгаанд 5 сар хэрэглээ,ISO Whey 500g - Raspberry,3,167795.84
870,PN Store,662,5/25/2023,Сурталчилгаанд 5 сар хэрэглээ,ISO Whey 500g - Coconut,3,167795.84
871,PN Store,662,5/25/2023,Сурталчилгаанд 5 сар хэрэглээ,Crush Bar - Cookiescream 64g,4,24821.14
872,PN Store,662,5/25/2023,Сурталчилгаанд 5 сар хэрэглээ,Zero bar Hazelnut 50g,2,8826.52
873,PN Store,662,5/25/2023,Сурталчилгаанд 5 сар хэрэглээ,Crush Bar - Toffee coconut 64g,4,24821.07
874,PN Store,662,5/25/2023,Сурталчилгаанд 5 сар хэрэглээ,Protein cream 400g peanut butter smooth,2,25276.19
875,PN Store,662,5/25/2023,Сурталчилгаанд 5 сар хэрэглээ,Power Amino,4,107501.66
876,PN Store,662,5/25/2023,Сурталчилгаанд 5 сар хэрэглээ,Ундаа Amino 330ml Super pear,2,3774.1
877,PN Store,662,5/25/2023,Сурталчилгаанд 5 сар хэрэглээ,ISO Whey 500g - Hazelnut,4,223727.78
878,PN Store,662,5/25/2023,Сурталчилгаанд 5 сар хэрэглээ,ISO Whey 500g - Tiramisu,4,223727.78
879,PN Store,662,5/25/2023,Сурталчилгаанд 5 сар хэрэглээ,Ундаа Amino 330ml Raspberry,1,2150.93
880,PN Store,662,5/25/2023,Сурталчилгаанд 5 сар хэрэглээ,Protein cream 400g Caramel,2,25273.86
881,PN Store,662,5/25/2023,Сурталчилгаанд 5 сар хэрэглээ,Crush Bar - Chocolate 64g,3,18615.4
882,PN Store,662,5/25/2023,Сурталчилгаанд 5 сар хэрэглээ,Ундаа Amino 330ml Waikiki,2,4693.47
883,PN Store,662,5/25/2023,Сурталчилгаанд 5 сар хэрэглээ,Ундаа Collagen vibe 330ml Mojito,2,3116.45
884,PN Store,662,5/25/2023,Сурталчилгаанд 5 сар хэрэглээ,Ундаа Collagen vibe 330ml Pineapple coconut,3,4330.06
885,PN Store,676,5/26/2023,Акт 5-26,Ундаа Amino 330ml Raspberry,10,21509.32
886,PN Store,676,5/26/2023,Акт 5-26,Ундаа Amino 330ml Passion fruit,6,13915.49
887,PN Store,676,5/26/2023,Акт 5-26,Club mate 500мл,14,51643.86
888,PN Store,676,5/26/2023,Акт 5-26,Ундаа Collagen vibe 330ml Mojito,14,21815.15
889,PN Store,676,5/26/2023,Акт 5-26,Ундаа Amino 330ml Waikiki,24,56321.62
890,PN Store,676,5/26/2023,Акт 5-26,Ундаа Amino 330ml Super pear,58,109448.81
891,PN Store,676,5/26/2023,Акт 5-26,Ундаа Amino 330ml Lemon soda,29,59512.46
892,PN Store,683,5/27/2023,Ажилчдын хэрэглээ,Ундаа Collagen vibe 330ml Mojito,8,12465.95
893,PN Store,683,5/27/2023,Ажилчдын хэрэглээ,Ундаа Amino 330ml Raspberry,8,17207.46
894,PN Store,683,5/27/2023,Ажилчдын хэрэглээ,Ундаа Amino 330ml Waikiki,8,18773.84
895,PN Store,683,5/27/2023,Ажилчдын хэрэглээ,Club mate 500мл,20,73776.94
896,PN Store,683,5/27/2023,Ажилчдын хэрэглээ,Ундаа Collagen vibe 330ml Pineapple coconut,8,11546.83
897,PN Store,683,5/27/2023,Ажилчдын хэрэглээ,Ундаа Amino 330ml Passion fruit,8,18553.99
898,PN Store,683,5/27/2023,Ажилчдын хэрэглээ,Ундаа Collagen vibe 330ml Passion fruit,8,12784.8
899,PN Store,695,5/29/2023,Сурталчилгаанд  BORLUUALTIIN URAMSHUULAL,Ундаа Collagen vibe 330ml Mojito,24,37397.85
900,PN Store,696,5/29/2023,Сурталчилгаанд   505 AMTALGAA(Club mate 500мл үлдэгдэл хүрэлцэхгүй 330мл гаргасан),Club mate 500мл,2,7377.69
901,PN Store,705,5/30/2023,Сурталчилгаанд borluulaltiin uramshuulal,Ундаа Collagen vibe 330ml Passion fruit,24,38354.42
902,PN Store,712,5/31/2023,Сурталчилгаанд borluulaltiin uramshuulal  naadam 1,Ундаа Amino 330ml Passion fruit,24,55661.96
903,PN Store,713,5/31/2023,Сурталчилгаанд borluulaltiin uramshuulal,Ундаа Amino 330ml Waikiki,24,56321.52
904,PN Store,714,5/31/2023,Сурталчилгаанд be summer lig,Zinc 60ш,5,37718.03
905,PN Store,714,5/31/2023,Сурталчилгаанд be summer lig,Vitamin D3 K2 /60ш/,5,33907.58
906,PN Store,714,5/31/2023,Сурталчилгаанд be summer lig,Vitamin C 60ш,5,59397.64
907,PN Store,726,6/2/2023,Сурталчилгаанд(Гарын бэлэг УБ марафон),ISO Whey sample - Bananas 25g,6,24061.29
908,PN Store,726,6/2/2023,Сурталчилгаанд(Гарын бэлэг УБ марафон),Nitrox sample - Blue grape 17g,1,2896.85
909,PN Store,726,6/2/2023,Сурталчилгаанд(Гарын бэлэг УБ марафон),Protein cream 400g White chocolate Hazelnut,3,37898.11
910,PN Store,726,6/2/2023,Сурталчилгаанд(Гарын бэлэг УБ марафон),Ундаа Collagen vibe 330ml Mojito,24,37397.85
911,PN Store,726,6/2/2023,Сурталчилгаанд(Гарын бэлэг УБ марафон),Ундаа Amino 330ml Lemon soda,24,49249.98
912,PN Store,727,6/2/2023,Бараа материалын борлуулалт(Борлуулалтын урамшуулал),Ундаа Amino 330ml Raspberry,24,51622.37
913,PN Store,728,6/2/2023,Сурталчилгаанд(6р сарын хэрэглээ tiramisu хүрэхгүй hazelnut-р гаргасан),MSM+ Vitamin C 150g,1,18668.2
914,PN Store,728,6/2/2023,Сурталчилгаанд(6р сарын хэрэглээ tiramisu хүрэхгүй hazelnut-р гаргасан),ISO Whey 500g - Coconut,1,55931.95
915,PN Store,728,6/2/2023,Сурталчилгаанд(6р сарын хэрэглээ tiramisu хүрэхгүй hazelnut-р гаргасан),EAA Zero 350g blue grape,2,100922.09
916,PN Store,728,6/2/2023,Сурталчилгаанд(6р сарын хэрэглээ tiramisu хүрэхгүй hazelnut-р гаргасан),ISO Whey 500g - Tiramisu,1,55931.95
917,PN Store,728,6/2/2023,Сурталчилгаанд(6р сарын хэрэглээ tiramisu хүрэхгүй hazelnut-р гаргасан),EAA Zero 350g Lemon,2,100984.1
918,PN Store,728,6/2/2023,Сурталчилгаанд(6р сарын хэрэглээ tiramisu хүрэхгүй hazelnut-р гаргасан),Shaker 600ml,2,11245.58
919,PN Store,728,6/2/2023,Сурталчилгаанд(6р сарын хэрэглээ tiramisu хүрэхгүй hazelnut-р гаргасан),Ундаа Amino 330ml Passion fruit,4,9276.99
920,PN Store,728,6/2/2023,Сурталчилгаанд(6р сарын хэрэглээ tiramisu хүрэхгүй hazelnut-р гаргасан),Ундаа Collagen vibe 330ml Passion fruit,4,6392.4
921,PN Store,728,6/2/2023,Сурталчилгаанд(6р сарын хэрэглээ tiramisu хүрэхгүй hazelnut-р гаргасан),Ундаа Amino 330ml Super pear,4,7548.16
922,PN Store,728,6/2/2023,Сурталчилгаанд(6р сарын хэрэглээ tiramisu хүрэхгүй hazelnut-р гаргасан),Ундаа Collagen vibe 330ml Pineapple coconut,4,5773.41
923,PN Store,728,6/2/2023,Сурталчилгаанд(6р сарын хэрэглээ tiramisu хүрэхгүй hazelnut-р гаргасан),ISO Whey 500g - Raspberry,1,55931.95
924,PN Store,728,6/2/2023,Сурталчилгаанд(6р сарын хэрэглээ tiramisu хүрэхгүй hazelnut-р гаргасан),Ундаа Amino 330ml Waikiki,4,9386.92
925,PN Store,728,6/2/2023,Сурталчилгаанд(6р сарын хэрэглээ tiramisu хүрэхгүй hazelnut-р гаргасан),Ундаа Collagen vibe 330ml Mojito,4,6232.98
926,PN Store,737,6/3/2023,Сурталчилгаанд((ganbaatar_ice нэр оруулах)Хэрэглээгээ хүргэлтээр авсан. Энхбаяр ахад хүргэлтийн мөнгө өгөх(ganbaatar_ice)),Ундаа Amino 330ml Lemon soda,4,8208.33
927,PN Store,737,6/3/2023,Сурталчилгаанд((ganbaatar_ice нэр оруулах)Хэрэглээгээ хүргэлтээр авсан. Энхбаяр ахад хүргэлтийн мөнгө өгөх(ganbaatar_ice)),Ундаа Amino 330ml Raspberry,4,8603.73
928,PN Store,737,6/3/2023,Сурталчилгаанд((ganbaatar_ice нэр оруулах)Хэрэглээгээ хүргэлтээр авсан. Энхбаяр ахад хүргэлтийн мөнгө өгөх(ganbaatar_ice)),Ундаа Amino 330ml Waikiki,4,9386.92
929,PN Store,737,6/3/2023,Сурталчилгаанд((ganbaatar_ice нэр оруулах)Хэрэглээгээ хүргэлтээр авсан. Энхбаяр ахад хүргэлтийн мөнгө өгөх(ganbaatar_ice)),Ундаа Collagen vibe 330ml Mojito,4,6232.98
930,PN Store,737,6/3/2023,Сурталчилгаанд((ganbaatar_ice нэр оруулах)Хэрэглээгээ хүргэлтээр авсан. Энхбаяр ахад хүргэлтийн мөнгө өгөх(ganbaatar_ice)),Ундаа Amino 330ml Passion fruit,4,9276.99
931,PN Store,737,6/3/2023,Сурталчилгаанд((ganbaatar_ice нэр оруулах)Хэрэглээгээ хүргэлтээр авсан. Энхбаяр ахад хүргэлтийн мөнгө өгөх(ganbaatar_ice)),Ундаа Collagen vibe 330ml Passion fruit,3,4794.3
932,PN Store,737,6/3/2023,Сурталчилгаанд((ganbaatar_ice нэр оруулах)Хэрэглээгээ хүргэлтээр авсан. Энхбаяр ахад хүргэлтийн мөнгө өгөх(ganbaatar_ice)),Ундаа Collagen vibe 330ml Pineapple coconut,3,4330.06
933,PN Store,737,6/3/2023,Сурталчилгаанд((ganbaatar_ice нэр оруулах)Хэрэглээгээ хүргэлтээр авсан. Энхбаяр ахад хүргэлтийн мөнгө өгөх(ganbaatar_ice)),Ундаа Amino 330ml Super pear,4,7548.16
934,PN Store,745,6/5/2023,Сурталчилгаанд(Борлуулалтын урамшуулал),Ундаа Amino 330ml Lemon soda,24,49249.98
935,PN Store,746,6/5/2023,Сурталчилгаанд(Борлуулалтын урамшуулал),Ундаа Amino 330ml Lemon soda,24,49249.98
936,PN Store,755,6/6/2023,Сурталчилгаанд,Ундаа Collagen vibe 330ml Passion fruit,24,38354.41
937,PN Store,769,6/7/2023,Сурталчилгаанд amtalgaand,Club mate 500мл,2,7377.69
938,PN Store,782,6/8/2023,Сурталчилгаанд/ summer league/,Vitamin D3 K2 /60ш/,3,20344.54
939,PN Store,782,6/8/2023,Сурталчилгаанд/ summer league/,ZMA 60ш,3,21448.82
940,PN Store,782,6/8/2023,Сурталчилгаанд/ summer league/,Vitamin C 60ш,3,35638.58
941,PN Store,783,6/8/2023,Сурталчилгаанд/ borluulaltiin uramshuulal/,Ундаа Amino 330ml Raspberry,24,51622.37
942,PN Store,784,6/8/2023,Сурталчилгаанд/ golds hereglee/,Club mate 500мл,20,73776.94
943,PN Store,784,6/8/2023,Сурталчилгаанд/ golds hereglee/,Ундаа Amino 330ml Super pear,12,22644.47
944,PN Store,784,6/8/2023,Сурталчилгаанд/ golds hereglee/,Ундаа Collagen vibe 330ml Mojito,24,37397.85
945,PN Store,784,6/8/2023,Сурталчилгаанд/ golds hereglee/,Ундаа Amino 330ml Passion fruit,12,27830.98
946,PN Store,785,6/8/2023,Ажилчидын хэрэглээ 6 сар,Protein cream 400g Chocolate hazelnut,2,25296.96
947,PN Store,785,6/8/2023,Ажилчидын хэрэглээ 6 сар,Crush Bar - Toffee coconut 64g,4,24820.53
948,PN Store,785,6/8/2023,Ажилчидын хэрэглээ 6 сар,Nitrox sample - Blue grape 17g,1,2896.85
949,PN Store,785,6/8/2023,Ажилчидын хэрэглээ 6 сар,EAA Zero 350g blue grape,1,50461.05
950,PN Store,785,6/8/2023,Ажилчидын хэрэглээ 6 сар,ISO Whey 500g - Hazelnut,2,111863.89
951,PN Store,785,6/8/2023,Ажилчидын хэрэглээ 6 сар,ISO Whey 500g - Raspberry,2,111863.89
952,PN Store,785,6/8/2023,Ажилчидын хэрэглээ 6 сар,Protein bar 15*55g Cookies cream,3,10041.92
953,PN Store,785,6/8/2023,Ажилчидын хэрэглээ 6 сар,Protein cream 400g peanut butter smooth,1,12638.09
954,PN Store,785,6/8/2023,Ажилчидын хэрэглээ 6 сар,Power Amino,1,26875.41
955,PN Store,785,6/8/2023,Ажилчидын хэрэглээ 6 сар,Tribooster 60ш,1,31641.9
956,PN Store,785,6/8/2023,Ажилчидын хэрэглээ 6 сар,Protein bar 15*55g Choco caramel,4,13389.23
957,PN Store,785,6/8/2023,Ажилчидын хэрэглээ 6 сар,Protein cream 400g Caramel,1,12636.93
958,PN Store,785,6/8/2023,Ажилчидын хэрэглээ 6 сар,Crush Bar - Chocolate 64g,3,18615.4
959,PN Store,785,6/8/2023,Ажилчидын хэрэглээ 6 сар,Power BCAA - Watermelon 420g,1,34035.3
960,PN Store,785,6/8/2023,Ажилчидын хэрэглээ 6 сар,Energy gel 60g Orange,1,3422.35
961,PN Store,785,6/8/2023,Ажилчидын хэрэглээ 6 сар,Protein chips 7*40g Barbeque,1,3338.85
962,PN Store,785,6/8/2023,Ажилчидын хэрэглээ 6 сар,Protein wafer,2,5832.43
963,PN Store,785,6/8/2023,Ажилчидын хэрэглээ 6 сар,Shaker 600ml /угсардаг нэмэлттэй/ таслагчтай,1,0
964,PN Store,785,6/8/2023,Ажилчидын хэрэглээ 6 сар,Magna shot 25ml,6,18716.71
965,PN Store,785,6/8/2023,Ажилчидын хэрэглээ 6 сар,Zero bar Chocolate 50g,3,13217.59
966,PN Store,785,6/8/2023,Ажилчидын хэрэглээ 6 сар,Crush Bar - Cookiescream 64g,4,24820.16
967,PN Store,785,6/8/2023,Ажилчидын хэрэглээ 6 сар,Snack 12*45g Vanilla,2,10058.83
968,PN Store,785,6/8/2023,Ажилчидын хэрэглээ 6 сар,Protein cream 400g Duo white chocolate-chocolate,2,25273.86
969,PN Store,785,6/8/2023,Ажилчидын хэрэглээ 6 сар,MSM+ Vitamin C 150g,2,37336.4
970,PN Store,785,6/8/2023,Ажилчидын хэрэглээ 6 сар,Protein cream 400g White chocolate Hazelnut,1,12632.7
971,PN Store,785,6/8/2023,Ажилчидын хэрэглээ 6 сар,Zero bar Hazelnut 50g,3,13239.78
972,PN Store,785,6/8/2023,Ажилчидын хэрэглээ 6 сар,Protein bar 15*55g Caramel peanuts,3,10041.92
973,PN Store,785,6/8/2023,Ажилчидын хэрэглээ 6 сар,Protein snap,3,6212.81
974,PN Store,785,6/8/2023,Ажилчидын хэрэглээ 6 сар,Energy Gel 60g Peach,1,3503.66
975,PN Store,785,6/8/2023,Ажилчидын хэрэглээ 6 сар,Hyper Mass - Caramel cappuchino 1kg,1,28455.15
976,PN Store,785,6/8/2023,Ажилчидын хэрэглээ 6 сар,Vitamin C 60ш,3,35638.58
977,PN Store,785,6/8/2023,Ажилчидын хэрэглээ 6 сар,Glucosamine 60caps,2,42494.4
978,PN Store,785,6/8/2023,Ажилчидын хэрэглээ 6 сар,Sleep & Relax 450g,7,283598.66
979,PN Store,785,6/8/2023,Ажилчидын хэрэглээ 6 сар,Vitamin D3 K2 /60ш/,4,27126.06
980,PN Store,793,6/9/2023,Сурталчилгаанд gold s zahirald,Hyper Mass - Caramel cappuchino 1kg,1,28455.15
981,PN Store,793,6/9/2023,Сурталчилгаанд gold s zahirald,Power Mass - Vanilla 5kg,1,95344.78
982,PN Store,793,6/9/2023,Сурталчилгаанд gold s zahirald,Nitrox sample - Blue grape 17g,4,11587.41
983,PN Store,793,6/9/2023,Сурталчилгаанд gold s zahirald,Nitrox sample - Tropical 17g,6,17729.37
984,PN Store,794,6/9/2023,Сурталчилгаанд gold s borluulaltiin uramshuulal,Ундаа Amino 330ml Lemon soda,24,49249.98
985,PN Store,795,6/9/2023,Сурталчилгаанд/ avarga bagts uramshuulal/,ISO Whey sample - Pineapple 25g,2,8020.43
986,PN Store,795,6/9/2023,Сурталчилгаанд/ avarga bagts uramshuulal/,Nitrox sample - Cranberry 17g,1,2954.89
987,PN Store,804,6/10/2023,Сурталчилгаанд/ batghuyag hereglee/,Protein cream 400g White chocolate Hazelnut,1,12632.7
988,PN Store,804,6/10/2023,Сурталчилгаанд/ batghuyag hereglee/,Power BCAA - Cola 1х*6ш*420гр,1,34102.03
989,PN Store,804,6/10/2023,Сурталчилгаанд/ batghuyag hereglee/,ISO Whey 500g - Raspberry,1,55931.94
990,PN Store,804,6/10/2023,Сурталчилгаанд/ batghuyag hereglee/,Shaker 600ml,1,5622.79
991,PN Store,804,6/10/2023,Сурталчилгаанд/ batghuyag hereglee/,Power professional,1,32282.68
992,PN Store,807,6/11/2023,Сурталчилгаанд/gym амталгаа/,Ундаа Amino 330ml Waikiki,8,18773.84
993,PN Store,807,6/11/2023,Сурталчилгаанд/gym амталгаа/,Ундаа Amino 330ml Passion fruit,16,37107.97
994,PN Store,807,6/11/2023,Сурталчилгаанд/gym амталгаа/,Ундаа Amino 330ml Lemon soda,18,36937.49
995,PN Store,807,6/11/2023,Сурталчилгаанд/gym амталгаа/,Ундаа Amino 330ml Super pear,8,15096.31
996,PN Store,807,6/11/2023,Сурталчилгаанд/gym амталгаа/,Ундаа Amino 330ml Raspberry,8,17207.46
997,PN Store,808,6/11/2023,Сурталчилгаанд/msports/,Protein wafer,2,5832.43
998,PN Store,808,6/11/2023,Сурталчилгаанд/msports/,Ундаа Amino 330ml Super pear,1,1887.04
999,PN Store,808,6/11/2023,Сурталчилгаанд/msports/,Ундаа Amino 330ml Passion fruit,1,2319.25
1000,PN Store,808,6/11/2023,Сурталчилгаанд/msports/,Protein cream 400g White chocolate Hazelnut,2,25265.41
1001,PN Store,808,6/11/2023,Сурталчилгаанд/msports/,Protein bar 15*55g Caramel peanuts,2,6694.61
1002,PN Store,808,6/11/2023,Сурталчилгаанд/msports/,Protein snap,2,4141.87
1003,PN Store,808,6/11/2023,Сурталчилгаанд/msports/,Ундаа Amino 330ml Lemon soda,1,2052.08
1004,PN Store,808,6/11/2023,Сурталчилгаанд/msports/,Ундаа Amino 330ml Waikiki,1,2346.73
1005,PN Store,809,6/11/2023,Сурталчилгаанд/gym үрамшуулал/,Ундаа Collagen vibe 330ml Passion fruit,48,76708.83
1006,PN Store,809,6/11/2023,Сурталчилгаанд/gym үрамшуулал/,Ундаа Collagen vibe 330ml Pineapple coconut,48,69280.97
1007,PN Store,809,6/11/2023,Сурталчилгаанд/gym үрамшуулал/,Ундаа Collagen vibe 330ml Mojito,50,77912.2
1008,PN Store,810,6/11/2023,Сурталчилгаанд/95072005 avarga bagts uramshuulal/,ISO Whey sample - Pineapple 25g,1,4010.22
1009,PN Store,810,6/11/2023,Сурталчилгаанд/95072005 avarga bagts uramshuulal/,ISO Whey sample - Bananas 25g,1,4010.22
1010,PN Store,810,6/11/2023,Сурталчилгаанд/95072005 avarga bagts uramshuulal/,Nitrox sample - Cranberry 17g,1,2954.9
1011,PN Store,820,6/13/2023,Сурталчилгаанд Наадам 1  GOLDS РУУ амталгаанд гаргав,Ундаа Amino 330ml Lemon soda,8,16416.66
1012,PN Store,820,6/13/2023,Сурталчилгаанд Наадам 1  GOLDS РУУ амталгаанд гаргав,Ундаа Amino 330ml Waikiki,4,9386.92
1013,PN Store,820,6/13/2023,Сурталчилгаанд Наадам 1  GOLDS РУУ амталгаанд гаргав,Ундаа Collagen vibe 330ml Mojito,8,12465.95
1014,PN Store,820,6/13/2023,Сурталчилгаанд Наадам 1  GOLDS РУУ амталгаанд гаргав,Ундаа Amino 330ml Raspberry,4,8603.73
1015,PN Store,820,6/13/2023,Сурталчилгаанд Наадам 1  GOLDS РУУ амталгаанд гаргав,Ундаа Collagen vibe 330ml Pineapple coconut,7,10103.48
1016,PN Store,820,6/13/2023,Сурталчилгаанд Наадам 1  GOLDS РУУ амталгаанд гаргав,Ундаа Amino 330ml Super pear,4,7548.16
1017,PN Store,820,6/13/2023,Сурталчилгаанд Наадам 1  GOLDS РУУ амталгаанд гаргав,Ундаа Amino 330ml Passion fruit,4,9276.99
1018,PN Store,820,6/13/2023,Сурталчилгаанд Наадам 1  GOLDS РУУ амталгаанд гаргав,Ундаа Collagen vibe 330ml Passion fruit,7,11186.7
1019,PN Store,821,6/13/2023,Сурталчилгаанд borluulaltiin uramshuulal,Ундаа Amino 330ml Passion fruit,24,55661.96
1020,PN Store,822,6/13/2023,Сурталчилгаанд /Эрхэмээ захирал авав/,Ундаа Amino 330ml Super pear,1,1887.04
1021,PN Store,822,6/13/2023,Сурталчилгаанд /Эрхэмээ захирал авав/,Ундаа Collagen vibe 330ml Mojito,1,1558.24
1022,PN Store,822,6/13/2023,Сурталчилгаанд /Эрхэмээ захирал авав/,Ундаа Amino 330ml Raspberry,1,2150.93
1023,PN Store,822,6/13/2023,Сурталчилгаанд /Эрхэмээ захирал авав/,Power boost - Lemon 1х*6ш*360гр,1,32257.35
1024,PN Store,822,6/13/2023,Сурталчилгаанд /Эрхэмээ захирал авав/,Ундаа Amino 330ml Lemon soda,1,2052.08
1025,PN Store,822,6/13/2023,Сурталчилгаанд /Эрхэмээ захирал авав/,Ундаа Amino 330ml Waikiki,1,2346.73
1026,PN Store,822,6/13/2023,Сурталчилгаанд /Эрхэмээ захирал авав/,Ундаа Collagen vibe 330ml Pineapple coconut,1,1443.35
1027,PN Store,822,6/13/2023,Сурталчилгаанд /Эрхэмээ захирал авав/,Ундаа Amino 330ml Passion fruit,1,2319.25
1028,PN Store,822,6/13/2023,Сурталчилгаанд /Эрхэмээ захирал авав/,Ундаа Collagen vibe 330ml Passion fruit,1,1598.1
1029,PN Store,832,6/14/2023,Сурталчилгаанд Аварга багц бэлэг хасалт хийв,ISO Whey sample - Pineapple 25g,1,4010.21
1030,PN Store,832,6/14/2023,Сурталчилгаанд Аварга багц бэлэг хасалт хийв,Nitrox sample - Cranberry 17g,1,2954.9
1031,PN Store,832,6/14/2023,Сурталчилгаанд Аварга багц бэлэг хасалт хийв,ISO Whey sample - Bananas 25g,1,4010.21
1032,PN Store,833,6/14/2023,"Сурталчилгаанд/ royal, naadam1 uramshuulal/",Ундаа Amino 330ml Passion fruit,24,55661.96
1033,PN Store,833,6/14/2023,"Сурталчилгаанд/ royal, naadam1 uramshuulal/",Ундаа Amino 330ml Lemon soda,48,98499.96
1034,PN Store,834,6/14/2023,Сурталчилгаанд,Ундаа Amino 330ml Lemon soda,24,49249.98
1035,PN Store,848,6/15/2023,Сурталчилгаанд,Ундаа Amino 330ml Lemon soda,24,49249.98
1036,PN Store,849,6/15/2023,Сурталчилгаанд/ erdenet yvuulav gariin beleg/,Nitrox sample - Tropical 17g,20,59097.9
1037,PN Store,849,6/15/2023,Сурталчилгаанд/ erdenet yvuulav gariin beleg/,Shaker 600ml,1,5622.79
1038,PN Store,849,6/15/2023,Сурталчилгаанд/ erdenet yvuulav gariin beleg/,Vitamin C 60ш,1,11879.53
1039,PN Store,849,6/15/2023,Сурталчилгаанд/ erdenet yvuulav gariin beleg/,Snack 12*45g Peach,4,20117.65
1040,PN Store,849,6/15/2023,Сурталчилгаанд/ erdenet yvuulav gariin beleg/,Protein chips 7*40g sour cream&onion,3,10019.15
1041,PN Store,849,6/15/2023,Сурталчилгаанд/ erdenet yvuulav gariin beleg/,Power professional,1,32282.68
1042,PN Store,849,6/15/2023,Сурталчилгаанд/ erdenet yvuulav gariin beleg/,Ундаа Collagen vibe 330ml Mojito,4,6232.98
1043,PN Store,849,6/15/2023,Сурталчилгаанд/ erdenet yvuulav gariin beleg/,Protein cream 400g White chocolate Hazelnut,5,63163.52
1044,PN Store,849,6/15/2023,Сурталчилгаанд/ erdenet yvuulav gariin beleg/,ISO Whey 500g - Coconut,1,55931.95
1045,PN Store,849,6/15/2023,Сурталчилгаанд/ erdenet yvuulav gariin beleg/,ISO Whey 500g - White chocolate,1,55931.94
1046,PN Store,849,6/15/2023,Сурталчилгаанд/ erdenet yvuulav gariin beleg/,Protein wafer,4,11664.86
1047,PN Store,849,6/15/2023,Сурталчилгаанд/ erdenet yvuulav gariin beleg/,Ундаа Amino 330ml Lemon soda,20,41041.65
1048,PN Store,849,6/15/2023,Сурталчилгаанд/ erdenet yvuulav gariin beleg/,Protein snap,4,8283.74
1049,PN Store,849,6/15/2023,Сурталчилгаанд/ erdenet yvuulav gariin beleg/,ISO Whey sample - Bananas 25g,14,56143.01
1050,PN Store,849,6/15/2023,Сурталчилгаанд/ erdenet yvuulav gariin beleg/,Protein bar 15*55g Cookies cream,4,13389.23
1051,PN Store,849,6/15/2023,Сурталчилгаанд/ erdenet yvuulav gariin beleg/,Nitrox sample - Cranberry 17g,3,8864.68
1052,PN Store,849,6/15/2023,Сурталчилгаанд/ erdenet yvuulav gariin beleg/,Protein chips 7*40g Barbeque,3,10016.56
1053,PN Store,849,6/15/2023,Сурталчилгаанд/ erdenet yvuulav gariin beleg/,Zinc 60ш,1,7543.6
1054,PN Store,849,6/15/2023,Сурталчилгаанд/ erdenet yvuulav gariin beleg/,ISO Whey sample - Pineapple 25g,6,24061.29
1055,PN Store,849,6/15/2023,Сурталчилгаанд/ erdenet yvuulav gariin beleg/,Ундаа Collagen vibe 330ml Pineapple coconut,4,5773.41
1056,PN Store,849,6/15/2023,Сурталчилгаанд/ erdenet yvuulav gariin beleg/,Ундаа Collagen vibe 330ml Passion fruit,4,6392.4
1057,PN Store,850,6/15/2023,Сурталчилгаанд/Be summer leagueruu/,Vitamin D3 K2 /60ш/,3,20344.54
1058,PN Store,850,6/15/2023,Сурталчилгаанд/Be summer leagueruu/,Zinc 60ш,3,22630.81
1059,PN Store,850,6/15/2023,Сурталчилгаанд/Be summer leagueruu/,Vitamin C 60ш,3,35638.58
1060,PN Store,861,6/16/2023,Сурталчилгаанд,Ундаа Amino 330ml Lemon soda,24,49249.98
1061,PN Store,862,6/16/2023,Сурталчилгаанд,ISO Whey 500g - White chocolate,1,55931.95
1062,PN Store,863,6/16/2023,Акт 6-16,Ундаа Collagen vibe 330ml Mojito,2,3116.49
1063,PN Store,863,6/16/2023,Акт 6-16,Ундаа Amino 330ml Waikiki,15,35200.95
1064,PN Store,863,6/16/2023,Акт 6-16,Ундаа Amino 330ml Raspberry,10,21509.32
1065,PN Store,863,6/16/2023,Акт 6-16,Nitrox sample - Tropical 17g,2,5909.79
1066,PN Store,863,6/16/2023,Акт 6-16,Ундаа Amino 330ml Super pear,105,198139.08
1067,PN Store,863,6/16/2023,Акт 6-16,Club mate 330мл,15,46159.64
1068,PN Store,863,6/16/2023,Акт 6-16,Ундаа Amino 330ml Passion fruit,10,23192.48
1069,PN Store,863,6/16/2023,Акт 6-16,Ундаа Collagen vibe 330ml Pineapple coconut,1,1443.35
1070,PN Store,863,6/16/2023,Акт 6-16,Protein cream 400g Caramel,1,12636.93
1071,PN Store,863,6/16/2023,Акт 6-16,Ундаа Amino 330ml Lemon soda,14,28729.16
1072,PN Store,877,6/19/2023,Сурталчилгаанд/ Baiguullagaas uguv/,Ундаа Amino 330ml Lemon soda,24,49249.98
1073,PN Store,877,6/19/2023,Сурталчилгаанд/ Baiguullagaas uguv/,Club mate 500мл,80,295107.75
1074,PN Store,877,6/19/2023,Сурталчилгаанд/ Baiguullagaas uguv/,Ундаа Amino 330ml Passion fruit,24,55661.96
1075,PN Store,877,6/19/2023,Сурталчилгаанд/ Baiguullagaas uguv/,Ундаа Collagen vibe 330ml Passion fruit,24,38354.41
1076,PN Store,877,6/19/2023,Сурталчилгаанд/ Baiguullagaas uguv/,Ундаа Amino 330ml Waikiki,24,56321.52
1077,PN Store,878,6/19/2023,Сурталчилгаанд/ C gariiin beleg gj yvuulav/,Power Testo 120caps,1,23694.99
1078,PN Store,878,6/19/2023,Сурталчилгаанд/ C gariiin beleg gj yvuulav/,Power professional,1,32282.68
1079,PN Store,878,6/19/2023,Сурталчилгаанд/ C gariiin beleg gj yvuulav/,Nitrox sample - Cranberry 17g,2,5909.79
1080,PN Store,878,6/19/2023,Сурталчилгаанд/ C gariiin beleg gj yvuulav/,Protein cream 400g White chocolate Hazelnut,1,12632.7
1081,PN Store,878,6/19/2023,Сурталчилгаанд/ C gariiin beleg gj yvuulav/,Ундаа Amino 330ml Passion fruit,1,2319.25
1082,PN Store,878,6/19/2023,Сурталчилгаанд/ C gariiin beleg gj yvuulav/,Ундаа Amino 330ml Super pear,1,1887.04
1083,PN Store,878,6/19/2023,Сурталчилгаанд/ C gariiin beleg gj yvuulav/,Snack 12*45g BlueBerry,1,5029.41
1084,PN Store,878,6/19/2023,Сурталчилгаанд/ C gariiin beleg gj yvuulav/,Snack 12*45g Peach,1,5029.41
1085,PN Store,878,6/19/2023,Сурталчилгаанд/ C gariiin beleg gj yvuulav/,Ундаа Amino 330ml Lemon soda,1,2052.08
1086,PN Store,878,6/19/2023,Сурталчилгаанд/ C gariiin beleg gj yvuulav/,Snack 12*45g Vanilla,1,5029.41
1087,PN Store,878,6/19/2023,Сурталчилгаанд/ C gariiin beleg gj yvuulav/,Ундаа Amino 330ml Waikiki,1,2346.73
1088,PN Store,878,6/19/2023,Сурталчилгаанд/ C gariiin beleg gj yvuulav/,Snack 12*45g Caramel,1,5029.41
1089,PN Store,878,6/19/2023,Сурталчилгаанд/ C gariiin beleg gj yvuulav/,ISO Whey sample - Bananas 25g,2,8020.43
1090,PN Store,878,6/19/2023,Сурталчилгаанд/ C gariiin beleg gj yvuulav/,Ундаа Amino 330ml Raspberry,1,2150.93
1091,PN Store,879,6/19/2023,Сурталчилгаанд/ C1 nevtruulegt uguh gj yvuulav/,Ундаа Amino 330ml Raspberry,1,2150.93
1092,PN Store,879,6/19/2023,Сурталчилгаанд/ C1 nevtruulegt uguh gj yvuulav/,Ундаа Amino 330ml Lemon soda,2,4104.17
1093,PN Store,879,6/19/2023,Сурталчилгаанд/ C1 nevtruulegt uguh gj yvuulav/,Ундаа Collagen vibe 330ml Pineapple coconut,2,2886.71
1094,PN Store,879,6/19/2023,Сурталчилгаанд/ C1 nevtruulegt uguh gj yvuulav/,Ундаа Collagen vibe 330ml Passion fruit,2,3196.2
1095,PN Store,879,6/19/2023,Сурталчилгаанд/ C1 nevtruulegt uguh gj yvuulav/,Ундаа Collagen vibe 330ml Mojito,2,3116.49
1096,PN Store,879,6/19/2023,Сурталчилгаанд/ C1 nevtruulegt uguh gj yvuulav/,Ундаа Amino 330ml Super pear,1,1887.04
1097,PN Store,879,6/19/2023,Сурталчилгаанд/ C1 nevtruulegt uguh gj yvuulav/,Ундаа Amino 330ml Waikiki,1,2346.73
1098,PN Store,879,6/19/2023,Сурталчилгаанд/ C1 nevtruulegt uguh gj yvuulav/,Ундаа Amino 330ml Passion fruit,1,2319.25
1099,PN Store,880,6/19/2023,Бараа материалын борлуулалт(Борлуулалтын урамшуулал),Ундаа Amino 330ml Lemon soda,24,49249.98
1100,PN Store,881,6/19/2023,Сурталчилгаанд/ avarga bagts gift/,ISO Whey sample - Bananas 25g,2,8020.43
1101,PN Store,881,6/19/2023,Сурталчилгаанд/ avarga bagts gift/,Nitrox sample - Blue grape 17g,1,2896.85
1102,PN Store,886,6/20/2023,Сурталчилгаанд borluulaltiin uramshuulal,Ундаа Amino 330ml Lemon soda,24,49249.98
1103,PN Store,887,6/20/2023,Сурталчилгаанд borluulaltiin uramshuulal,Ундаа Amino 330ml Passion fruit,24,55661.96
1104,PN Store,888,6/20/2023,Сурталчилгаанд 6 сар хэрэглээ,Hyper Mass - Caramel cappuchino 1kg,2,56910.3
1105,PN Store,888,6/20/2023,Сурталчилгаанд 6 сар хэрэглээ,Snack 12*45g Chocolate,2,10058.83
1106,PN Store,888,6/20/2023,Сурталчилгаанд 6 сар хэрэглээ,Zero bar Hazelnut 50g,6,26479.56
1107,PN Store,888,6/20/2023,Сурталчилгаанд 6 сар хэрэглээ,ISO Whey 500g - Coconut,6,335591.67
1108,PN Store,888,6/20/2023,Сурталчилгаанд 6 сар хэрэглээ,ISO Whey 500g - Raspberry,2,111863.89
1109,PN Store,888,6/20/2023,Сурталчилгаанд 6 сар хэрэглээ,Crush Bar - Toffee coconut 64g,1,6205.13
1110,PN Store,888,6/20/2023,Сурталчилгаанд 6 сар хэрэглээ,ISO Whey 500g - Cookies,3,167795.84
1111,PN Store,888,6/20/2023,Сурталчилгаанд 6 сар хэрэглээ,Zero bar Chocolate 50g,6,26435.17
1112,PN Store,888,6/20/2023,Сурталчилгаанд 6 сар хэрэглээ,ISO Whey 500g - White chocolate,3,167795.83
1113,PN Store,888,6/20/2023,Сурталчилгаанд 6 сар хэрэглээ,Power Amino,3,80626.25
1114,PN Store,888,6/20/2023,Сурталчилгаанд 6 сар хэрэглээ,Protein cream 400g Caramel,2,25273.86
1115,PN Store,888,6/20/2023,Сурталчилгаанд 6 сар хэрэглээ,Snack 12*45g Caramel,1,5029.41
1116,PN Store,888,6/20/2023,Сурталчилгаанд 6 сар хэрэглээ,Snack 12*45g Vanilla,1,5029.41
1117,PN Store,888,6/20/2023,Сурталчилгаанд 6 сар хэрэглээ,Protein bar 15*55g Cookies cream,1,3347.31
1118,PN Store,889,6/20/2023,Сурталчилгаанд be summer lig,Vitamin C 60ш,3,35638.58
1119,PN Store,889,6/20/2023,Сурталчилгаанд be summer lig,Zinc 60ш,3,22630.82
1120,PN Store,889,6/20/2023,Сурталчилгаанд be summer lig,Vitamin D3 K2 /60ш/,3,20344.55
1121,PN Store,890,6/20/2023,Сурталчилгаанд 6 сар хэрэглээ,Crush Bar - Toffee coconut 64g,2,12410.27
1122,PN Store,890,6/20/2023,Сурталчилгаанд 6 сар хэрэглээ,ISO Whey 500g - Hazelnut,1,55931.94
1123,PN Store,890,6/20/2023,Сурталчилгаанд 6 сар хэрэглээ,Protein bar 15*55g Cookies cream,1,3347.31
1124,PN Store,890,6/20/2023,Сурталчилгаанд 6 сар хэрэглээ,Snack 12*45g Caramel,1,5029.41
1125,PN Store,890,6/20/2023,Сурталчилгаанд 6 сар хэрэглээ,Zinc 60ш,1,7543.61
1126,PN Store,890,6/20/2023,Сурталчилгаанд 6 сар хэрэглээ,Protein bar 15*55g Caramel peanuts,1,3347.31
1127,PN Store,890,6/20/2023,Сурталчилгаанд 6 сар хэрэглээ,Nitrox - Cranberry 680гр,1,58600.64
1128,PN Store,890,6/20/2023,Сурталчилгаанд 6 сар хэрэглээ,Protein bar 15*55g Choco caramel,1,3347.31
1129,PN Store,891,6/20/2023,Сурталчилгаанд 6 сар хэрэглээ vibe,Ундаа Amino 330ml Raspberry,10,21509.32
1130,PN Store,891,6/20/2023,Сурталчилгаанд 6 сар хэрэглээ vibe,Ундаа Collagen vibe 330ml Mojito,10,15582.44
1131,PN Store,891,6/20/2023,Сурталчилгаанд 6 сар хэрэглээ vibe,Ундаа Amino 330ml Passion fruit,5,11596.24
1132,PN Store,891,6/20/2023,Сурталчилгаанд 6 сар хэрэглээ vibe,Ундаа Collagen vibe 330ml Passion fruit,5,7990.5
1133,PN Store,904,6/21/2023,Сурталчилгаанд/ uramshuulal/,Ундаа Amino 330ml Lemon soda,24,49249.98
1134,PN Store,911,6/22/2023,Сурталчилгаанд vibe шинэ элчүүд рүү,Protein cream 400g White chocolate Hazelnut,10,126327.04
1135,PN Store,911,6/22/2023,Сурталчилгаанд vibe шинэ элчүүд рүү,Protein snap,10,20709.35
1136,PN Store,911,6/22/2023,Сурталчилгаанд vibe шинэ элчүүд рүү,Protein chips 7*40g sour cream&onion,5,16698.59
1137,PN Store,911,6/22/2023,Сурталчилгаанд vibe шинэ элчүүд рүү,Ундаа Amino 330ml Watermelon,11,0
1138,PN Store,911,6/22/2023,Сурталчилгаанд vibe шинэ элчүүд рүү,Ундаа Amino 330ml Lemon soda,11,22572.91
1139,PN Store,911,6/22/2023,Сурталчилгаанд vibe шинэ элчүүд рүү,Protein wafer,10,29162.15
1140,PN Store,911,6/22/2023,Сурталчилгаанд vibe шинэ элчүүд рүү,Protein bar 15*55g Cookies cream,10,33473.07
1141,PN Store,911,6/22/2023,Сурталчилгаанд vibe шинэ элчүүд рүү,Protein chips 7*40g Barbeque,5,16694.27
1142,PN Store,911,6/22/2023,Сурталчилгаанд vibe шинэ элчүүд рүү,Snack 12*45g Peach,5,25147.07
1143,PN Store,911,6/22/2023,Сурталчилгаанд vibe шинэ элчүүд рүү,Ундаа Amino 330ml Waikiki,11,25814.03
1144,PN Store,911,6/22/2023,Сурталчилгаанд vibe шинэ элчүүд рүү,Snack 12*45g Caramel,5,25147.07
1145,PN Store,911,6/22/2023,Сурталчилгаанд vibe шинэ элчүүд рүү,Ундаа Collagen vibe 330ml Mojito,10,15582.44
1146,PN Store,911,6/22/2023,Сурталчилгаанд vibe шинэ элчүүд рүү,Ундаа Amino 330ml Passion fruit,11,25511.73
1147,PN Store,911,6/22/2023,Сурталчилгаанд vibe шинэ элчүүд рүү,Ундаа Collagen vibe 330ml Passion fruit,10,15981.01
1148,PN Store,911,6/22/2023,Сурталчилгаанд vibe шинэ элчүүд рүү,Ундаа Collagen vibe 330ml Pineapple coconut,10,14433.54
1149,PN Store,911,6/22/2023,Сурталчилгаанд vibe шинэ элчүүд рүү,Ундаа Amino 330ml Super pear,11,20757.43
1150,PN Store,911,6/22/2023,Сурталчилгаанд vibe шинэ элчүүд рүү,Ундаа Amino 330ml Raspberry,11,23660.25
1151,PN Store,912,6/22/2023,Сурталчилгаанд early bird амталгаанд гаргав,Protein cream 400g White chocolate Hazelnut,1,12632.7
1152,PN Store,912,6/22/2023,Сурталчилгаанд early bird амталгаанд гаргав,Protein chips 7*40g Barbeque,3,10016.56
1153,PN Store,912,6/22/2023,Сурталчилгаанд early bird амталгаанд гаргав,Protein bar 15*55g Choco caramel,2,6694.61
1154,PN Store,912,6/22/2023,Сурталчилгаанд early bird амталгаанд гаргав,Snack 12*45g Caramel,2,10058.83
1155,PN Store,912,6/22/2023,Сурталчилгаанд early bird амталгаанд гаргав,Crush Bar - Chocolate 64g,2,12410.27
1156,PN Store,912,6/22/2023,Сурталчилгаанд early bird амталгаанд гаргав,Protein bar 15*55g Cookies cream,2,6694.61
1157,PN Store,912,6/22/2023,Сурталчилгаанд early bird амталгаанд гаргав,Snack 12*45g BlueBerry,2,10058.83
1158,PN Store,912,6/22/2023,Сурталчилгаанд early bird амталгаанд гаргав,Protein bar 15*55g Caramel peanuts,2,6694.61
1159,PN Store,912,6/22/2023,Сурталчилгаанд early bird амталгаанд гаргав,Snack 12*45g Peach,2,10058.83
1160,PN Store,912,6/22/2023,Сурталчилгаанд early bird амталгаанд гаргав,Crush Bar - Toffee coconut 64g,2,12410.27
1161,PN Store,912,6/22/2023,Сурталчилгаанд early bird амталгаанд гаргав,Snack 12*45g Vanilla,2,10058.83
1162,PN Store,912,6/22/2023,Сурталчилгаанд early bird амталгаанд гаргав,Zero bar Chocolate 50g,2,8811.72
1163,PN Store,912,6/22/2023,Сурталчилгаанд early bird амталгаанд гаргав,Crush Bar - Cookiescream 64g,2,12410.08
1164,PN Store,912,6/22/2023,Сурталчилгаанд early bird амталгаанд гаргав,Zero bar Hazelnut 50g,2,8826.52
1165,PN Store,912,6/22/2023,Сурталчилгаанд early bird амталгаанд гаргав,Snack 12*45g Chocolate,2,10058.83
1166,PN Store,912,6/22/2023,Сурталчилгаанд early bird амталгаанд гаргав,Protein chips 7*40g sour cream&onion,4,13358.87
1167,PN Store,918,6/23/2023,Акт 6-23,Ундаа Amino 330ml Passion fruit,2,4638.5
1168,PN Store,918,6/23/2023,Акт 6-23,Ундаа Collagen vibe 330ml Pineapple coconut,1,1443.35
1169,PN Store,918,6/23/2023,Акт 6-23,Ундаа Amino 330ml Lemon soda,5,10260.41
1170,PN Store,918,6/23/2023,Акт 6-23,Ундаа Amino 330ml Super pear,67,126431.61
1171,PN Store,918,6/23/2023,Акт 6-23,Ундаа Amino 330ml Waikiki,6,14080.38
1172,PN Store,918,6/23/2023,Акт 6-23,Ундаа Amino 330ml Raspberry,35,75282.62
1173,PN Store,918,6/23/2023,Акт 6-23,Nitrox sample - Tropical 17g,2,5909.79
1174,PN Store,918,6/23/2023,Акт 6-23,Ундаа Amino 330ml Watermelon,2,0
1175,PN Store,918,6/23/2023,Акт 6-23,Ундаа Collagen vibe 330ml Mojito,1,1558.24
1176,PN Store,919,6/23/2023,Сурталчилгаанд/salvatory event/,Club mate 500мл,100,368884.69
1177,PN Store,919,6/23/2023,Сурталчилгаанд/salvatory event/,Club mate 330мл,120,369277.14
1178,PN Store,920,6/23/2023,Сурталчилгаанд  uramshuulal,Ундаа Amino 330ml Lemon soda,24,49249.98
1179,PN Store,926,6/24/2023,Сурталчилгаанд(mongol misteriin shuugch nart ogno gj Bilguun manager belduulj Bymbaka ahaar awhuulsan),Ундаа Amino 330ml Waikiki,15,35200.95
1180,PN Store,926,6/24/2023,Сурталчилгаанд(mongol misteriin shuugch nart ogno gj Bilguun manager belduulj Bymbaka ahaar awhuulsan),Ундаа Amino 330ml Watermelon,15,0
1181,PN Store,927,6/24/2023,Сурталчилгаанд /мөнх-од/,Crush Bar - Toffee coconut 64g,7,43435.93
1182,PN Store,927,6/24/2023,Сурталчилгаанд /мөнх-од/,Protein bar 15*55g Cookies cream,2,6694.61
1183,PN Store,927,6/24/2023,Сурталчилгаанд /мөнх-од/,Zero bar Hazelnut 50g,13,57372.38
1184,PN Store,927,6/24/2023,Сурталчилгаанд /мөнх-од/,Ундаа Amino 330ml Super pear,8,15096.31
1185,PN Store,927,6/24/2023,Сурталчилгаанд /мөнх-од/,Snack 12*45g BlueBerry,10,50294.14
1186,PN Store,928,6/24/2023,Сурталчилгаанд /Жамц/,Magna shot 25ml,1,3119.45
1187,PN Store,929,6/24/2023,Сурталчилгаанд /Хэрлэн/,Protein wafer,1,2916.21
1188,PN Store,929,6/24/2023,Сурталчилгаанд /Хэрлэн/,Nitrox sample - Tropical 17g,1,2954.9
1189,PN Store,929,6/24/2023,Сурталчилгаанд /Хэрлэн/,Ундаа Collagen vibe 330ml Mojito,1,1558.24
1190,PN Store,935,6/25/2023,Сурталчилгаанд(Msport гарын бэлэг),Protein cream 400g White chocolate Hazelnut,4,50530.82
1191,PN Store,935,6/25/2023,Сурталчилгаанд(Msport гарын бэлэг),Ундаа Amino 330ml Watermelon,4,0
1192,PN Store,935,6/25/2023,Сурталчилгаанд(Msport гарын бэлэг),Ундаа Amino 330ml Waikiki,4,9386.92
1193,PN Store,935,6/25/2023,Сурталчилгаанд(Msport гарын бэлэг),Protein bar 15*55g Caramel peanuts,4,13389.22
1194,PN Store,935,6/25/2023,Сурталчилгаанд(Msport гарын бэлэг),Protein snap,8,16567.48
1195,PN Store,935,6/25/2023,Сурталчилгаанд(Msport гарын бэлэг),Protein wafer,4,11664.86
1196,PN Store,936,6/25/2023,Сурталчилгаанд(Msport амталгаанд),Ундаа Amino 330ml Lemon soda,1,2052.08
1197,PN Store,936,6/25/2023,Сурталчилгаанд(Msport амталгаанд),Ундаа Collagen vibe 330ml Mojito,2,3116.49
1198,PN Store,936,6/25/2023,Сурталчилгаанд(Msport амталгаанд),Ундаа Amino 330ml Waikiki,3,7040.19
1199,PN Store,936,6/25/2023,Сурталчилгаанд(Msport амталгаанд),Ундаа Amino 330ml Passion fruit,1,2319.25
1200,PN Store,936,6/25/2023,Сурталчилгаанд(Msport амталгаанд),Ундаа Collagen vibe 330ml Passion fruit,3,4794.3
1201,PN Store,936,6/25/2023,Сурталчилгаанд(Msport амталгаанд),Ундаа Collagen vibe 330ml Pineapple coconut,3,4330.06
1202,PN Store,936,6/25/2023,Сурталчилгаанд(Msport амталгаанд),Ундаа Amino 330ml Watermelon,3,0
1203,PN Store,937,6/25/2023,"Бараа материалын борлуулалт(Аварга багц урамшуулал iso sample үлдэгдэл байхгүй nitrox-р гаргасан, 23нд 1 nitrox sample бэлэглэсэн гэсэн)",Nitrox sample - Tropical 17g,3,8864.69
1204,PN Store,937,6/25/2023,"Бараа материалын борлуулалт(Аварга багц урамшуулал iso sample үлдэгдэл байхгүй nitrox-р гаргасан, 23нд 1 nitrox sample бэлэглэсэн гэсэн)",Nitrox sample - Blue grape 17g,1,2896.85
1205,PN Store,938,6/25/2023,Сурталчилгаанд Жамц ах Цэнд-Аюуш авав,Sleep & Relax 450g,4,162056.38
1206,PN Store,943,6/26/2023,Сурталчилгаанд,Nitrox - Peach 680гр,1,57349.17
1207,PN Store,943,6/26/2023,Сурталчилгаанд,Crush Bar - Cookiescream 64g,1,6205.04
1208,PN Store,943,6/26/2023,Сурталчилгаанд,Ундаа Amino 330ml Watermelon,3,0
1209,PN Store,943,6/26/2023,Сурталчилгаанд,ISO Whey 500g - White chocolate,1,55931.94
1210,PN Store,943,6/26/2023,Сурталчилгаанд,Crush Bar - Toffee coconut 64g,2,12410.27
1211,PN Store,943,6/26/2023,Сурталчилгаанд,Ундаа Amino 330ml Lemon soda,2,4104.17
1212,PN Store,943,6/26/2023,Сурталчилгаанд,Crush Bar - Chocolate 64g,2,12410.27
1213,PN Store,943,6/26/2023,Сурталчилгаанд,Ундаа Amino 330ml Waikiki,3,7040.19
1214,PN Store,943,6/26/2023,Сурталчилгаанд,Ундаа Collagen vibe 330ml Mojito,1,1558.24
1215,PN Store,943,6/26/2023,Сурталчилгаанд,Ундаа Amino 330ml Passion fruit,1,2319.25
1216,PN Store,943,6/26/2023,Сурталчилгаанд,Ундаа Amino 330ml Super pear,1,1887.04
1217,PN Store,947,6/27/2023,Сурталчилгаанд Big gee гарын бэлэг,Ундаа Amino 330ml Watermelon,5,0
1218,PN Store,947,6/27/2023,Сурталчилгаанд Big gee гарын бэлэг,Ундаа Amino 330ml Passion fruit,5,11596.24
1219,PN Store,947,6/27/2023,Сурталчилгаанд Big gee гарын бэлэг,Ундаа Amino 330ml Raspberry,5,10754.66
1220,PN Store,947,6/27/2023,Сурталчилгаанд Big gee гарын бэлэг,Ундаа Amino 330ml Lemon soda,5,10260.41
1221,PN Store,947,6/27/2023,Сурталчилгаанд Big gee гарын бэлэг,Ундаа Amino 330ml Waikiki,5,11733.65
1222,PN Store,947,6/27/2023,Сурталчилгаанд Big gee гарын бэлэг,Ундаа Amino 330ml Super pear,5,9435.19
1223,PN Store,948,6/27/2023,Сурталчилгаанд/ shine agent hamt hasav/,Ундаа Collagen vibe 330ml Passion fruit,24,38354.42
1224,PN Store,948,6/27/2023,Сурталчилгаанд/ shine agent hamt hasav/,Ундаа Amino 330ml Lemon soda,24,49249.98
1225,PN Store,949,6/27/2023,Ажилчдын хэрэглээнд,Ундаа Amino 330ml Watermelon,8,0
1226,PN Store,949,6/27/2023,Ажилчдын хэрэглээнд,Club mate 500мл,20,73776.94
1227,PN Store,949,6/27/2023,Ажилчдын хэрэглээнд,Ундаа Collagen vibe 330ml Pineapple coconut,8,11546.83
1228,PN Store,949,6/27/2023,Ажилчдын хэрэглээнд,Ундаа Amino 330ml Lemon soda,8,16416.66
1229,PN Store,949,6/27/2023,Ажилчдын хэрэглээнд,Ундаа Amino 330ml Passion fruit,8,18553.99
1230,PN Store,949,6/27/2023,Ажилчдын хэрэглээнд,Ундаа Amino 330ml Super pear,8,15096.31
1231,PN Store,949,6/27/2023,Ажилчдын хэрэглээнд,Ундаа Amino 330ml Waikiki,8,18773.84
1232,PN Store,949,6/27/2023,Ажилчдын хэрэглээнд,Ундаа Amino 330ml Raspberry,8,17207.46
1233,PN Store,949,6/27/2023,Ажилчдын хэрэглээнд,Ундаа Collagen vibe 330ml Mojito,8,12465.95
1234,PN Store,950,6/27/2023,Сурталчилгаанд/ 6 сар хэрэглээ,Ундаа Amino 330ml Lemon soda,1,2052.08
1235,PN Store,950,6/27/2023,Сурталчилгаанд/ 6 сар хэрэглээ,Crush Bar - Toffee coconut 64g,2,12410.27
1236,PN Store,950,6/27/2023,Сурталчилгаанд/ 6 сар хэрэглээ,Snack 12*45g Peach,1,5029.41
1237,PN Store,950,6/27/2023,Сурталчилгаанд/ 6 сар хэрэглээ,ISO Whey sample - Bananas 25g,5,20051.08
1238,PN Store,950,6/27/2023,Сурталчилгаанд/ 6 сар хэрэглээ,Protein bar 15*55g Cookies cream,2,6694.61
1239,PN Store,950,6/27/2023,Сурталчилгаанд/ 6 сар хэрэглээ,Crush Bar - Cookiescream 64g,2,12410.08
1240,PN Store,950,6/27/2023,Сурталчилгаанд/ 6 сар хэрэглээ,Snack 12*45g Vanilla,1,5029.41
1241,PN Store,950,6/27/2023,Сурталчилгаанд/ 6 сар хэрэглээ,Protein bar 15*55g Caramel peanuts,2,6694.61
1242,PN Store,950,6/27/2023,Сурталчилгаанд/ 6 сар хэрэглээ,Snack 12*45g Chocolate,1,5029.41
1243,PN Store,950,6/27/2023,Сурталчилгаанд/ 6 сар хэрэглээ,Zero bar Hazelnut 50g,3,13239.78
1244,PN Store,950,6/27/2023,Сурталчилгаанд/ 6 сар хэрэглээ,ISO Whey sample - Pineapple 25g,7,28071.51
1245,PN Store,950,6/27/2023,Сурталчилгаанд/ 6 сар хэрэглээ,Zero bar Chocolate 50g,3,13217.59
1246,PN Store,950,6/27/2023,Сурталчилгаанд/ 6 сар хэрэглээ,Ундаа Amino 330ml Raspberry,1,2150.93
1247,PN Store,950,6/27/2023,Сурталчилгаанд/ 6 сар хэрэглээ,Protein bar 15*55g Choco caramel,2,6694.61
1248,PN Store,950,6/27/2023,Сурталчилгаанд/ 6 сар хэрэглээ,Protein cream 400g Caramel,1,12636.93
1249,PN Store,950,6/27/2023,Сурталчилгаанд/ 6 сар хэрэглээ,Ундаа Amino 330ml Passion fruit,1,2319.25
1250,PN Store,950,6/27/2023,Сурталчилгаанд/ 6 сар хэрэглээ,Ундаа Amino 330ml Watermelon,1,0
1251,PN Store,950,6/27/2023,Сурталчилгаанд/ 6 сар хэрэглээ,Nitrox sample - Tropical 17g,4,11819.58
1252,PN Store,950,6/27/2023,Сурталчилгаанд/ 6 сар хэрэглээ,Crush Bar - Chocolate 64g,2,12410.27
1253,PN Store,950,6/27/2023,Сурталчилгаанд/ 6 сар хэрэглээ,Ундаа Amino 330ml Waikiki,1,2346.73
1254,PN Store,950,6/27/2023,Сурталчилгаанд/ 6 сар хэрэглээ,Snack 12*45g Caramel,1,5029.41
1255,PN Store,950,6/27/2023,Сурталчилгаанд/ 6 сар хэрэглээ,Ундаа Amino 330ml Super pear,1,1887.04
1256,PN Store,950,6/27/2023,Сурталчилгаанд/ 6 сар хэрэглээ,Snack 12*45g BlueBerry,2,10058.83
1257,PN Store,950,6/27/2023,Сурталчилгаанд/ 6 сар хэрэглээ,Protein cream 400g White chocolate Hazelnut,1,12632.7
1258,PN Store,961,6/28/2023,Сурталчилгаанд 6 сар хэрэглээ,Snack 12*45g Chocolate,12,60352.97
1259,PN Store,961,6/28/2023,Сурталчилгаанд 6 сар хэрэглээ,Protein bar 15*55g Choco caramel,6,20083.84
1260,PN Store,961,6/28/2023,Сурталчилгаанд 6 сар хэрэглээ,Protein cream 400g Chocolate hazelnut,2,25296.96
1261,PN Store,961,6/28/2023,Сурталчилгаанд 6 сар хэрэглээ,Zero bar Chocolate 50g,20,88117.24
1262,PN Store,961,6/28/2023,Сурталчилгаанд 6 сар хэрэглээ,EAA Zero 350g blue grape,1,50461.05
1263,PN Store,961,6/28/2023,Сурталчилгаанд 6 сар хэрэглээ,Shaker 600ml,1,5622.79
1264,PN Store,961,6/28/2023,Сурталчилгаанд 6 сар хэрэглээ,ZMA 60ш,2,14299.21
1265,PN Store,961,6/28/2023,Сурталчилгаанд 6 сар хэрэглээ,Glucosamine 60caps,1,21247.2
1266,PN Store,961,6/28/2023,Сурталчилгаанд 6 сар хэрэглээ,Protein chips 7*40g sour cream&onion,3,10019.15
1267,PN Store,961,6/28/2023,Сурталчилгаанд 6 сар хэрэглээ,Ундаа Amino 330ml Passion fruit,12,27830.98
1268,PN Store,961,6/28/2023,Сурталчилгаанд 6 сар хэрэглээ,Ундаа Amino 330ml Lemon soda,12,24624.99
1269,PN Store,962,6/28/2023,Сурталчилгаанд аварга багц бэлэг хасалт хийв,ISO Whey sample - Bananas 25g,2,8020.43
1270,PN Store,962,6/28/2023,Сурталчилгаанд аварга багц бэлэг хасалт хийв,Nitrox sample - Tropical 17g,1,2954.89
1271,PN Store,973,6/29/2023,Сурталчилгаанд borluulaltiin uramshuulal,Ундаа Amino 330ml Lemon soda,24,49249.98
1272,PN Store,983,6/30/2023,Акт 6-30,Hyper Mass - Vanilla 1kg,1,27964.19
1273,PN Store,983,6/30/2023,Акт 6-30,Ундаа Collagen vibe 330ml Mojito,3,4674.98
1274,PN Store,983,6/30/2023,Акт 6-30,Ундаа Amino 330ml Raspberry,46,98942.87
1275,PN Store,983,6/30/2023,Акт 6-30,Ундаа Amino 330ml Watermelon,5,2588.96
1276,PN Store,983,6/30/2023,Акт 6-30,Ундаа Amino 330ml Lemon soda,1,2052.08
1277,PN Store,983,6/30/2023,Акт 6-30,Ундаа Amino 330ml Super pear,86,162284.72
1278,PN Store,983,6/30/2023,Акт 6-30,Ундаа Amino 330ml Waikiki,14,32854.22
1279,PN Store,983,6/30/2023,Акт 6-30,Nitrox sample - Tropical 17g,2,5909.88
1280,PN Store,1008,7/4/2023,Сурталчилгаанд/ golds hereglee/,Club mate 500мл,20,73776.94
1281,PN Store,1008,7/4/2023,Сурталчилгаанд/ golds hereglee/,Ундаа Amino 330ml Waikiki,24,56321.52
1282,PN Store,1008,7/4/2023,Сурталчилгаанд/ golds hereglee/,Ундаа Collagen vibe 330ml Mojito,24,37399.87
1283,PN Store,1015,7/5/2023,Сурталчилгаанд/ amino aztan bekleg/,Protein bar 15*55g Caramel peanuts,1,3347.27
1284,PN Store,1015,7/5/2023,Сурталчилгаанд/ amino aztan bekleg/,Protein snap,1,2070.93
1285,PN Store,1015,7/5/2023,Сурталчилгаанд/ amino aztan bekleg/,Protein chips 7*40g sour cream&onion,1,3339.72
1286,PN Store,1015,7/5/2023,Сурталчилгаанд/ amino aztan bekleg/,Protein cream 400g White chocolate Hazelnut,1,12632.7
1287,PN Store,1015,7/5/2023,Сурталчилгаанд/ amino aztan bekleg/,Snack 12*45g BlueBerry,1,5029.41
1288,PN Store,1015,7/5/2023,Сурталчилгаанд/ amino aztan bekleg/,Protein wafer,1,2916.21
1289,PN Store,1016,7/5/2023,Сурталчилгаанд/ 7 sar office hereglee/,Ундаа Amino 330ml Waikiki,120,281607.62
1290,PN Store,1016,7/5/2023,Сурталчилгаанд/ 7 sar office hereglee/,Ундаа Collagen vibe 330ml Mojito,120,186999.32
1291,PN Store,1016,7/5/2023,Сурталчилгаанд/ 7 sar office hereglee/,Club mate 500мл,200,737769.38
1292,PN Store,1024,7/6/2023,Дэлгүүрийн хэрэглээ,Ундаа Amino 330ml Waikiki,5,11733.65
1293,PN Store,1024,7/6/2023,Дэлгүүрийн хэрэглээ,Ундаа Amino 330ml Watermelon,5,2588.96
1294,PN Store,1024,7/6/2023,Дэлгүүрийн хэрэглээ,Club mate 500мл,20,73776.94
1295,PN Store,1024,7/6/2023,Дэлгүүрийн хэрэглээ,Ундаа Amino 330ml Super pear,2,3774.06
1296,PN Store,1024,7/6/2023,Дэлгүүрийн хэрэглээ,Ундаа Collagen vibe 330ml Pineapple coconut,9,12990.18
1297,PN Store,1024,7/6/2023,Дэлгүүрийн хэрэглээ,Ундаа Amino 330ml Raspberry,5,10754.66
1298,PN Store,1024,7/6/2023,Дэлгүүрийн хэрэглээ,Ундаа Collagen vibe 330ml Mojito,6,9349.97
1299,PN Store,1024,7/6/2023,Дэлгүүрийн хэрэглээ,Ундаа Collagen vibe 330ml Passion fruit,9,14382.91
1300,PN Store,1024,7/6/2023,Дэлгүүрийн хэрэглээ,Ундаа Amino 330ml Lemon soda,2,4104.17
1301,PN Store,1024,7/6/2023,Дэлгүүрийн хэрэглээ,Ундаа Amino 330ml Passion fruit,5,11596.24
1302,PN Store,1025,7/6/2023,Сурталчилгаанд гарын бэлэг,Snack 12*45g Peach,4,20117.66
1303,PN Store,1025,7/6/2023,Сурталчилгаанд гарын бэлэг,Protein chips 7*40g Barbeque,9,30049.7
1304,PN Store,1025,7/6/2023,Сурталчилгаанд гарын бэлэг,Protein bar 15*55g Cookies cream,7,23431.14
1305,PN Store,1025,7/6/2023,Сурталчилгаанд гарын бэлэг,Ундаа Amino 330ml Lemon soda,17,34885.4
1306,PN Store,1025,7/6/2023,Сурталчилгаанд гарын бэлэг,Ундаа Amino 330ml Waikiki,17,39894.41
1307,PN Store,1025,7/6/2023,Сурталчилгаанд гарын бэлэг,Snack 12*45g Caramel,4,20117.66
1308,PN Store,1025,7/6/2023,Сурталчилгаанд гарын бэлэг,Protein chips 7*40g sour cream&onion,8,26717.74
1309,PN Store,1025,7/6/2023,Сурталчилгаанд гарын бэлэг,Protein bar 15*55g Caramel peanuts,10,33472.73
1310,PN Store,1025,7/6/2023,Сурталчилгаанд гарын бэлэг,Protein snap,18,37276.83
1311,PN Store,1025,7/6/2023,Сурталчилгаанд гарын бэлэг,Protein cream 400g White chocolate Hazelnut,17,214755.96
1312,PN Store,1025,7/6/2023,Сурталчилгаанд гарын бэлэг,Snack 12*45g Vanilla,5,25147.07
1313,PN Store,1025,7/6/2023,Сурталчилгаанд гарын бэлэг,Ундаа Amino 330ml Passion fruit,17,39427.22
1314,PN Store,1025,7/6/2023,Сурталчилгаанд гарын бэлэг,Ундаа Amino 330ml Super pear,17,32079.54
1315,PN Store,1025,7/6/2023,Сурталчилгаанд гарын бэлэг,Snack 12*45g BlueBerry,5,25147.07
1316,PN Store,1025,7/6/2023,Сурталчилгаанд гарын бэлэг,Ундаа Amino 330ml Raspberry,17,36565.85
1317,PN Store,1026,7/6/2023,Сурталчилгаанд гарын бэлэг Оргил руу,Protein chips 7*40g sour cream&onion,1,3339.72
1318,PN Store,1026,7/6/2023,Сурталчилгаанд гарын бэлэг Оргил руу,Protein wafer,1,2916.21
1319,PN Store,1026,7/6/2023,Сурталчилгаанд гарын бэлэг Оргил руу,Protein cream 400g White chocolate Hazelnut,1,12632.7
1320,PN Store,1026,7/6/2023,Сурталчилгаанд гарын бэлэг Оргил руу,Protein snap,1,2070.94
1321,PN Store,1026,7/6/2023,Сурталчилгаанд гарын бэлэг Оргил руу,Ундаа Collagen vibe 330ml Mojito,1,1558.33
1322,PN Store,1026,7/6/2023,Сурталчилгаанд гарын бэлэг Оргил руу,Protein bar 15*55g Caramel peanuts,1,3347.27
1323,PN Store,1026,7/6/2023,Сурталчилгаанд гарын бэлэг Оргил руу,Ундаа Collagen vibe 330ml Passion fruit,1,1598.1
1324,PN Store,1026,7/6/2023,Сурталчилгаанд гарын бэлэг Оргил руу,Ундаа Collagen vibe 330ml Pineapple coconut,1,1443.35
1325,PN Store,1026,7/6/2023,Сурталчилгаанд гарын бэлэг Оргил руу,Snack 12*45g Vanilla,1,5029.41
1326,PN Store,1030,7/7/2023,Сурталчилгаанд borluulaltiin uramshuulal,Ундаа Amino 330ml Lemon soda,24,49249.98
1327,PN Store,1031,7/7/2023,Сурталчилгаанд Оргил гарын бэлэг,ISO Whey 500g - Cookies,1,55931.94
1328,PN Store,1032,7/7/2023,Акт 7-7,Ундаа Collagen vibe 330ml Mojito,1,1558.33
1329,PN Store,1032,7/7/2023,Акт 7-7,Ундаа Amino 330ml Super pear,24,45288.76
1330,PN Store,1032,7/7/2023,Акт 7-7,Ундаа Amino 330ml Lemon soda,8,16416.66
1331,PN Store,1032,7/7/2023,Акт 7-7,Ундаа Amino 330ml Waikiki,41,96215.94
1332,PN Store,1032,7/7/2023,Акт 7-7,Ундаа Amino 330ml Raspberry,36,77433.55
1333,PN Store,1038,7/8/2023,(ICC Bodybuilding холбоо гарын бэлэг),Power professional,1,32282.68
1334,PN Store,1038,7/8/2023,(ICC Bodybuilding холбоо гарын бэлэг),Vitamin D3 K2 /60ш/,1,6781.52
1335,PN Store,1038,7/8/2023,(ICC Bodybuilding холбоо гарын бэлэг),Protein cream 400g White chocolate Hazelnut,3,37898.11
1336,PN Store,1038,7/8/2023,(ICC Bodybuilding холбоо гарын бэлэг),Zinc 60ш,1,7543.61
1337,PN Store,1038,7/8/2023,(ICC Bodybuilding холбоо гарын бэлэг),ZMA 60ш,1,7149.61
1338,PN Store,1038,7/8/2023,(ICC Bodybuilding холбоо гарын бэлэг),Nitrox sample - Blue grape 17g,15,43452.79
1339,PN Store,1038,7/8/2023,(ICC Bodybuilding холбоо гарын бэлэг),Protein chips 7*40g sour cream&onion,3,10019.15
1340,PN Store,1038,7/8/2023,(ICC Bodybuilding холбоо гарын бэлэг),Ундаа Amino 330ml Lemon soda,5,10260.41
1341,PN Store,1038,7/8/2023,(ICC Bodybuilding холбоо гарын бэлэг),Ундаа Collagen vibe 330ml Mojito,5,7791.64
1342,PN Store,1038,7/8/2023,(ICC Bodybuilding холбоо гарын бэлэг),Vitamin C 60ш,1,11879.53
1343,PN Store,1038,7/8/2023,(ICC Bodybuilding холбоо гарын бэлэг),Shaker 600ml,3,16868.38
1344,PN Store,1038,7/8/2023,(ICC Bodybuilding холбоо гарын бэлэг),ISO Whey sample - Bananas 25g,15,60153.22
1345,PN Store,1038,7/8/2023,(ICC Bodybuilding холбоо гарын бэлэг),ISO Whey 500g - Tiramisu,1,55931.95
1346,PN Store,1039,7/8/2023,(ICC Bodybuilding холбоо шүүгч нарын амталгаанд),Ундаа Amino 330ml Lemon soda,30,61562.48
1347,PN Store,1039,7/8/2023,(ICC Bodybuilding холбоо шүүгч нарын амталгаанд),Ундаа Collagen vibe 330ml Mojito,5,7791.64
1348,PN Store,1039,7/8/2023,(ICC Bodybuilding холбоо шүүгч нарын амталгаанд),Ундаа Collagen vibe 330ml Passion fruit,5,7990.5
1349,PN Store,1039,7/8/2023,(ICC Bodybuilding холбоо шүүгч нарын амталгаанд),Ундаа Collagen vibe 330ml Pineapple coconut,5,7216.77
1350,PN Store,1059,7/17/2023,Сурталчилгаанд borluulaltiin uramshuulal,Ундаа Amino 330ml Lemon soda,24,49249.98
1351,PN Store,1060,7/17/2023,Сурталчилгаанд borluulaltiin uramshuulal,Ундаа Amino 330ml Lemon soda,24,49249.98
1352,PN Store,1065,7/18/2023,Сурталчилгаанд7 сар хэрэглээ,Ундаа Amino 330ml Waikiki,1,2346.73
1353,PN Store,1065,7/18/2023,Сурталчилгаанд7 сар хэрэглээ,Ундаа Amino 330ml Lemon soda,2,4104.17
1354,PN Store,1065,7/18/2023,Сурталчилгаанд7 сар хэрэглээ,Nitrox - Tropical 680гр,1,58691.41
1355,PN Store,1065,7/18/2023,Сурталчилгаанд7 сар хэрэглээ,EAA Zero 350g Lemon,1,50492.05
1356,PN Store,1065,7/18/2023,Сурталчилгаанд7 сар хэрэглээ,Shaker 600ml,1,5622.79
1357,PN Store,1065,7/18/2023,Сурталчилгаанд7 сар хэрэглээ,Ундаа Amino 330ml Passion fruit,2,4638.5
1358,PN Store,1065,7/18/2023,Сурталчилгаанд7 сар хэрэглээ,Ундаа Collagen vibe 330ml Passion fruit,3,4794.3
1359,PN Store,1065,7/18/2023,Сурталчилгаанд7 сар хэрэглээ,Ундаа Collagen vibe 330ml Pineapple coconut,2,2886.71
1360,PN Store,1065,7/18/2023,Сурталчилгаанд7 сар хэрэглээ,ISO Whey 500g - Coconut,1,55931.95
1361,PN Store,1075,7/19/2023,Сурталчилгаанд 7 сар хэрэглээ,ISO Whey 500g - Coconut,1,55931.94
1362,PN Store,1075,7/19/2023,Сурталчилгаанд 7 сар хэрэглээ,Nitrox - Blue grape 680g,1,57227.29
1363,PN Store,1075,7/19/2023,Сурталчилгаанд 7 сар хэрэглээ,EAA Zero 350g blue grape,1,50459.92
1364,PN Store,1084,7/20/2023,Сурталчилгаанд шинжилгээнд гаргав,Ундаа Amino 330ml Raspberry,6,12905.59
1365,PN Store,1084,7/20/2023,Сурталчилгаанд шинжилгээнд гаргав,Ундаа Amino 330ml Lemon soda,6,12312.5
1366,PN Store,1084,7/20/2023,Сурталчилгаанд шинжилгээнд гаргав,Club mate 500мл,4,14755.39
1367,PN Store,1084,7/20/2023,Сурталчилгаанд шинжилгээнд гаргав,Ундаа Collagen vibe 330ml Pineapple coconut,6,8660.12
1368,PN Store,1084,7/20/2023,Сурталчилгаанд шинжилгээнд гаргав,Ундаа Amino 330ml Passion fruit,6,13915.49
1369,PN Store,1084,7/20/2023,Сурталчилгаанд шинжилгээнд гаргав,Ундаа Collagen vibe 330ml Mojito,6,9349.97
1370,PN Store,1084,7/20/2023,Сурталчилгаанд шинжилгээнд гаргав,Club mate 330мл,6,18463.86
1371,PN Store,1084,7/20/2023,Сурталчилгаанд шинжилгээнд гаргав,Ундаа Amino 330ml Super pear,6,11322.19
1372,PN Store,1084,7/20/2023,Сурталчилгаанд шинжилгээнд гаргав,Ундаа Amino 330ml Waikiki,6,14080.38
1373,PN Store,1084,7/20/2023,Сурталчилгаанд шинжилгээнд гаргав,Ундаа Collagen vibe 330ml Passion fruit,6,9588.6
1374,PN Store,1093,7/21/2023,Сурталчилгаанд/7 sar hereglee/,Ундаа Collagen vibe 330ml Passion fruit,4,9381.78
1375,PN Store,1093,7/21/2023,Сурталчилгаанд/7 sar hereglee/,ISO Whey 500g - Coconut,1,55931.95
1376,PN Store,1093,7/21/2023,Сурталчилгаанд/7 sar hereglee/,Ундаа Collagen vibe 330ml Mojito,4,9824.36
1377,PN Store,1093,7/21/2023,Сурталчилгаанд/7 sar hereglee/,ISO Whey 500g - Tiramisu,2,111863.89
1378,PN Store,1093,7/21/2023,Сурталчилгаанд/7 sar hereglee/,Ундаа Amino 330ml Raspberry,4,8603.73
1379,PN Store,1093,7/21/2023,Сурталчилгаанд/7 sar hereglee/,ISO Whey 500g - White chocolate,1,52868.29
1380,PN Store,1093,7/21/2023,Сурталчилгаанд/7 sar hereglee/,Protein bar 15*55g Caramel peanuts,15,49718.78
1381,PN Store,1093,7/21/2023,Сурталчилгаанд/7 sar hereglee/,Protein snap,25,51773.37
1382,PN Store,1093,7/21/2023,Сурталчилгаанд/7 sar hereglee/,Ундаа Collagen vibe 330ml Pineapple coconut,4,6992.65
1383,PN Store,1093,7/21/2023,Сурталчилгаанд/7 sar hereglee/,Ундаа Amino 330ml Lemon soda,4,8208.33
1384,PN Store,1093,7/21/2023,Сурталчилгаанд/7 sar hereglee/,EAA Zero 350g Lemon,1,50152.5
1385,PN Store,1093,7/21/2023,Сурталчилгаанд/7 sar hereglee/,Club mate 500мл,20,73776.94
1386,PN Store,1093,7/21/2023,Сурталчилгаанд/7 sar hereglee/,Ундаа Amino 330ml Super pear,4,7548.13
1387,PN Store,1094,7/21/2023,Сурталчилгаанд/8-12 sriin hereglee/,MSM+ Vitamin C 150g,10,186681.98
1388,PN Store,1094,7/21/2023,Сурталчилгаанд/8-12 sriin hereglee/,Power professional,18,581088.19
1389,PN Store,1094,7/21/2023,Сурталчилгаанд/8-12 sriin hereglee/,Ундаа Amino 330ml Super pear,48,90577.52
1390,PN Store,1094,7/21/2023,Сурталчилгаанд/8-12 sriin hereglee/,Protein cream 400g White chocolate Hazelnut,9,112872.07
1391,PN Store,1094,7/21/2023,Сурталчилгаанд/8-12 sriin hereglee/,Energy Gel 60g Peach,16,55814.58
1392,PN Store,1094,7/21/2023,Сурталчилгаанд/8-12 sriin hereglee/,Ундаа Amino 330ml Lemon soda,72,147749.95
1393,PN Store,1094,7/21/2023,Сурталчилгаанд/8-12 sriin hereglee/,Ундаа Amino 330ml Raspberry,72,154867.11
1394,PN Store,1094,7/21/2023,Сурталчилгаанд/8-12 sriin hereglee/,Ice cream 500g chocolate,5,155952.57
1395,PN Store,1094,7/21/2023,Сурталчилгаанд/8-12 sriin hereglee/,ZMA 60ш,18,128692.93
1396,PN Store,1094,7/21/2023,Сурталчилгаанд/8-12 sriin hereglee/,Ундаа Amino 330ml Passion fruit,24,55661.96
1397,PN Store,1094,7/21/2023,Сурталчилгаанд/8-12 sriin hereglee/,Ундаа Amino 330ml Waikiki,24,56321.52
1398,PN Store,1094,7/21/2023,Сурталчилгаанд/8-12 sriin hereglee/,Nitrox sample - Tropical 17g,22,64677.85
1399,PN Store,1094,7/21/2023,Сурталчилгаанд/8-12 sriin hereglee/,Shaker 600ml,8,44982.34
1400,PN Store,1094,7/21/2023,Сурталчилгаанд/8-12 sriin hereglee/,Ice cream 500g strawberry,5,154973.85
1401,PN Store,1110,7/24/2023,Сурталчилгаанд,Ундаа Amino 330ml Lemon soda,24,49249.98
1402,PN Store,1111,7/24/2023,Сурталчилгаанд/ Summer league shilteg toglogch bolson gd hereglee ugsun/,Power BCAA - Cola 1х*6ш*420гр,1,34102.03
1403,PN Store,1111,7/24/2023,Сурталчилгаанд/ Summer league shilteg toglogch bolson gd hereglee ugsun/,Hyper Mass - Vanilla 1kg,1,31233.17
1404,PN Store,1111,7/24/2023,Сурталчилгаанд/ Summer league shilteg toglogch bolson gd hereglee ugsun/,Hyper Mass - Caramel cappuchino 1kg,1,28454.81
1405,PN Store,1111,7/24/2023,Сурталчилгаанд/ Summer league shilteg toglogch bolson gd hereglee ugsun/,Shaker 600ml,1,5622.79
1406,PN Store,1111,7/24/2023,Сурталчилгаанд/ Summer league shilteg toglogch bolson gd hereglee ugsun/,Vitamin D3 K2 /60ш/,1,6781.52
1407,PN Store,1119,7/25/2023,Сурталчилгаанд/7 sar hereglee/,Ундаа Amino 330ml Lemon soda,12,24624.99
1408,PN Store,1119,7/25/2023,Сурталчилгаанд/7 sar hereglee/,Ундаа Amino 330ml Raspberry,6,12905.59
1409,PN Store,1119,7/25/2023,Сурталчилгаанд/7 sar hereglee/,Ундаа Amino 330ml Passion fruit,6,13915.49
1410,PN Store,1119,7/25/2023,Сурталчилгаанд/7 sar hereglee/,Ундаа Collagen vibe 330ml Pineapple coconut,3,5244.49
1411,PN Store,1119,7/25/2023,Сурталчилгаанд/7 sar hereglee/,Ундаа Collagen vibe 330ml Mojito,3,7368.27
1412,PN Store,1120,7/25/2023,Сурталчилгаанд 7 сар хэрэглээ үлүү гарсан 8500г картаар төлсөн,Zinc 60ш,2,15087.21
1413,PN Store,1120,7/25/2023,Сурталчилгаанд 7 сар хэрэглээ үлүү гарсан 8500г картаар төлсөн,Ундаа Amino 330ml Lemon soda,12,24624.99
1414,PN Store,1120,7/25/2023,Сурталчилгаанд 7 сар хэрэглээ үлүү гарсан 8500г картаар төлсөн,Nitrox - Tropical 680гр,1,58523.04
1415,PN Store,1120,7/25/2023,Сурталчилгаанд 7 сар хэрэглээ үлүү гарсан 8500г картаар төлсөн,Shaker 600ml,2,11245.58
1416,PN Store,1120,7/25/2023,Сурталчилгаанд 7 сар хэрэглээ үлүү гарсан 8500г картаар төлсөн,ISO Whey 500g - Tiramisu,1,55931.95
1417,PN Store,1120,7/25/2023,Сурталчилгаанд 7 сар хэрэглээ үлүү гарсан 8500г картаар төлсөн,Ундаа Amino 330ml Raspberry,6,12905.59
1418,PN Store,1120,7/25/2023,Сурталчилгаанд 7 сар хэрэглээ үлүү гарсан 8500г картаар төлсөн,Ундаа Amino 330ml Passion fruit,6,13915.49
1419,PN Store,1120,7/25/2023,Сурталчилгаанд 7 сар хэрэглээ үлүү гарсан 8500г картаар төлсөн,Ундаа Collagen vibe 330ml Passion fruit,4,9381.78
1420,PN Store,1127,7/26/2023,Сурталчилгаанд 7 сар хэрэглээ,Zero bar Hazelnut 50g,20,72850.62
1421,PN Store,1127,7/26/2023,Сурталчилгаанд 7 сар хэрэглээ,Crush Bar - Cookiescream 64g,24,148094.82
1422,PN Store,1127,7/26/2023,Сурталчилгаанд 7 сар хэрэглээ,EAA Zero 350g blue grape,1,50184.11
1423,PN Store,1127,7/26/2023,Сурталчилгаанд 7 сар хэрэглээ,Energy gel 60g Orange,1,3422.35
1424,PN Store,1127,7/26/2023,Сурталчилгаанд 7 сар хэрэглээ,Protein chips 7*40g Barbeque,3,10016.57
1425,PN Store,1127,7/26/2023,Сурталчилгаанд 7 сар хэрэглээ,Ундаа Amino 330ml Passion fruit,12,27830.98
1426,PN Store,1127,7/26/2023,Сурталчилгаанд 7 сар хэрэглээ,Energy Gel 60g Peach,4,13953.65
1427,PN Store,1127,7/26/2023,Сурталчилгаанд 7 сар хэрэглээ,Ундаа Amino 330ml Lemon soda,12,24624.99
1428,PN Store,1127,7/26/2023,Сурталчилгаанд 7 сар хэрэглээ,Vitamin D3 K2 /60ш/,1,6781.51
1429,PN Store,1127,7/26/2023,Сурталчилгаанд 7 сар хэрэглээ,Ундаа Amino 330ml Super pear,12,22644.38
1430,PN Store,1127,7/26/2023,Сурталчилгаанд 7 сар хэрэглээ,Ундаа Amino 330ml Raspberry,12,25811.18
1431,PN Store,1127,7/26/2023,Сурталчилгаанд 7 сар хэрэглээ,Protein cream 400g Chocolate hazelnut,1,12511.81
1432,PN Store,1127,7/26/2023,Сурталчилгаанд 7 сар хэрэглээ,Protein chips 7*40g sour cream&onion,4,13358.87
1433,PN Store,1140,7/27/2023,Сурталчилгаанд uramshuulal,Ундаа Amino 330ml Lemon soda,24,49249.98
1434,PN Store,1141,7/27/2023,Сурталчилгаанд uramshuulal,Ундаа Amino 330ml Lemon soda,24,49249.98
1435,PN Store,1142,7/27/2023,Акт 7-27,Ундаа Amino 330ml Passion fruit,23,53342.71
1436,PN Store,1142,7/27/2023,Акт 7-27,Ундаа Amino 330ml Lemon soda,38,77979.14
1437,PN Store,1142,7/27/2023,Акт 7-27,Protein cream 400g Chocolate hazelnut,3,37535.42
1438,PN Store,1142,7/27/2023,Акт 7-27,Ундаа Collagen vibe 330ml Passion fruit,1,2345.45
1439,PN Store,1142,7/27/2023,Акт 7-27,Ундаа Amino 330ml Super pear,46,86803.46
1440,PN Store,1142,7/27/2023,Акт 7-27,Sleep & Relax 450g,24,972338.28
1441,PN Store,1142,7/27/2023,Акт 7-27,Ундаа Amino 330ml Waikiki,145,340275.87
1442,PN Store,1142,7/27/2023,Акт 7-27,Ундаа Collagen vibe 330ml Mojito,2,4912.18
1443,PN Store,1142,7/27/2023,Акт 7-27,Nitrox sample - Tropical 17g,5,14699.51
1444,PN Store,1142,7/27/2023,Акт 7-27,Shaker 600ml,1,5622.79
1445,PN Store,1142,7/27/2023,Акт 7-27,Ундаа Collagen vibe 330ml Pineapple coconut,1,1748.16
1446,PN Store,1142,7/27/2023,Акт 7-27,Ундаа Amino 330ml Raspberry,51,109697.54
1447,PN Store,1142,7/27/2023,Акт 7-27,Protein cream 400g White chocolate Hazelnut,18,225744.14
1448,PN Store,1156,7/28/2023,Сурталчилгаанд suhiin ajilchdad uguv,Ундаа Amino 330ml Lemon soda,24,49249.98
1449,PN Store,1157,7/28/2023,Сурталчилгаанд uramshuulal,Ундаа Amino 330ml Lemon soda,24,49249.98
1450,PN Store,1172,7/30/2023,Сурталчилгаанд/ office suhru/,Vitamin D3 K2 /60ш/,1,6781.51
1451,PN Store,1172,7/30/2023,Сурталчилгаанд/ office suhru/,Vitamin C 60ш,1,11879.53
1452,PN Store,1173,7/30/2023,Сурталчилгаанд/  7 sar delgvvriin hereglee/,ISO Whey 500g - White chocolate,1,52868.29
1453,PN Store,1173,7/30/2023,Сурталчилгаанд/  7 sar delgvvriin hereglee/,Protein cream 400g Caramel,1,12504.22
1454,PN Store,1173,7/30/2023,Сурталчилгаанд/  7 sar delgvvriin hereglee/,Zero bar Banana 50g,1,3354.99
1455,PN Store,1173,7/30/2023,Сурталчилгаанд/  7 sar delgvvriin hereglee/,Protein bar 15*55g Cookies cream,2,6630.18
1456,PN Store,1173,7/30/2023,Сурталчилгаанд/  7 sar delgvvriin hereglee/,Peanut butter 400g crunchy Biotech,1,12371.52
1457,PN Store,1173,7/30/2023,Сурталчилгаанд/  7 sar delgvvriin hereglee/,ISO Whey 500g - Tiramisu,1,55928.72
1458,PN Store,1173,7/30/2023,Сурталчилгаанд/  7 sar delgvvriin hereglee/,Protein snap,4,8283.74
1459,PN Store,1173,7/30/2023,Сурталчилгаанд/  7 sar delgvvriin hereglee/,Tribooster 60ш,1,31641.9
1460,PN Store,1174,7/30/2023,Сурталчилгаанд/7 sar heregleee office/,MSM+ Vitamin C 150g,3,56004.59
1461,PN Store,1174,7/30/2023,Сурталчилгаанд/7 sar heregleee office/,Omega 3 /90ш/,1,12608.41
1462,PN Store,1174,7/30/2023,Сурталчилгаанд/7 sar heregleee office/,Protein cream 400g Duo white chocolate-chocolate,2,25244.32
1463,PN Store,1174,7/30/2023,Сурталчилгаанд/7 sar heregleee office/,Protein bar 15*55g Caramel peanuts,5,16572.93
1464,PN Store,1174,7/30/2023,Сурталчилгаанд/7 sar heregleee office/,Protein snap,2,4141.87
1465,PN Store,1174,7/30/2023,Сурталчилгаанд/7 sar heregleee office/,Cheese soup 30g,4,10400.47
1466,PN Store,1174,7/30/2023,Сурталчилгаанд/7 sar heregleee office/,L-Carnitine 100.000 - Cherry 500ml,1,49905.47
1467,PN Store,1174,7/30/2023,Сурталчилгаанд/7 sar heregleee office/,Tomato soup 30g,3,7800.35
1468,PN Store,1174,7/30/2023,Сурталчилгаанд/7 sar heregleee office/,Multivitamin  90ш,2,25905.56
1469,PN Store,1174,7/30/2023,Сурталчилгаанд/7 sar heregleee office/,Protein bar 15*55g Cookies cream,4,13260.36
1470,PN Store,1174,7/30/2023,Сурталчилгаанд/7 sar heregleee office/,Power Amino,2,53750.83
1471,PN Store,1174,7/30/2023,Сурталчилгаанд/7 sar heregleee office/,Oatmeal 1kg apple&banana,1,28727.1
1472,PN Store,1174,7/30/2023,Сурталчилгаанд/7 sar heregleee office/,Protein bar 15*55g Choco caramel,3,9927.37
1473,PN Store,1174,7/30/2023,Сурталчилгаанд/7 sar heregleee office/,Protein cream 400g Caramel,1,12504.22
1474,PN Store,1174,7/30/2023,Сурталчилгаанд/7 sar heregleee office/,Hyper Mass - Vanilla 1kg,2,62466.35
1475,PN Store,1174,7/30/2023,Сурталчилгаанд/7 sar heregleee office/,Shaker 600ml,2,11245.62
1476,PN Store,1174,7/30/2023,Сурталчилгаанд/7 sar heregleee office/,Vitamin D3 K2 /60ш/,3,20344.54
1477,PN Store,1174,7/30/2023,Сурталчилгаанд/7 sar heregleee office/,Glucosamine 60caps,2,42494.4
1478,PN Store,1174,7/30/2023,Сурталчилгаанд/7 sar heregleee office/,ZMA 60ш,2,14299.21
1479,PN Store,1188,7/31/2023,Сурталчилгаанд/  7 sar delgvvriin hereglee/,Power Whey - Chocolate 2250g,2,211565.16
1480,PN Store,1189,7/31/2023,Сурталчилгаанд мэргэжлийн хяналт руу,L-Carnitine powder 300g,2,71609.88
1481,PN Store,1189,7/31/2023,Сурталчилгаанд мэргэжлийн хяналт руу,Power Amino,2,53750.83
1482,PN Store,1189,7/31/2023,Сурталчилгаанд мэргэжлийн хяналт руу,Power BCAA - Cola 1х*6ш*420гр,2,68204.04
1483,PN Store,1190,7/31/2023,Акт 7/31,Sleep & Relax 450g,2,81028.19
1484,PN Store,1190,7/31/2023,Акт 7/31,Ундаа Collagen vibe 330ml Passion fruit,2,4690.95
1485,PN Store,1190,7/31/2023,Акт 7/31,Ундаа Amino 330ml Waikiki,108,253443.95
1486,PN Store,1198,8/1/2023,Сурталчилгаанд Учралтай хамт 7 сар хэрэглээ,ISO Whey 500g - Coconut,9,503388.22
1487,PN Store,1198,8/1/2023,Сурталчилгаанд Учралтай хамт 7 сар хэрэглээ,Zero bar Chocolate 50g,2,7223.7
1488,PN Store,1198,8/1/2023,Сурталчилгаанд Учралтай хамт 7 сар хэрэглээ,Protein cream 400g peanut butter smooth,2,24973.05
1489,PN Store,1198,8/1/2023,Сурталчилгаанд Учралтай хамт 7 сар хэрэглээ,Ундаа Amino 330ml Waikiki,2,4693.41
1490,PN Store,1198,8/1/2023,Сурталчилгаанд Учралтай хамт 7 сар хэрэглээ,Peanut butter 400g crunchy Biotech,1,12371.52
1491,PN Store,1198,8/1/2023,Сурталчилгаанд Учралтай хамт 7 сар хэрэглээ,Protein snap,1,2070.93
1492,PN Store,1198,8/1/2023,Сурталчилгаанд Учралтай хамт 7 сар хэрэглээ,Power Amino,4,107501.66
1493,PN Store,1198,8/1/2023,Сурталчилгаанд Учралтай хамт 7 сар хэрэглээ,ISO Whey 500g - Tiramisu,2,111857.43
1494,PN Store,1198,8/1/2023,Сурталчилгаанд Учралтай хамт 7 сар хэрэглээ,Protein cream 400g Caramel,1,12504.22
1495,PN Store,1198,8/1/2023,Сурталчилгаанд Учралтай хамт 7 сар хэрэглээ,ISO Whey 500g - Chocolate,2,104249.88
1496,PN Store,1198,8/1/2023,Сурталчилгаанд Учралтай хамт 7 сар хэрэглээ,ISO Whey 500g - Vanilla,2,95791.07
1497,PN Store,1198,8/1/2023,Сурталчилгаанд Учралтай хамт 7 сар хэрэглээ,ISO Whey 500g - Banana,3,155822.75
1498,PN Store,1199,8/1/2023,"Сурталчилгаанд/ Baynhongor, olympus /",Ундаа Amino 330ml Lemon soda,72,147734.56
1499,PN Store,1200,8/1/2023,Сурталчилгаанд shine delguur deed ail ruu,ZMA 60ш,1,7149.61
1500,PN Store,1200,8/1/2023,Сурталчилгаанд shine delguur deed ail ruu,Protein bar 15*55g Cookies cream,1,3315.09
1501,PN Store,1200,8/1/2023,Сурталчилгаанд shine delguur deed ail ruu,Protein bar 15*55g Caramel peanuts,1,3314.59
1502,PN Store,1200,8/1/2023,Сурталчилгаанд shine delguur deed ail ruu,Protein snap,1,2070.93
1503,PN Store,1200,8/1/2023,Сурталчилгаанд shine delguur deed ail ruu,Vitamin C 60ш,1,11879.53
1504,PN Store,1200,8/1/2023,Сурталчилгаанд shine delguur deed ail ruu,Ундаа Amino 330ml Raspberry,1,2150.92
1505,PN Store,1200,8/1/2023,Сурталчилгаанд shine delguur deed ail ruu,Protein bar 15*55g Choco caramel,1,3309.12
1506,PN Store,1200,8/1/2023,Сурталчилгаанд shine delguur deed ail ruu,Ундаа Collagen vibe 330ml Passion fruit,1,2345.47
1507,PN Store,1200,8/1/2023,Сурталчилгаанд shine delguur deed ail ruu,Ундаа Amino 330ml Waikiki,1,2346.7
1508,PN Store,1209,8/2/2023,Сурталчилгаанд amtalgaa,Protein chips 7*40g sour cream&onion,1,3339.72
1509,PN Store,1209,8/2/2023,Сурталчилгаанд amtalgaa,Protein bar 15*55g Cookies cream,1,3315.09
1510,PN Store,1209,8/2/2023,Сурталчилгаанд amtalgaa,Ундаа Amino 330ml Lemon soda,24,49244.85
1511,PN Store,1209,8/2/2023,Сурталчилгаанд amtalgaa,Crush Bar - Toffee coconut 64g,1,6170.57
1512,PN Store,1209,8/2/2023,Сурталчилгаанд amtalgaa,Club mate 500мл,2,7377.69
1513,PN Store,1209,8/2/2023,Сурталчилгаанд amtalgaa,Nitrox sample - Blue grape 17g,1,2920.78
1514,PN Store,1209,8/2/2023,Сурталчилгаанд amtalgaa,Zero bar Chocolate 50g,1,3611.85
1515,PN Store,1209,8/2/2023,Сурталчилгаанд amtalgaa,Hyper mass sample 65g chocolate,1,1457.95
1516,PN Store,1209,8/2/2023,Сурталчилгаанд amtalgaa,ISO Whey sample - Strawberry 25g,1,2949.13
1517,PN Store,1209,8/2/2023,Сурталчилгаанд amtalgaa,Crush Bar - Cookiescream 64g,1,6170.44
1518,PN Store,1209,8/2/2023,Сурталчилгаанд amtalgaa,Protein bar 15*55g Caramel peanuts,1,3314.59
1519,PN Store,1210,8/2/2023,"Сурталчилгаанд /6,7 sar/",Ундаа Amino 330ml Lemon soda,24,49244.85
1520,PN Store,1210,8/2/2023,"Сурталчилгаанд /6,7 sar/",Ундаа Amino 330ml Passion fruit,12,27830.98
1521,PN Store,1210,8/2/2023,"Сурталчилгаанд /6,7 sar/",Ундаа Collagen vibe 330ml Passion fruit,24,56291.35
1522,PN Store,1222,8/3/2023,Сурталчилгаанд  uramshuulal,Ундаа Amino 330ml Lemon soda,24,49244.86
1523,PN Store,1231,8/4/2023,Сурталчилгаанд/ profit gym hamt hasav/,Ундаа Amino 330ml Lemon soda,48,98489.71
1524,PN Store,1241,8/6/2023,Сурталчилгаанд uramshuulal,Ундаа Amino 330ml Lemon soda,24,49244.86
1525,PN Store,1249,8/7/2023,Сурталчилгаанд,Ундаа Amino 330ml Lemon soda,24,49244.85
1526,PN Store,1250,8/7/2023,Сурталчилгаанд,Ундаа Amino 330ml Lemon soda,24,49244.85
1527,PN Store,1257,8/8/2023,Сурталчилгаанд голомт капитал 2 давхарт амталгаанд,Club mate 330мл,1,3077.31
1528,PN Store,1257,8/8/2023,Сурталчилгаанд голомт капитал 2 давхарт амталгаанд,Club mate 500мл,1,3688.85
1529,PN Store,1272,8/10/2023,Сурталчилгаанд 8 сар хэрэглээ,Multivitamin  90ш,2,25905.56
1530,PN Store,1272,8/10/2023,Сурталчилгаанд 8 сар хэрэглээ,Ундаа Amino 330ml Lemon soda,12,24622.43
1531,PN Store,1272,8/10/2023,Сурталчилгаанд 8 сар хэрэглээ,EAA Zero 350g Lemon,1,50152.5
1532,PN Store,1272,8/10/2023,Сурталчилгаанд 8 сар хэрэглээ,Vitamin D3 K2 /60ш/,1,6781.51
1533,PN Store,1272,8/10/2023,Сурталчилгаанд 8 сар хэрэглээ,Omega 3 /90ш/,2,25216.82
1534,PN Store,1272,8/10/2023,Сурталчилгаанд 8 сар хэрэглээ,Peanut butter 400g crunchy Biotech,4,49486.09
1535,PN Store,1272,8/10/2023,Сурталчилгаанд 8 сар хэрэглээ,Protein cream 400g Chocolate hazelnut,1,12511.82
1536,PN Store,1272,8/10/2023,Сурталчилгаанд 8 сар хэрэглээ,Protein chips 7*40g sour cream&onion,2,6679.43
1537,PN Store,1272,8/10/2023,Сурталчилгаанд 8 сар хэрэглээ,Ундаа Collagen vibe 330ml Pineapple coconut,12,20977.95
1538,PN Store,1273,8/10/2023,Акт 8/10,Ундаа Amino 330ml Waikiki,15,35200.55
1539,PN Store,1273,8/10/2023,Акт 8/10,Ундаа Amino 330ml Passion fruit,39,90450.68
1540,PN Store,1273,8/10/2023,Акт 8/10,Ундаа Amino 330ml Super pear,106,200024.8
1541,PN Store,1273,8/10/2023,Акт 8/10,Sleep & Relax 450g,6,243084.57
1542,PN Store,1273,8/10/2023,Акт 8/10,Ундаа Amino 330ml Raspberry,70,150564.67
1543,PN Store,1273,8/10/2023,Акт 8/10,Ундаа Amino 330ml Lemon soda,21,43089.25
1544,PN Store,1273,8/10/2023,Акт 8/10,Ундаа Collagen vibe 330ml Pineapple coconut,1,1748.16
1545,PN Store,1273,8/10/2023,Акт 8/10,Ундаа Collagen vibe 330ml Passion fruit,3,7036.42
1546,PN Store,1273,8/10/2023,Акт 8/10,Shaker 600ml,1,5622.81
1547,PN Store,1273,8/10/2023,Акт 8/10,Power Whey - Vanilla 2250g,1,117323.58
1548,PN Store,1294,8/14/2023,Сурталчилгаанд,Ундаа Amino 330ml Lemon soda,24,49244.86
1549,PN Store,1295,8/14/2023,Сурталчилгаанд cupcake хийх,Power Whey - Vanilla 2250g,1,117323.58
1550,PN Store,1302,8/15/2023,Сурталчилгаанд/ gariin beleg/,Ундаа Collagen vibe 330ml Mojito,2,4912.18
1551,PN Store,1302,8/15/2023,Сурталчилгаанд/ gariin beleg/,Power Whey - Chocolate 2250g,1,105782.58
1552,PN Store,1302,8/15/2023,Сурталчилгаанд/ gariin beleg/,Protein bar 15*55g Cookies cream,2,6630.18
1553,PN Store,1302,8/15/2023,Сурталчилгаанд/ gariin beleg/,Protein bar 15*55g Caramel peanuts,2,6629.17
1554,PN Store,1302,8/15/2023,Сурталчилгаанд/ gariin beleg/,Protein snap,2,4141.87
1555,PN Store,1302,8/15/2023,Сурталчилгаанд/ gariin beleg/,Protein chips 7*40g Barbeque,1,3338.85
1556,PN Store,1302,8/15/2023,Сурталчилгаанд/ gariin beleg/,Power BCAA - Cola 1х*6ш*420гр,1,34102.02
1557,PN Store,1302,8/15/2023,Сурталчилгаанд/ gariin beleg/,Protein cream 400g Duo white chocolate-chocolate,1,12622.16
1558,PN Store,1302,8/15/2023,Сурталчилгаанд/ gariin beleg/,Protein chips 7*40g sour cream&onion,1,3339.72
1559,PN Store,1302,8/15/2023,Сурталчилгаанд/ gariin beleg/,Oatmeal 1kg apple&banana,1,28727.1
1560,PN Store,1302,8/15/2023,Сурталчилгаанд/ gariin beleg/,Ундаа Amino 330ml Super pear,2,3774.05
1561,PN Store,1302,8/15/2023,Сурталчилгаанд/ gariin beleg/,L-Carnitine powder 300g,1,35804.94
1562,PN Store,1302,8/15/2023,Сурталчилгаанд/ gariin beleg/,Ундаа Amino 330ml Passion fruit,2,4638.5
1563,PN Store,1302,8/15/2023,Сурталчилгаанд/ gariin beleg/,Ундаа Collagen vibe 330ml Passion fruit,2,4690.95
1564,PN Store,1302,8/15/2023,Сурталчилгаанд/ gariin beleg/,Ундаа Amino 330ml Raspberry,2,4301.85
1565,PN Store,1302,8/15/2023,Сурталчилгаанд/ gariin beleg/,Protein bar 15*55g Choco caramel,2,6618.24
1566,PN Store,1302,8/15/2023,Сурталчилгаанд/ gariin beleg/,Ундаа Amino 330ml Waikiki,2,4693.41
1567,PN Store,1302,8/15/2023,Сурталчилгаанд/ gariin beleg/,Ундаа Amino 330ml Lemon soda,2,4103.74
1568,PN Store,1302,8/15/2023,Сурталчилгаанд/ gariin beleg/,Ундаа Collagen vibe 330ml Pineapple coconut,2,3496.33
1569,PN Store,1320,8/18/2023,Сурталчилгаанд/ bathuyg hereglee 8 sar/,Zero bar Hazelnut 50g,1,3642.43
1570,PN Store,1320,8/18/2023,Сурталчилгаанд/ bathuyg hereglee 8 sar/,ISO Whey 500g - Strawberry,1,47921.74
1571,PN Store,1320,8/18/2023,Сурталчилгаанд/ bathuyg hereglee 8 sar/,Zero bar Chocolate 50g,3,10835.56
1572,PN Store,1320,8/18/2023,Сурталчилгаанд/ bathuyg hereglee 8 sar/,Zero bar caramel 50гр,2,6709.98
1573,PN Store,1320,8/18/2023,Сурталчилгаанд/ bathuyg hereglee 8 sar/,Power BCAA - Cola 1х*6ш*420гр,1,34102.02
1574,PN Store,1320,8/18/2023,Сурталчилгаанд/ bathuyg hereglee 8 sar/,Protein bar 15*55g Choco caramel,3,9927.37
1575,PN Store,1320,8/18/2023,Сурталчилгаанд/ bathuyg hereglee 8 sar/,Protein bar 15*55g Caramel peanuts,2,6629.17
1576,PN Store,1320,8/18/2023,Сурталчилгаанд/ bathuyg hereglee 8 sar/,Protein cream 400g Duo white chocolate-chocolate,1,12622.16
1577,PN Store,1320,8/18/2023,Сурталчилгаанд/ bathuyg hereglee 8 sar/,Zero bar Banana 50g,1,3354.99
1578,PN Store,1320,8/18/2023,Сурталчилгаанд/ bathuyg hereglee 8 sar/,Protein bar 15*55g Cookies cream,1,3315.09
1579,PN Store,1321,8/18/2023,Акт 8/18,Protein cream 400g White chocolate Hazelnut,1,12541.34
1580,PN Store,1321,8/18/2023,Акт 8/18,Ундаа Amino 330ml Raspberry,46,98942.5
1581,PN Store,1321,8/18/2023,Акт 8/18,Ундаа Amino 330ml Lemon soda,10,20518.69
1582,PN Store,1321,8/18/2023,Акт 8/18,Ундаа Amino 330ml Super pear,51,96238.35
1583,PN Store,1321,8/18/2023,Акт 8/18,Shaker 600ml,1,5622.81
1584,PN Store,1321,8/18/2023,Акт 8/18,Ундаа Collagen vibe 330ml Mojito,5,12280.44
1585,PN Store,1321,8/18/2023,Акт 8/18,Ундаа Amino 330ml Passion fruit,30,69577.44
1586,PN Store,1321,8/18/2023,Акт 8/18,Ундаа Collagen vibe 330ml Passion fruit,22,51600.4
1587,PN Store,1321,8/18/2023,Акт 8/18,Ундаа Collagen vibe 330ml Pineapple coconut,1,1748.16
1588,PN Store,1329,8/19/2023,Сурталчилгаанд 8 сар хэрэглээ,L-Carnitine 100.000 - Apple 500ml,1,49767.41
1589,PN Store,1329,8/19/2023,Сурталчилгаанд 8 сар хэрэглээ,L-Carnitine powder 300g,1,35804.94
1590,PN Store,1329,8/19/2023,Сурталчилгаанд 8 сар хэрэглээ,Nitrox - Cranberry 680гр,1,58510.8
1591,PN Store,1337,8/21/2023,Сурталчилгаанд,Ундаа Amino 330ml Lemon soda,24,49244.86
1592,PN Store,1360,8/24/2023,Акт 8/24,Ундаа Amino 330ml Raspberry,18,38716.63
1593,PN Store,1360,8/24/2023,Акт 8/24,Nitrox sample - Tropical 17g,1,2939.9
1594,PN Store,1360,8/24/2023,Акт 8/24,Ундаа Amino 330ml Lemon soda,21,43089.25
1595,PN Store,1360,8/24/2023,Акт 8/24,Ундаа Amino 330ml Super pear,12,22644.32
1596,PN Store,1360,8/24/2023,Акт 8/24,Ундаа Amino 330ml Passion fruit,44,102046.92
1597,PN Store,1360,8/24/2023,Акт 8/24,Ундаа Collagen vibe 330ml Passion fruit,56,131346.48
1598,PN Store,1360,8/24/2023,Акт 8/24,Power Whey - Vanilla 2250g,1,117323.58
1599,PN Store,1369,8/25/2023,Сурталчилгаанд/8sar hereglee/,ISO Whey 500g - Strawberry,1,47921.74
1600,PN Store,1369,8/25/2023,Сурталчилгаанд/8sar hereglee/,Crush Bar - Cookiescream 64g,4,24681.78
1601,PN Store,1369,8/25/2023,Сурталчилгаанд/8sar hereglee/,Oatmeal 1kg apple&banana,1,28727.1
1602,PN Store,1369,8/25/2023,Сурталчилгаанд/8sar hereglee/,Crush Bar - Toffee coconut 64g,4,24682.27
1603,PN Store,1369,8/25/2023,Сурталчилгаанд/8sar hereglee/,ISO Whey 500g - Chocolate,1,52124.94
1604,PN Store,1369,8/25/2023,Сурталчилгаанд/8sar hereglee/,Nitrox - Blue grape 680g,1,58028.93
1605,PN Store,1369,8/25/2023,Сурталчилгаанд/8sar hereglee/,L-Glutamine 240гр,1,31266.21
1606,PN Store,1369,8/25/2023,Сурталчилгаанд/8sar hereglee/,Hyper Mass - Caramel cappuchino 1kg,1,28454.81
1607,PN Store,1369,8/25/2023,Сурталчилгаанд/8sar hereglee/,Shaker 600ml,2,11245.62
1608,PN Store,1369,8/25/2023,Сурталчилгаанд/8sar hereglee/,EAA Zero 350g Lemon,1,50152.5
1609,PN Store,1369,8/25/2023,Сурталчилгаанд/8sar hereglee/,Peanut butter 400g crunchy Biotech,1,12371.52
1610,PN Store,1369,8/25/2023,Сурталчилгаанд/8sar hereglee/,L-Carnitine shot,20,60389.81
1611,PN Store,1369,8/25/2023,Сурталчилгаанд/8sar hereglee/,Hyper Mass - Chocolate 1kg,1,34281.67
1612,PN Store,1369,8/25/2023,Сурталчилгаанд/8sar hereglee/,Crush Bar - Chocolate 64g,4,24693.33
1613,PN Store,1393,8/30/2023,Сурталчилгаанд гарын бэлэг амталгаанд,Ундаа Amino 330ml Lemon soda,222,458230.69
1614,PN Store,1393,8/30/2023,Сурталчилгаанд гарын бэлэг амталгаанд,Power professional,5,161413.39
1615,PN Store,1393,8/30/2023,Сурталчилгаанд гарын бэлэг амталгаанд,Energy Gel 60g Peach,18,62791.4
1616,PN Store,1393,8/30/2023,Сурталчилгаанд гарын бэлэг амталгаанд,Energy Gel 60g Professional Lemon,12,41769.62
1617,PN Store,1393,8/30/2023,Сурталчилгаанд гарын бэлэг амталгаанд,ISO Whey sample - White chocolate 25g,30,93397.25
1618,PN Store,1394,8/30/2023,борлуулалтын урамшуулал,Ундаа Amino 330ml Lemon soda,24,49538.45
1619,PN Store,1395,8/30/2023,Ажилчидын хэрэглээ,L-Carnitine drink 500ml- Strawberry kiwi,7,29059.19
1620,PN Store,1395,8/30/2023,Ажилчидын хэрэглээ,Oatmeal 1kg apple&banana,5,143634.41
1621,PN Store,1395,8/30/2023,Ажилчидын хэрэглээ,Power Testo 120caps,2,47308.81
1622,PN Store,1395,8/30/2023,Ажилчидын хэрэглээ,Protein bar 15*55g Cookies cream,4,13227.82
1623,PN Store,1395,8/30/2023,Ажилчидын хэрэглээ,Zero bar Chocolate 50g,1,3611.85
1624,PN Store,1395,8/30/2023,Ажилчидын хэрэглээ,Hyper Mass - Vanilla 1kg,1,31233.17
1625,PN Store,1395,8/30/2023,Ажилчидын хэрэглээ,L-Glutamine 240гр,1,31266.21
1626,PN Store,1395,8/30/2023,Ажилчидын хэрэглээ,Zinc 60ш,1,7543.61
1627,PN Store,1395,8/30/2023,Ажилчидын хэрэглээ,L-Carnitine drink 500ml Apple peach,7,28771.86
1628,PN Store,1395,8/30/2023,Ажилчидын хэрэглээ,L-Carnitine powder 300g,3,107414.83
1629,PN Store,1395,8/30/2023,Ажилчидын хэрэглээ,Shaker 600ml,1,5622.81
1630,PN Store,1395,8/30/2023,Ажилчидын хэрэглээ,L-Carnitine 100.000 - Cherry 500ml,1,49904.96
1631,PN Store,1395,8/30/2023,Ажилчидын хэрэглээ,Protein cream 400g peanut butter smooth,1,12486.52
1632,PN Store,1395,8/30/2023,Ажилчидын хэрэглээ,Protein snap,1,2070.93
1633,PN Store,1395,8/30/2023,Ажилчидын хэрэглээ,Power Amino,1,26874.91
1634,PN Store,1395,8/30/2023,Ажилчидын хэрэглээ,Crush Bar - Cookiescream 64g,3,18511.33
1635,PN Store,1395,8/30/2023,Ажилчидын хэрэглээ,Crush Bar - Toffee coconut 64g,2,13146.79
1636,PN Store,1395,8/30/2023,Ажилчидын хэрэглээ,Protein cream 400g Duo white chocolate-chocolate,1,12285.25
1637,PN Store,1395,8/30/2023,Ажилчидын хэрэглээ,Protein bar 15*55g Choco caramel,4,13236.56
1638,PN Store,1395,8/30/2023,Ажилчидын хэрэглээ,Shaker 600ml /угсардаг нэмэлттэй/ таслагчтай,1,10694.03
1639,PN Store,1395,8/30/2023,Ажилчидын хэрэглээ,Omega 3 /90ш/,3,37817.66
1640,PN Store,1395,8/30/2023,Ажилчидын хэрэглээ,Glucosamine 60caps,3,63741.61
1641,PN Store,1395,8/30/2023,Ажилчидын хэрэглээ,Crush Bar - Chocolate 64g,4,24692.31
1642,PN Store,1395,8/30/2023,Ажилчидын хэрэглээ,Oatmeal 1kg chocolate,4,114908.39
1643,PN Store,1395,8/30/2023,Ажилчидын хэрэглээ,Protein bar 15*55g Caramel peanuts,7,23134.28
1644,PN Store,1395,8/30/2023,Ажилчидын хэрэглээ,Multivitamin  90ш,2,25904.8
1645,PN Store,1395,8/30/2023,Ажилчидын хэрэглээ,Protein cream 400g Chocolate hazelnut,1,12511.82
1646,PN Store,1406,8/31/2023,8 сар хэрэглээ,Power professional,3,96848.03
1647,PN Store,1406,8/31/2023,8 сар хэрэглээ,Zero bar Hazelnut 50g,1,3769.46
1648,PN Store,1406,8/31/2023,8 сар хэрэглээ,ISO Whey 500g - Coconut,5,279660.12
1649,PN Store,1406,8/31/2023,8 сар хэрэглээ,Protein cream 400g peanut butter smooth,1,12486.52
1650,PN Store,1406,8/31/2023,8 сар хэрэглээ,Tomato soup 30g,1,2600.03
1651,PN Store,1406,8/31/2023,8 сар хэрэглээ,Protein bar 15*55g Choco caramel,6,19854.84
1652,PN Store,1406,8/31/2023,8 сар хэрэглээ,Protein cream 400g Caramel,1,12504.22
1653,PN Store,1406,8/31/2023,8 сар хэрэглээ,Power Amino,1,26874.91
1654,PN Store,1406,8/31/2023,8 сар хэрэглээ,Hyper Mass - Chocolate 1kg,2,68563.34
1655,PN Store,1406,8/31/2023,8 сар хэрэглээ,Ундаа Amino 330ml Waikiki,2,4693.41
1656,PN Store,1406,8/31/2023,8 сар хэрэглээ,Vitamin D3 K2 /60ш/,2,13563.03
1657,PN Store,1406,8/31/2023,8 сар хэрэглээ,Protein bar 15*55g Caramel peanuts,7,23134.28
1658,PN Store,1406,8/31/2023,8 сар хэрэглээ,ISO Whey 500g - Vanilla,4,191582.13
1659,PN Store,1406,8/31/2023,8 сар хэрэглээ,Nitrox - Blue grape 680g,1,58028.93
1660,PN Store,1406,8/31/2023,8 сар хэрэглээ,ISO Whey 500g - Chocolate,5,260624.7
1661,PN Store,1406,8/31/2023,8 сар хэрэглээ,Protein bar 15*55g Cookies cream,2,6613.91
1662,PN Store,1413,9/1/2023,Сурталчилгаанд uramshuulal,Ундаа Amino 330ml Lemon soda,24,49538.45
1663,PN Store,1414,9/1/2023,Сурталчилгаанд амталгаанд,Ундаа Amino 330ml Lemon soda,168,346769.17
1664,PN Store,1421,9/2/2023,Сурталчилгаанд 9 сар хэрэглээ,Energy Gel 60g Professional Lemon,12,41769.62
1665,PN Store,1421,9/2/2023,Сурталчилгаанд 9 сар хэрэглээ,Protein cream 400g Caramel,1,12504.22
1666,PN Store,1421,9/2/2023,Сурталчилгаанд 9 сар хэрэглээ,Zero bar caramel 50гр,5,16773.14
1667,PN Store,1421,9/2/2023,Сурталчилгаанд 9 сар хэрэглээ,Zero bar Banana 50g,5,16774.54
1668,PN Store,1421,9/2/2023,Сурталчилгаанд 9 сар хэрэглээ,Protein bar 15*55g Cookies cream,3,9920.86
1669,PN Store,1421,9/2/2023,Сурталчилгаанд 9 сар хэрэглээ,ISO Whey 500g - Coconut,1,55932.02
1670,PN Store,1421,9/2/2023,Сурталчилгаанд 9 сар хэрэглээ,MSM+ Vitamin C 150g,1,18668.2
1671,PN Store,1421,9/2/2023,Сурталчилгаанд 9 сар хэрэглээ,EAA Zero 350g Lemon,1,50065.31
1672,PN Store,1421,9/2/2023,Сурталчилгаанд 9 сар хэрэглээ,Oatmeal 1kg apple&banana,1,28726.88
1673,PN Store,1421,9/2/2023,Сурталчилгаанд 9 сар хэрэглээ,Zero bar Hazelnut 50g,5,18847.32
1674,PN Store,1421,9/2/2023,Сурталчилгаанд 9 сар хэрэглээ,ISO Whey 500g - Strawberry,2,95843.49
1675,PN Store,1421,9/2/2023,Сурталчилгаанд 9 сар хэрэглээ,ISO Whey 500g - Vanilla,1,47895.53
1676,PN Store,1421,9/2/2023,Сурталчилгаанд 9 сар хэрэглээ,Power BCAA - Cola 1х*6ш*420гр,1,34102.02
1677,PN Store,1421,9/2/2023,Сурталчилгаанд 9 сар хэрэглээ,L-Glutamine 240гр,1,31266.21
1678,PN Store,1421,9/2/2023,Сурталчилгаанд 9 сар хэрэглээ,Shaker 600ml,1,5622.81
1679,PN Store,1421,9/2/2023,Сурталчилгаанд 9 сар хэрэглээ,Oatmeal 1kg chocolate,1,28727.1
1680,PN Store,1421,9/2/2023,Сурталчилгаанд 9 сар хэрэглээ,Protein bar 15*55g Choco caramel,2,6618.28
1681,PN Store,1421,9/2/2023,Сурталчилгаанд 9 сар хэрэглээ,Zero bar Chocolate 50g,5,18059.26
1682,PN Store,1427,9/3/2023,Сурталчилгаанд 9 сар хэрэглээ,Power Whey - Chocolate 2250g,1,105774.91
1683,PN Store,1427,9/3/2023,Сурталчилгаанд 9 сар хэрэглээ,Protein chips 7*40g sour cream&onion,2,6679.43
1684,PN Store,1427,9/3/2023,Сурталчилгаанд 9 сар хэрэглээ,Power Amino,2,53749.82
1685,PN Store,1427,9/3/2023,Сурталчилгаанд 9 сар хэрэглээ,Peanut butter 400g crunchy Biotech,1,12371.52
1686,PN Store,1427,9/3/2023,Сурталчилгаанд 9 сар хэрэглээ,Zero bar Chocolate 50g,2,7223.7
1687,PN Store,1427,9/3/2023,Сурталчилгаанд 9 сар хэрэглээ,Protein bar 15*55g Choco caramel,2,6618.28
1688,PN Store,1427,9/3/2023,Сурталчилгаанд 9 сар хэрэглээ,ISO Whey 500g - Hazelnut,5,263501.33
1689,PN Store,1428,9/3/2023,Сурталчилгаанд 9 сар хэрэглээ amino vibe,Ундаа Amino 330ml Passion fruit,12,27829.28
1690,PN Store,1428,9/3/2023,Сурталчилгаанд 9 сар хэрэглээ amino vibe,Ундаа Amino 330ml Lemon soda,12,24769.23
1691,PN Store,1443,9/5/2023,Сурталчилгаанд/ barterdav videond/,Power Whey - Vanilla 2250g,1,117323.58
1692,PN Store,1443,9/5/2023,Сурталчилгаанд/ barterdav videond/,EAA Zero 350g Lemon,1,50065.31
1693,PN Store,1443,9/5/2023,Сурталчилгаанд/ barterdav videond/,Hyper Mass - Caramel cappuchino 1kg,1,28822.6
1694,PN Store,1443,9/5/2023,Сурталчилгаанд/ barterdav videond/,Shaker 600ml,7,39359.66
1695,PN Store,1443,9/5/2023,Сурталчилгаанд/ barterdav videond/,Multivitamin  90ш,1,12952.4
1696,PN Store,1443,9/5/2023,Сурталчилгаанд/ barterdav videond/,Hyper Mass - Chocolate 1kg,1,34281.67
1697,PN Store,1443,9/5/2023,Сурталчилгаанд/ barterdav videond/,EAA Zero 350g blue grape,1,50182.69
1698,PN Store,1444,9/5/2023,Сурталчилгаанд,Ундаа Collagen vibe 330ml Pineapple coconut,24,41955.91
1699,PN Store,1445,9/5/2023,Сурталчилгаанд/ tsagnii barter/,Power professional,1,32282.68
1700,PN Store,1445,9/5/2023,Сурталчилгаанд/ tsagnii barter/,Power Whey - Vanilla 2250g,1,117323.58
1701,PN Store,1445,9/5/2023,Сурталчилгаанд/ tsagnii barter/,Ундаа Amino 330ml Lemon soda,2,4128.2
1702,PN Store,1445,9/5/2023,Сурталчилгаанд/ tsagnii barter/,Ундаа Amino 330ml Passion fruit,2,4638.21
1703,PN Store,1445,9/5/2023,Сурталчилгаанд/ tsagnii barter/,Ундаа Amino 330ml Super pear,2,3774.05
1704,PN Store,1445,9/5/2023,Сурталчилгаанд/ tsagnii barter/,Ундаа Amino 330ml Raspberry,2,4311.46
1705,PN Store,1454,9/6/2023,6 sariin amino vibe bolon buteegdehuunii hereglee 30sh boloriin,MSM+ Vitamin C 150g,1,18668.2
1706,PN Store,1454,9/6/2023,6 sariin amino vibe bolon buteegdehuunii hereglee 30sh boloriin,ISO Whey 500g - Chocolate,1,52124.94
1707,PN Store,1454,9/6/2023,6 sariin amino vibe bolon buteegdehuunii hereglee 30sh boloriin,Nitrox - Cranberry 680гр,1,58510.8
1708,PN Store,1454,9/6/2023,6 sariin amino vibe bolon buteegdehuunii hereglee 30sh boloriin,ISO Whey 500g - Strawberry,2,95843.49
1709,PN Store,1454,9/6/2023,6 sariin amino vibe bolon buteegdehuunii hereglee 30sh boloriin,L-Carnitine 100.000 - Apple 500ml,2,99527.05
1710,PN Store,1454,9/6/2023,6 sariin amino vibe bolon buteegdehuunii hereglee 30sh boloriin,L-Glutamine 240гр,2,62532.42
1711,PN Store,1454,9/6/2023,6 sariin amino vibe bolon buteegdehuunii hereglee 30sh boloriin,Ундаа Amino 330ml Passion fruit,30,69573.2
1712,PN Store,1454,9/6/2023,6 sariin amino vibe bolon buteegdehuunii hereglee 30sh boloriin,Ундаа Amino 330ml Raspberry,30,64671.83
1713,PN Store,1454,9/6/2023,6 sariin amino vibe bolon buteegdehuunii hereglee 30sh boloriin,ISO Whey 500g - Hazelnut,1,52700.27
1714,PN Store,1455,9/6/2023,7 sariin amino vibe bolon buteegdehuunii hereglee 30sh boloriin,Nitrox - Peach 680гр,1,58134.22
1715,PN Store,1455,9/6/2023,7 sariin amino vibe bolon buteegdehuunii hereglee 30sh boloriin,L-Carnitine drink 500ml- Strawberry kiwi,6,24907.88
1716,PN Store,1455,9/6/2023,7 sariin amino vibe bolon buteegdehuunii hereglee 30sh boloriin,Peanut butter 400g crunchy Biotech,2,24743.05
1717,PN Store,1455,9/6/2023,7 sariin amino vibe bolon buteegdehuunii hereglee 30sh boloriin,Zero bar Banana 50g,10,33549.08
1718,PN Store,1455,9/6/2023,7 sariin amino vibe bolon buteegdehuunii hereglee 30sh boloriin,Zero bar caramel 50гр,10,33546.29
1719,PN Store,1455,9/6/2023,7 sariin amino vibe bolon buteegdehuunii hereglee 30sh boloriin,L-Glutamine 240гр,2,62532.42
1720,PN Store,1455,9/6/2023,7 sariin amino vibe bolon buteegdehuunii hereglee 30sh boloriin,ISO Whey 500g - Coconut,2,111864.05
1721,PN Store,1455,9/6/2023,7 sariin amino vibe bolon buteegdehuunii hereglee 30sh boloriin,MSM+ Vitamin C 150g,1,18668.2
1722,PN Store,1455,9/6/2023,7 sariin amino vibe bolon buteegdehuunii hereglee 30sh boloriin,Ундаа Amino 330ml Raspberry,18,38803.1
1723,PN Store,1455,9/6/2023,7 sariin amino vibe bolon buteegdehuunii hereglee 30sh boloriin,Ундаа Amino 330ml Passion fruit,42,97402.49
1724,PN Store,1455,9/6/2023,7 sariin amino vibe bolon buteegdehuunii hereglee 30sh boloriin,L-Carnitine drink 500ml Apple peach,6,24661.59
1725,PN Store,1466,9/7/2023,Сурталчилгаанд  8 сар хэрэглээ,Shaker 600ml /угсардаг нэмэлттэй/ таслагчтай,1,10694.03
1726,PN Store,1466,9/7/2023,Сурталчилгаанд  8 сар хэрэглээ,ISO Whey 500g - Chocolate,1,52124.94
1727,PN Store,1466,9/7/2023,Сурталчилгаанд  8 сар хэрэглээ,MSM+ Vitamin C 150g,1,18668.2
1728,PN Store,1466,9/7/2023,Сурталчилгаанд  8 сар хэрэглээ,ISO Whey 500g - Strawberry,1,47921.74
1729,PN Store,1466,9/7/2023,Сурталчилгаанд  8 сар хэрэглээ,Crush Bar - Toffee coconut 64g,1,6573.39
1730,PN Store,1466,9/7/2023,Сурталчилгаанд  8 сар хэрэглээ,Omega 3 /90ш/,1,12605.89
1731,PN Store,1467,9/7/2023,Сурталчилгаанд  8 сар хэрэглээ  AMINO VIBE,Ундаа Amino 330ml Waikiki,10,23467.03
1732,PN Store,1467,9/7/2023,Сурталчилгаанд  8 сар хэрэглээ  AMINO VIBE,Ундаа Amino 330ml Passion fruit,14,32467.5
1733,PN Store,1467,9/7/2023,Сурталчилгаанд  8 сар хэрэглээ  AMINO VIBE,Ундаа Amino 330ml Raspberry,6,12934.37
1734,PN Store,1468,9/7/2023,Сурталчилгаанд  БОРлуулалтын урамшуулал,Ундаа Collagen vibe 330ml Mojito,24,58947
1735,PN Store,1476,9/9/2023,Сурталчилгаанд/,Ундаа Amino 330ml Super pear,4,7548.11
1736,PN Store,1476,9/9/2023,Сурталчилгаанд/,Ундаа Amino 330ml Passion fruit,4,9276.43
1737,PN Store,1476,9/9/2023,Сурталчилгаанд/,Ундаа Amino 330ml Raspberry,8,17245.82
1738,PN Store,1476,9/9/2023,Сурталчилгаанд/,Ундаа Amino 330ml Waikiki,8,18773.63
1739,PN Store,1476,9/9/2023,Сурталчилгаанд/,Club mate 500мл,20,73747.84
1740,PN Store,1506,9/11/2023,Сурталчилгаанд/ амталгаанд гаргав/,Ундаа Amino 330ml Lemon soda,504,1040307.51
1741,PN Store,1507,9/11/2023,"Сурталчилгаанд/ худалдан авалтын бэлэг 9,10,11- ний/",Zinc 60ш,2,15087.21
1742,PN Store,1507,9/11/2023,"Сурталчилгаанд/ худалдан авалтын бэлэг 9,10,11- ний/",Vitamin C 60ш,37,439540.54
1743,PN Store,1507,9/11/2023,"Сурталчилгаанд/ худалдан авалтын бэлэг 9,10,11- ний/",ZMA 60ш,3,21448.82
1744,PN Store,1507,9/11/2023,"Сурталчилгаанд/ худалдан авалтын бэлэг 9,10,11- ний/",Multivitamin  90ш,10,129524.02
1745,PN Store,1507,9/11/2023,"Сурталчилгаанд/ худалдан авалтын бэлэг 9,10,11- ний/",Vitamin D3 K2 /60ш/,3,20344.54
1746,PN Store,1507,9/11/2023,"Сурталчилгаанд/ худалдан авалтын бэлэг 9,10,11- ний/",Omega 3 /90ш/,12,151270.66
1747,PN Store,1521,9/13/2023,Сурталчилгаанд/ Сугалаатай худалдааны бэлэг 9-12 ний/,L-Carnitine 100.000 - Apple 500ml,1,49763.53
1748,PN Store,1521,9/13/2023,Сурталчилгаанд/ Сугалаатай худалдааны бэлэг 9-12 ний/,L-Carnitine drink 500ml Apple peach,2,8220.53
1749,PN Store,1521,9/13/2023,Сурталчилгаанд/ Сугалаатай худалдааны бэлэг 9-12 ний/,Protein cream 400g White chocolate Hazelnut,6,75245.64
1750,PN Store,1521,9/13/2023,Сурталчилгаанд/ Сугалаатай худалдааны бэлэг 9-12 ний/,Club mate 330мл,24,73855.43
1751,PN Store,1521,9/13/2023,Сурталчилгаанд/ Сугалаатай худалдааны бэлэг 9-12 ний/,Ундаа Collagen vibe 330ml Pineapple coconut,4,6992.65
1752,PN Store,1521,9/13/2023,Сурталчилгаанд/ Сугалаатай худалдааны бэлэг 9-12 ний/,Ундаа Collagen vibe 330ml Mojito,20,49122.5
1753,PN Store,1521,9/13/2023,Сурталчилгаанд/ Сугалаатай худалдааны бэлэг 9-12 ний/,Power casein - Chocolate 900g,3,182160.69
1754,PN Store,1521,9/13/2023,Сурталчилгаанд/ Сугалаатай худалдааны бэлэг 9-12 ний/,Protein cream 400g Chocolate hazelnut,1,12511.82
1755,PN Store,1521,9/13/2023,Сурталчилгаанд/ Сугалаатай худалдааны бэлэг 9-12 ний/,Ундаа Amino 330ml Raspberry,9,19401.55
1756,PN Store,1521,9/13/2023,Сурталчилгаанд/ Сугалаатай худалдааны бэлэг 9-12 ний/,Power Testo 120caps,1,23654.41
1757,PN Store,1521,9/13/2023,Сурталчилгаанд/ Сугалаатай худалдааны бэлэг 9-12 ний/,Zero bar Banana 50g,1,3354.91
1758,PN Store,1521,9/13/2023,Сурталчилгаанд/ Сугалаатай худалдааны бэлэг 9-12 ний/,Shaker 600ml /угсардаг нэмэлттэй/ таслагчтай,1,10694.03
1759,PN Store,1521,9/13/2023,Сурталчилгаанд/ Сугалаатай худалдааны бэлэг 9-12 ний/,Ice cream 500g chocolate,3,93571.54
1760,PN Store,1521,9/13/2023,Сурталчилгаанд/ Сугалаатай худалдааны бэлэг 9-12 ний/,Magna shot 25ml,1,3140.34
1761,PN Store,1521,9/13/2023,Сурталчилгаанд/ Сугалаатай худалдааны бэлэг 9-12 ний/,L-Carnitine shot,6,18116.94
1762,PN Store,1521,9/13/2023,Сурталчилгаанд/ Сугалаатай худалдааны бэлэг 9-12 ний/,Protein snap,4,8283.74
1763,PN Store,1521,9/13/2023,Сурталчилгаанд/ Сугалаатай худалдааны бэлэг 9-12 ний/,Oatmeal 1kg chocolate,1,28727.1
1764,PN Store,1521,9/13/2023,Сурталчилгаанд/ Сугалаатай худалдааны бэлэг 9-12 ний/,Arthro forte 340g blackcurrent,1,0
1765,PN Store,1521,9/13/2023,Сурталчилгаанд/ Сугалаатай худалдааны бэлэг 9-12 ний/,Ундаа Amino 330ml Waikiki,17,39893.96
1766,PN Store,1521,9/13/2023,Сурталчилгаанд/ Сугалаатай худалдааны бэлэг 9-12 ний/,Protein bar 15*55g Choco caramel,2,6618.28
1767,PN Store,1521,9/13/2023,Сурталчилгаанд/ Сугалаатай худалдааны бэлэг 9-12 ний/,Power Amino,1,26874.91
1768,PN Store,1521,9/13/2023,Сурталчилгаанд/ Сугалаатай худалдааны бэлэг 9-12 ний/,Ундаа Amino 330ml Super pear,4,7548.11
1769,PN Store,1521,9/13/2023,Сурталчилгаанд/ Сугалаатай худалдааны бэлэг 9-12 ний/,Peanut butter 400g crunchy Biotech,1,12371.52
1770,PN Store,1521,9/13/2023,Сурталчилгаанд/ Сугалаатай худалдааны бэлэг 9-12 ний/,ISO Whey sample - tiramisu 25g,2,8020.43
1771,PN Store,1521,9/13/2023,Сурталчилгаанд/ Сугалаатай худалдааны бэлэг 9-12 ний/,Protein chips 7*40g Barbeque,4,13355.42
1772,PN Store,1521,9/13/2023,Сурталчилгаанд/ Сугалаатай худалдааны бэлэг 9-12 ний/,Energy Gel 60g Professional Lemon,4,13923.21
1773,PN Store,1521,9/13/2023,Сурталчилгаанд/ Сугалаатай худалдааны бэлэг 9-12 ний/,Ундаа Collagen vibe 330ml Passion fruit,4,9381.89
1774,PN Store,1521,9/13/2023,Сурталчилгаанд/ Сугалаатай худалдааны бэлэг 9-12 ний/,Ундаа Amino 330ml Passion fruit,9,20871.96
1775,PN Store,1521,9/13/2023,Сурталчилгаанд/ Сугалаатай худалдааны бэлэг 9-12 ний/,Nitrox - Blue grape 680g,1,58028.93
1776,PN Store,1521,9/13/2023,Сурталчилгаанд/ Сугалаатай худалдааны бэлэг 9-12 ний/,MSM+ Vitamin C 150g,2,37336.39
1777,PN Store,1521,9/13/2023,Сурталчилгаанд/ Сугалаатай худалдааны бэлэг 9-12 ний/,Energy Gel 60g Peach,2,6976.82
1778,PN Store,1521,9/13/2023,Сурталчилгаанд/ Сугалаатай худалдааны бэлэг 9-12 ний/,Protein bar 15*55g Caramel peanuts,2,6609.8
1779,PN Store,1521,9/13/2023,Сурталчилгаанд/ Сугалаатай худалдааны бэлэг 9-12 ний/,Power professional,5,161413.39
1780,PN Store,1521,9/13/2023,Сурталчилгаанд/ Сугалаатай худалдааны бэлэг 9-12 ний/,Hyper mass sample 65g chocolate,5,7289.67
1781,PN Store,1521,9/13/2023,Сурталчилгаанд/ Сугалаатай худалдааны бэлэг 9-12 ний/,ISO Whey 500g - Strawberry,1,47921.74
1782,PN Store,1521,9/13/2023,Сурталчилгаанд/ Сугалаатай худалдааны бэлэг 9-12 ний/,Protein chips 7*40g sour cream&onion,4,13358.87
1783,PN Store,1521,9/13/2023,Сурталчилгаанд/ Сугалаатай худалдааны бэлэг 9-12 ний/,Oatmeal 1kg apple&banana,2,57453.76
1784,PN Store,1521,9/13/2023,Сурталчилгаанд/ Сугалаатай худалдааны бэлэг 9-12 ний/,Crush Bar - Toffee coconut 64g,1,6573.39
1785,PN Store,1521,9/13/2023,Сурталчилгаанд/ Сугалаатай худалдааны бэлэг 9-12 ний/,Hyper Mass - Vanilla 1kg,1,31233.17
1786,PN Store,1521,9/13/2023,Сурталчилгаанд/ Сугалаатай худалдааны бэлэг 9-12 ний/,Tomato soup 30g,7,18200.2
1787,PN Store,1521,9/13/2023,Сурталчилгаанд/ Сугалаатай худалдааны бэлэг 9-12 ний/,Nitrox sample - Tropical 17g,2,5879.8
1788,PN Store,1521,9/13/2023,Сурталчилгаанд/ Сугалаатай худалдааны бэлэг 9-12 ний/,L-Glutamine 240гр,1,31266.21
1789,PN Store,1522,9/13/2023,Сурталчилгаанд/ Сугалаатай худалдааны бэлэг витамин 12ний/,Vitamin C 60ш,12,142553.69
1790,PN Store,1528,9/14/2023,9 sar hereglee,ISO Whey 500g - White chocolate,1,52868.29
1791,PN Store,1528,9/14/2023,9 sar hereglee,Zero bar Banana 50g,1,3354.91
1792,PN Store,1528,9/14/2023,9 sar hereglee,Peanut butter 400g crunchy Biotech,1,12371.52
1793,PN Store,1528,9/14/2023,9 sar hereglee,Zero bar Chocolate 50g,1,3611.85
1794,PN Store,1528,9/14/2023,9 sar hereglee,Zero bar Hazelnut 50g,1,3769.46
1795,PN Store,1528,9/14/2023,9 sar hereglee,ISO Whey 500g - Chocolate,1,52124.94
1796,PN Store,1528,9/14/2023,9 sar hereglee,Crush Bar - Cookiescream 64g,1,6170.44
1797,PN Store,1528,9/14/2023,9 sar hereglee,Power professional,1,32282.68
1798,PN Store,1528,9/14/2023,9 sar hereglee,Crush Bar - Toffee coconut 64g,1,6573.39
1799,PN Store,1528,9/14/2023,9 sar hereglee,Crush Bar - Chocolate 64g,1,6173.08
1800,PN Store,1539,9/15/2023,Сурталчилгаанд/ hereglee/,Power Amino,1,26874.91
1801,PN Store,1539,9/15/2023,Сурталчилгаанд/ hereglee/,ISO Whey 500g - Chocolate,1,52124.94
1802,PN Store,1539,9/15/2023,Сурталчилгаанд/ hereglee/,ISO Whey 500g - Coconut,1,55932.02
1803,PN Store,1539,9/15/2023,Сурталчилгаанд/ hereglee/,Protein cream 400g Caramel,1,12504.22
1804,PN Store,1539,9/15/2023,Сурталчилгаанд/ hereglee/,Power Testo 120caps,1,23654.41
1805,PN Store,1539,9/15/2023,Сурталчилгаанд/ hereglee/,Crush Bar - Toffee coconut 64g,1,6573.39
1806,PN Store,1539,9/15/2023,Сурталчилгаанд/ hereglee/,ISO Whey 500g - Banana,1,51940.84
1807,PN Store,1539,9/15/2023,Сурталчилгаанд/ hereglee/,Peanut butter 400g crunchy Biotech,1,12371.52
1808,PN Store,1540,9/15/2023,Сурталчилгаанд/uramshuulal/,Ундаа Collagen vibe 330ml Passion fruit,24,56291.35
1809,PN Store,1541,9/15/2023,Сурталчилгаанд /нээлтийн бэлэг 100к дээш худалдан авалтын/,Power professional,31,1000762.99
1810,PN Store,1542,9/15/2023,10 сар хэрэглээ,Crush Bar - Cookiescream 64g,3,18511.33
1811,PN Store,1542,9/15/2023,10 сар хэрэглээ,Zero bar Chocolate 50g,2,7223.7
1812,PN Store,1542,9/15/2023,10 сар хэрэглээ,Crush Bar - Chocolate 64g,3,18519.23
1813,PN Store,1542,9/15/2023,10 сар хэрэглээ,Nitrox - Cranberry 680гр,1,58510.79
1814,PN Store,1550,9/16/2023,Сурталчилгаанд,Power BCAA - Cola 1х*6ш*420гр,1,34102.02
1815,PN Store,1550,9/16/2023,Сурталчилгаанд,Power Whey - Chocolate 2250g,1,105774.91
1816,PN Store,1557,9/17/2023,Сурталчилгаанд/9 sar hereglee/,Zero bar caramel 50гр,3,10063.89
1817,PN Store,1557,9/17/2023,Сурталчилгаанд/9 sar hereglee/,Zero bar Banana 50g,2,6709.81
1818,PN Store,1557,9/17/2023,Сурталчилгаанд/9 sar hereglee/,Nitrox - Blue grape 680g,1,58028.93
1819,PN Store,1557,9/17/2023,Сурталчилгаанд/9 sar hereglee/,Zero bar Hazelnut 50g,2,7538.93
1820,PN Store,1557,9/17/2023,Сурталчилгаанд/9 sar hereglee/,Crush Bar - Cookiescream 64g,3,18511.34
1821,PN Store,1557,9/17/2023,Сурталчилгаанд/9 sar hereglee/,Crush Bar - Toffee coconut 64g,4,26293.58
1822,PN Store,1557,9/17/2023,Сурталчилгаанд/9 sar hereglee/,ZMA 60ш,1,7149.61
1823,PN Store,1557,9/17/2023,Сурталчилгаанд/9 sar hereglee/,Zero bar Chocolate 50g,2,7223.7
1824,PN Store,1557,9/17/2023,Сурталчилгаанд/9 sar hereglee/,Protein chips 7*40g sour cream&onion,3,10019.15
1825,PN Store,1557,9/17/2023,Сурталчилгаанд/9 sar hereglee/,Nitrox - Cranberry 680гр,1,58510.8
1826,PN Store,1557,9/17/2023,Сурталчилгаанд/9 sar hereglee/,Omega 3 /90ш/,1,12605.89
1827,PN Store,1565,9/18/2023,Сурталчилгаанд mrs m рүү бэлэг,Shaker 600ml /угсардаг нэмэлттэй/ таслагчтай,1,10694.03
1828,PN Store,1565,9/18/2023,Сурталчилгаанд mrs m рүү бэлэг,Ундаа Collagen vibe 330ml Mojito,4,9824.5
1829,PN Store,1565,9/18/2023,Сурталчилгаанд mrs m рүү бэлэг,ISO Whey sample - Strawberry 25g,5,14745.67
1830,PN Store,1565,9/18/2023,Сурталчилгаанд mrs m рүү бэлэг,Ундаа Amino 330ml Super pear,4,7548.11
1831,PN Store,1565,9/18/2023,Сурталчилгаанд mrs m рүү бэлэг,ISO Whey 500g - Raspberry,1,52852.94
1832,PN Store,1565,9/18/2023,Сурталчилгаанд mrs m рүү бэлэг,Oatmeal 1kg chocolate,1,28727.1
1833,PN Store,1565,9/18/2023,Сурталчилгаанд mrs m рүү бэлэг,Protein bar 15*55g Cookies cream,15,49604.31
1834,PN Store,1565,9/18/2023,Сурталчилгаанд mrs m рүү бэлэг,Ундаа Amino 330ml Passion fruit,4,9276.43
1835,PN Store,1565,9/18/2023,Сурталчилгаанд mrs m рүү бэлэг,Ундаа Collagen vibe 330ml Passion fruit,4,9381.89
1836,PN Store,1565,9/18/2023,Сурталчилгаанд mrs m рүү бэлэг,Ундаа Collagen vibe 330ml Pineapple coconut,4,6992.65
1837,PN Store,1565,9/18/2023,Сурталчилгаанд mrs m рүү бэлэг,Ундаа Amino 330ml Waikiki,4,9386.81
1838,PN Store,1566,9/18/2023,Сурталчилгаанд,Ундаа Collagen vibe 330ml Pineapple coconut,24,41955.91
1839,PN Store,1572,9/19/2023,Сурталчилгаанд,Ундаа Collagen vibe 330ml Pineapple coconut,24,41955.91
1840,PN Store,1573,9/19/2023,Батхуяг 9 сар хэрэглээ,MSM+ Vitamin C 150g,1,18668.2
1841,PN Store,1573,9/19/2023,Батхуяг 9 сар хэрэглээ,Zero bar Hazelnut 50g,4,15077.85
1842,PN Store,1573,9/19/2023,Батхуяг 9 сар хэрэглээ,Ундаа Collagen vibe 330ml Pineapple coconut,5,8740.81
1843,PN Store,1573,9/19/2023,Батхуяг 9 сар хэрэглээ,L-Carnitine drink 500ml Apple peach,7,28771.86
1844,PN Store,1573,9/19/2023,Батхуяг 9 сар хэрэглээ,Protein cream 400g White chocolate Hazelnut,1,12540.94
1845,PN Store,1573,9/19/2023,Батхуяг 9 сар хэрэглээ,Ундаа Collagen vibe 330ml Mojito,2,4912.25
1846,PN Store,1573,9/19/2023,Батхуяг 9 сар хэрэглээ,Ундаа Amino 330ml Raspberry,1,2155.73
1847,PN Store,1573,9/19/2023,Батхуяг 9 сар хэрэглээ,Protein cream 400g Caramel,1,12504.22
1848,PN Store,1573,9/19/2023,Батхуяг 9 сар хэрэглээ,L-Carnitine drink 500ml- Strawberry kiwi,6,24907.89
1849,PN Store,1573,9/19/2023,Батхуяг 9 сар хэрэглээ,Ундаа Collagen vibe 330ml Passion fruit,2,4690.95
1850,PN Store,1573,9/19/2023,Батхуяг 9 сар хэрэглээ,Zero bar caramel 50гр,4,13418.51
1851,PN Store,1573,9/19/2023,Батхуяг 9 сар хэрэглээ,Zero bar Banana 50g,2,6709.81
1852,PN Store,1584,9/20/2023,9 сар хэрэглээ,MSM+ Vitamin C 150g,1,18668.2
1853,PN Store,1584,9/20/2023,9 сар хэрэглээ,Protein snap,5,10354.68
1854,PN Store,1584,9/20/2023,9 сар хэрэглээ,Ундаа Amino 330ml Passion fruit,6,13914.64
1855,PN Store,1584,9/20/2023,9 сар хэрэглээ,Multivitamin  90ш,2,25904.8
1856,PN Store,1584,9/20/2023,9 сар хэрэглээ,Omega 3 /90ш/,2,25211.78
1857,PN Store,1584,9/20/2023,9 сар хэрэглээ,Ундаа Amino 330ml Super pear,6,11322.16
1858,PN Store,1584,9/20/2023,9 сар хэрэглээ,Crush Bar - Toffee coconut 64g,2,13146.79
1859,PN Store,1584,9/20/2023,9 сар хэрэглээ,ISO Whey 500g - Chocolate,1,52124.94
1860,PN Store,1584,9/20/2023,9 сар хэрэглээ,Crush Bar - Chocolate 64g,2,12346.15
1861,PN Store,1584,9/20/2023,9 сар хэрэглээ,Ундаа Amino 330ml Waikiki,6,14080.22
1862,PN Store,1584,9/20/2023,9 сар хэрэглээ,Ундаа Amino 330ml Raspberry,6,12934.37
1863,PN Store,1596,9/21/2023,Сурталчилгаанд борлуулалтын урамшуулал,Ундаа Collagen vibe 330ml Pineapple coconut,24,41955.91
1864,PN Store,1597,9/21/2023,Сурталчилгаанд борлуулалтын урамшуулал,Ундаа Collagen vibe 330ml Mojito,24,58947
1865,PN Store,1598,9/21/2023,Сурталчилгаанд борлуулалтын урамшуулал,Ундаа Collagen vibe 330ml Mojito,24,58947
1866,PN Store,1599,9/21/2023,Сурталчилгаанд борлуулалтын урамшуулал,Ундаа Collagen vibe 330ml Mojito,24,58947
1867,PN Store,1602,9/22/2023,Сурталчилгаанд/ barter/,Shaker 600ml /угсардаг нэмэлттэй/ таслагчтай,1,10694.03
1868,PN Store,1602,9/22/2023,Сурталчилгаанд/ barter/,Power Whey - Chocolate 2250g,1,105774.91
1869,PN Store,1602,9/22/2023,Сурталчилгаанд/ barter/,Ундаа Amino 330ml Raspberry,1,2155.73
1870,PN Store,1602,9/22/2023,Сурталчилгаанд/ barter/,ZMA 60ш,1,7149.61
1871,PN Store,1602,9/22/2023,Сурталчилгаанд/ barter/,L-Carnitine powder 300g,1,35804.94
1872,PN Store,1602,9/22/2023,Сурталчилгаанд/ barter/,Nitrox - Blue grape 680g,1,58028.93
1873,PN Store,1602,9/22/2023,Сурталчилгаанд/ barter/,Ундаа Collagen vibe 330ml Pineapple coconut,4,6992.65
1874,PN Store,1602,9/22/2023,Сурталчилгаанд/ barter/,Omega 3 /90ш/,1,12605.89
1875,PN Store,1602,9/22/2023,Сурталчилгаанд/ barter/,Ундаа Collagen vibe 330ml Passion fruit,4,9381.89
1876,PN Store,1602,9/22/2023,Сурталчилгаанд/ barter/,Ундаа Amino 330ml Passion fruit,7,16233.75
1877,PN Store,1602,9/22/2023,Сурталчилгаанд/ barter/,Power Amino,1,26874.91
1878,PN Store,1602,9/22/2023,Сурталчилгаанд/ barter/,Ундаа Amino 330ml Super pear,3,5661.08
1879,PN Store,1602,9/22/2023,Сурталчилгаанд/ barter/,Ундаа Amino 330ml Waikiki,3,7040.11
1880,PN Store,1602,9/22/2023,Сурталчилгаанд/ barter/,Arthro forte 340g blackcurrent,1,0
1881,PN Store,1602,9/22/2023,Сурталчилгаанд/ barter/,Ундаа Collagen vibe 330ml Mojito,2,4912.25
1882,PN Store,1615,9/26/2023,Сурталчилгаанд,Ундаа Collagen vibe 330ml Passion fruit,24,56291.35
1883,PN Store,1616,9/26/2023,Сурталчилгаанд,Ундаа Collagen vibe 330ml Passion fruit,24,56291.35
1884,PN Store,1617,9/26/2023,Сурталчилгаанд,Ундаа Collagen vibe 330ml Pineapple coconut,24,41955.91
1885,PN Store,1618,9/26/2023,9 сар хэрэглээ,ISO Whey 500g - Strawberry,1,47921.74
1886,PN Store,1618,9/26/2023,9 сар хэрэглээ,ISO Whey 500g - Chocolate,1,52124.94
1887,PN Store,1618,9/26/2023,9 сар хэрэглээ,MSM+ Vitamin C 150g,1,18668.2
1888,PN Store,1627,9/27/2023,Сурталчилгаанд uramshuulal,Ундаа Collagen vibe 330ml Mojito,24,58947
1889,PN Store,1635,9/28/2023,Сурталчилгаанд/URAMSHUULAL/,Ундаа Collagen vibe 330ml Mojito,24,58947
1890,PN Store,1636,9/28/2023,Сурталчилгаанд/URAMSHUULAL/,Ундаа Collagen vibe 330ml Pineapple coconut,1,1748.17
1891,PN Store,1636,9/28/2023,Сурталчилгаанд/URAMSHUULAL/,Ундаа Collagen vibe 330ml Passion fruit,1,2345.47
1892,PN Store,1636,9/28/2023,Сурталчилгаанд/URAMSHUULAL/,Crush Bar - Cookiescream 64g,1,6170.44
1893,PN Store,1636,9/28/2023,Сурталчилгаанд/URAMSHUULAL/,Ундаа Collagen vibe 330ml Mojito,1,2456.12
1894,PN Store,1636,9/28/2023,Сурталчилгаанд/URAMSHUULAL/,Crush Bar - Toffee coconut 64g,1,6573.72
1895,PN Store,1685,10/5/2023,Урамшуулал,Ундаа Collagen vibe 330ml Mojito,10,24561.25
1896,PN Store,1685,10/5/2023,Урамшуулал,Ундаа Amino 330ml Raspberry,10,21557.28
1897,PN Store,1686,10/5/2023,Урамшуулал,Energy Gel 60g Peach,5,17442.91
1898,PN Store,1686,10/5/2023,Урамшуулал,ISO Whey 500g - Strawberry,2,95843.49
1899,PN Store,1686,10/5/2023,Урамшуулал,Zero bar Hazelnut 50g,5,18851.04
1900,PN Store,1686,10/5/2023,Урамшуулал,Protein bar 15*55g Caramel peanuts,3,9914.69
1901,PN Store,1686,10/5/2023,Урамшуулал,Protein snap,5,10354.68
1902,PN Store,1686,10/5/2023,Урамшуулал,ISO Whey 500g - White chocolate,1,52868.29
1903,PN Store,1686,10/5/2023,Урамшуулал,EAA Zero 350g Lemon,2,100121.78
1904,PN Store,1686,10/5/2023,Урамшуулал,ISO Whey 500g - Tiramisu,2,111857.44
1905,PN Store,1686,10/5/2023,Урамшуулал,Protein bar 15*55g Choco caramel,5,16545.7
1906,PN Store,1686,10/5/2023,Урамшуулал,Protein bar 15*55g Cookies cream,5,16534.99
1907,PN Store,1686,10/5/2023,Урамшуулал,Nitrox sample - Cranberry 17g,9,26475.32
1908,PN Store,1686,10/5/2023,Урамшуулал,ISO Whey 500g - Raspberry,2,105705.89
1909,PN Store,1686,10/5/2023,Урамшуулал,Zero bar Banana 50g,5,16774.53
1910,PN Store,1686,10/5/2023,Урамшуулал,Ундаа Amino 330ml Waikiki,5,11734.11
1911,PN Store,1686,10/5/2023,Урамшуулал,Power Amino,8,214999.28
1912,PN Store,1686,10/5/2023,Урамшуулал,Ундаа Amino 330ml Super pear,14,26167.14
1913,PN Store,1686,10/5/2023,Урамшуулал,Zero bar Chocolate 50g,2,7212.15
1914,PN Store,1686,10/5/2023,Урамшуулал,ISO Whey 500g - Banana,2,103881.68
1915,PN Store,1686,10/5/2023,Урамшуулал,Ундаа Amino 330ml Passion fruit,5,11491.25
1916,PN Store,1686,10/5/2023,Урамшуулал,ISO Whey sample - tiramisu 25g,3,12030.65
1917,PN Store,1686,10/5/2023,Урамшуулал,EAA Zero 350g blue grape,2,100364.32
1918,PN Store,1686,10/5/2023,Урамшуулал,ISO Whey sample - White chocolate 25g,7,21794.87
1919,PN Store,1686,10/5/2023,Урамшуулал,ISO Whey 500g - Hazelnut,3,158100.8
1920,PN Store,1721,10/13/2023,Урамшуулал,Protein chips 7*40g Barbeque,1,3338.86
1921,PN Store,1721,10/13/2023,Урамшуулал,Zero bar caramel 50гр,4,13418.47
1922,PN Store,1721,10/13/2023,Урамшуулал,Zero bar Hazelnut 50g,4,15080.83
1923,PN Store,1721,10/13/2023,Урамшуулал,Zero bar Chocolate 50g,4,14424.31
1924,PN Store,1721,10/13/2023,Урамшуулал,Protein bar 15*55g Choco caramel,4,13236.56
1925,PN Store,1721,10/13/2023,Урамшуулал,Oatmeal 1kg chocolate,1,28727.1
1926,PN Store,1721,10/13/2023,Урамшуулал,Protein snap,1,2070.94
1927,PN Store,1721,10/13/2023,Урамшуулал,Protein cream 400g Duo white chocolate-chocolate,1,12636.37
1928,PN Store,1721,10/13/2023,Урамшуулал,Protein chips 7*40g sour cream&onion,1,3340.54
1929,PN Store,1721,10/13/2023,Урамшуулал,Ундаа Collagen vibe 330ml Pineapple coconut,16,27970.7
1930,PN Store,1721,10/13/2023,Урамшуулал,Ундаа Collagen vibe 330ml Passion fruit,7,16418.18
1931,PN Store,1721,10/13/2023,Урамшуулал,Ундаа Amino 330ml Passion fruit,1,2298.25
1932,PN Store,1722,10/13/2023,Урамшуулал,Zero bar Hazelnut 50g,2,7540.42
1933,PN Store,1722,10/13/2023,Урамшуулал,ISO Whey 500g - Chocolate,1,52124.93
1934,PN Store,1722,10/13/2023,Урамшуулал,Nitrox - Cranberry 680гр,2,116914.12
1935,PN Store,1737,10/16/2023,Бусад зардал,Peanut butter 400g crunchy Biotech,1,12371.52
1936,PN Store,1737,10/16/2023,Бусад зардал,Protein snap,1,2070.93
1937,PN Store,1737,10/16/2023,Бусад зардал,Zero bar Hazelnut 50g,6,22621.25
1938,PN Store,1737,10/16/2023,Бусад зардал,ISO Whey 500g - Coconut,1,55932.03
1939,PN Store,1737,10/16/2023,Бусад зардал,Nitrox - Blue grape 680g,1,58026.19
1940,PN Store,1737,10/16/2023,Бусад зардал,ISO Whey 500g - Chocolate,4,208499.74
1941,PN Store,1737,10/16/2023,Бусад зардал,Zero bar caramel 50гр,2,6709.23
1942,PN Store,1737,10/16/2023,Бусад зардал,Zero bar Banana 50g,2,6709.81
1943,PN Store,1737,10/16/2023,Бусад зардал,Protein chips 7*40g Barbeque,1,3338.85
1944,PN Store,1737,10/16/2023,Бусад зардал,Protein cream 400g peanut butter smooth,1,12486.52
1945,PN Store,1737,10/16/2023,Бусад зардал,Protein bar 15*55g Choco caramel,1,3309.14
1946,PN Store,1737,10/16/2023,Бусад зардал,EAA Zero 350g Lemon,1,50060.89
1947,PN Store,1737,10/16/2023,Бусад зардал,ISO Whey sample - White chocolate 25g,5,15567.76
1948,PN Store,1737,10/16/2023,Бусад зардал,Zero bar Chocolate 50g,2,7212.15
1949,PN Store,1737,10/16/2023,Бусад зардал,Power Amino,4,107499.64
1950,PN Store,1737,10/16/2023,Бусад зардал,ISO Whey 500g - White chocolate,7,370078.06
1951,PN Store,1737,10/16/2023,Бусад зардал,ISO Whey 500g - Vanilla,2,95791.07
1952,PN Store,1737,10/16/2023,Бусад зардал,Protein chips 7*40g sour cream&onion,1,3340.54
1953,PN Store,1762,10/19/2023,Бусад зардал,L-Glutamine 240гр,2,62532.42
1954,PN Store,1762,10/19/2023,Бусад зардал,Shaker 600ml,2,11245.62
1955,PN Store,1762,10/19/2023,Бусад зардал,L-Carnitine shot,20,60389.81
1956,PN Store,1762,10/19/2023,Бусад зардал,ISO Whey 500g - Banana,2,103881.68
1957,PN Store,1762,10/19/2023,Бусад зардал,Hyper Mass - Chocolate 1kg,2,68563.34
1958,PN Store,1762,10/19/2023,Бусад зардал,Protein bar 15*55g Caramel peanuts,15,49573.46
1959,PN Store,1762,10/19/2023,Бусад зардал,EAA Zero 350g Lemon,1,50060.89
1960,PN Store,1762,10/19/2023,Бусад зардал,Nitrox - Cranberry 680гр,1,58457.06
1961,PN Store,1781,10/24/2023,Бусад зардал,ISO Whey 500g - Chocolate,1,52124.93
1962,PN Store,1781,10/24/2023,Бусад зардал,Protein bar 15*55g Caramel peanuts,1,3304.9
1963,PN Store,1781,10/24/2023,Бусад зардал,ISO Whey 500g - Strawberry,1,47921.74
1964,PN Store,1781,10/24/2023,Бусад зардал,Nitrox - Cranberry 680гр,1,58457.06
1965,PN Store,1781,10/24/2023,Бусад зардал,ISO Whey 500g - Raspberry,1,52852.94
1966,PN Store,1781,10/24/2023,Бусад зардал,Protein bar 15*55g Cookies cream,1,3307
1967,PN Store,1781,10/24/2023,Бусад зардал,Ундаа Amino 330ml Waikiki,24,56323.73
1968,PN Store,1781,10/24/2023,Бусад зардал,Zinc 60ш,1,7543.6
1969,PN Store,1781,10/24/2023,Бусад зардал,Shaker 600ml /угсардаг нэмэлттэй/ таслагчтай,1,10694.08
1970,PN Store,1781,10/24/2023,Бусад зардал,Omega 3 /90ш/,1,12605.89
1971,PN Store,1781,10/24/2023,Бусад зардал,Protein bar 15*55g Choco caramel,1,3309.14
1972,PN Store,1798,10/26/2023,Бусад зардал,ZMA 60ш,1,7149.61
1973,PN Store,1798,10/26/2023,Бусад зардал,Multivitamin  90ш,1,12952.4
1974,PN Store,1798,10/26/2023,Бусад зардал,ISO Whey 500g - Chocolate,4,208499.74
1975,PN Store,1798,10/26/2023,Бусад зардал,Vitamin D3 K2 /60ш/,1,6781.52
1976,PN Store,1798,10/26/2023,Бусад зардал,Omega 3 /90ш/,1,12605.89
1977,PN Store,1798,10/26/2023,Бусад зардал,Peanut butter 400g crunchy Biotech,1,12371.52
1978,PN Store,1807,10/27/2023,Э.Билгүүн зураг авалтанд авав ,Protein cream 400g peanut butter smooth,1,12486.52
1979,PN Store,1807,10/27/2023,Э.Билгүүн зураг авалтанд авав ,EAA Zero 350g blue grape,1,50182.16
1980,PN Store,1807,10/27/2023,Э.Билгүүн зураг авалтанд авав ,Nitrox - Peach 680гр,1,58081.32
1981,PN Store,1807,10/27/2023,Э.Билгүүн зураг авалтанд авав ,L-Glutamine 240гр,1,31266.21
1982,PN Store,1807,10/27/2023,Э.Билгүүн зураг авалтанд авав ,L-Carnitine powder 300g,1,35804.94
1983,PN Store,1807,10/27/2023,Э.Билгүүн зураг авалтанд авав ,Protein cream 400g White chocolate Hazelnut,1,12540.82
1984,PN Store,1807,10/27/2023,Э.Билгүүн зураг авалтанд авав ,ISO Whey 500g - White chocolate,1,52868.29
1985,PN Store,1807,10/27/2023,Э.Билгүүн зураг авалтанд авав ,Vitamin C 60ш,1,11879.47
1986,PN Store,1807,10/27/2023,Э.Билгүүн зураг авалтанд авав ,Power casein - Chocolate 900g,1,60720.23
1987,PN Store,1808,10/27/2023,Акт 10/27,Ундаа Amino 330ml Super pear,40,74763.25
1988,PN Store,1808,10/27/2023,Акт 10/27,Ундаа Collagen vibe 330ml Mojito,40,98245
1989,PN Store,1808,10/27/2023,Акт 10/27,Ундаа Amino 330ml Passion fruit,47,108017.75
1990,PN Store,1808,10/27/2023,Акт 10/27,Ундаа Collagen vibe 330ml Pineapple coconut,26,45452.39
1991,PN Store,1808,10/27/2023,Акт 10/27,Ундаа Collagen vibe 330ml Passion fruit,25,58636.37
1992,PN Store,1808,10/27/2023,Акт 10/27,Ундаа Amino 330ml Waikiki,48,112647.47
1993,PN Store,1808,10/27/2023,Акт 10/27,Ундаа Amino 330ml Raspberry,56,120720.74
1994,PN Store,1815,10/29/2023,Урамшуулал,Zero bar Banana 50g,9,30194.16
1995,PN Store,1815,10/29/2023,Урамшуулал,Power Amino,1,26874.91
1996,PN Store,1815,10/29/2023,Урамшуулал,EAA Zero 350g blue grape,1,50182.16
1997,PN Store,1815,10/29/2023,Урамшуулал,Multivitamin  90ш,4,51809.61
1998,PN Store,1815,10/29/2023,Урамшуулал,L-Carnitine shot,4,12077.96
1999,PN Store,1815,10/29/2023,Урамшуулал,Protein chips 7*40g sour cream&onion,5,16702.72
2000,PN Store,1815,10/29/2023,Урамшуулал,ISO Whey 500g - Hazelnut,2,105400.53
2001,PN Store,1815,10/29/2023,Урамшуулал,Ундаа Amino 330ml Passion fruit,24,55158
2002,PN Store,1815,10/29/2023,Урамшуулал,Protein bar 15*55g Choco caramel,7,23163.97
2003,PN Store,1815,10/29/2023,Урамшуулал,Peanut butter 400g crunchy Biotech,2,24743.05
2004,PN Store,1830,10/31/2023,Урамшуулал,ISO Whey 500g - Chocolate,1,52124.94
2005,PN Store,1830,10/31/2023,Урамшуулал,Protein cream 400g Duo white chocolate-chocolate,1,12636.38
2006,PN Store,1830,10/31/2023,Урамшуулал,ISO Whey sample - Vanilla 25g,6,18680.64
2007,PN Store,1830,10/31/2023,Урамшуулал,Protein bar 15*55g Caramel peanuts,5,16524.49
2008,PN Store,1830,10/31/2023,Урамшуулал,Protein snap,10,20709.35
2009,PN Store,1830,10/31/2023,Урамшуулал,Protein chips 7*40g sour cream&onion,2,6681.09
2010,PN Store,1830,10/31/2023,Урамшуулал,Nitrox - Cranberry 680гр,1,58457.06
2011,PN Store,1830,10/31/2023,Урамшуулал,Tomato soup 30g,5,13000.14
2012,PN Store,1830,10/31/2023,Урамшуулал,Protein bar 15*55g Choco caramel,5,16545.7
2013,PN Store,1830,10/31/2023,Урамшуулал,Energy Gel 60g Professional Lemon,3,10442.4
2014,PN Store,1830,10/31/2023,Урамшуулал,Ундаа Amino 330ml Passion fruit,8,18386
2015,PN Store,1830,10/31/2023,Урамшуулал,Protein chips 7*40g Barbeque,2,6677.71
2016,PN Store,1830,10/31/2023,Урамшуулал,Nitrox sample - Cranberry 17g,6,17650.21
2017,PN Store,1830,10/31/2023,Урамшуулал,Protein cream 400g peanut butter smooth,1,12486.52
2018,PN Store,1830,10/31/2023,Урамшуулал,Energy Gel 60g Professional Orange,3,10420.77
2019,PN Store,1830,10/31/2023,Урамшуулал,Zero bar Banana 50g,5,16774.53
2020,PN Store,1830,10/31/2023,Урамшуулал,Protein bar 15*55g Cookies cream,5,16534.99
2021,PN Store,1830,10/31/2023,Урамшуулал,Ундаа Amino 330ml Waikiki,8,18774.58
2022,PN Store,1830,10/31/2023,Урамшуулал,Ундаа Amino 330ml Super pear,8,14952.65
2023,PN Store,1830,10/31/2023,Урамшуулал,ISO Whey 500g - Hazelnut,3,158100.8
2024,PN Store,1830,10/31/2023,Урамшуулал,Protein cream 400g Chocolate hazelnut,1,12511.78
2025,PN Store,1831,10/31/2023,Урамшуулал,Ундаа Amino 330ml Super pear,10,18690.81
2026,PN Store,1831,10/31/2023,Урамшуулал,Ундаа Amino 330ml Waikiki,17,39895.98
2027,PN Store,1831,10/31/2023,Урамшуулал,Ундаа Amino 330ml Passion fruit,3,6894.75
2028,PN Store,1831,10/31/2023,Урамшуулал,Ундаа Amino 330ml Raspberry,10,21557.28
2029,PN Store,1831,10/31/2023,Урамшуулал,Ундаа Collagen vibe 330ml Pineapple coconut,20,34963.37
2030,PN Store,1857,11/2/2023,Жамц Учрал хэрэглээ,ISO Whey sample - Vanilla 25g,4,12453.76
2031,PN Store,1857,11/2/2023,Жамц Учрал хэрэглээ,ISO Whey 500g - Raspberry,3,158558.83
2032,PN Store,1857,11/2/2023,Жамц Учрал хэрэглээ,Protein bar 15*55g Cookies cream,2,6614
2033,PN Store,1857,11/2/2023,Жамц Учрал хэрэглээ,ISO Whey 500g - Banana,3,155822.52
2034,PN Store,1857,11/2/2023,Жамц Учрал хэрэглээ,ISO Whey 500g - Hazelnut,4,210801.06
2035,PN Store,1857,11/2/2023,Жамц Учрал хэрэглээ,Power Amino,3,80624.73
2036,PN Store,1857,11/2/2023,Жамц Учрал хэрэглээ,EAA Zero 350g Lemon,1,50060.89
2037,PN Store,1857,11/2/2023,Жамц Учрал хэрэглээ,Protein chips 7*40g sour cream&onion,2,6681.09
2038,PN Store,1857,11/2/2023,Жамц Учрал хэрэглээ,Protein cream 400g peanut butter smooth,2,24973.05
2039,PN Store,1857,11/2/2023,Жамц Учрал хэрэглээ,L-Carnitine powder 300g,2,71609.89
2040,PN Store,1857,11/2/2023,Жамц Учрал хэрэглээ,ISO Whey sample - White chocolate 25g,1,3113.55
2041,PN Store,1857,11/2/2023,Жамц Учрал хэрэглээ,Protein bar 15*55g Caramel peanuts,2,6609.8
2042,PN Store,1857,11/2/2023,Жамц Учрал хэрэглээ,Omega 3 /90ш/,2,25211.78
2043,PN Store,1857,11/2/2023,Жамц Учрал хэрэглээ,ISO Whey 500g - Tiramisu,3,167786.15
2044,PN Store,1857,11/2/2023,Жамц Учрал хэрэглээ,Protein bar 15*55g Choco caramel,4,13236.56
2045,PN Store,1857,11/2/2023,Жамц Учрал хэрэглээ,Zero bar Banana 50g,8,26839.2
2046,PN Store,1867,11/3/2023,Halloween бэлэг - Маркетинг,Nitrox sample - Cranberry 17g,3,8825.11
2047,PN Store,1867,11/3/2023,Halloween бэлэг - Маркетинг,Hyper mass sample 65g chocolate,3,4373.59
2048,PN Store,1867,11/3/2023,Halloween бэлэг - Маркетинг,ISO Whey sample - Vanilla 25g,5,15567.2
2049,PN Store,1867,11/3/2023,Halloween бэлэг - Маркетинг,Ундаа Collagen vibe 330ml Pineapple coconut,4,9025.22
2050,PN Store,1867,11/3/2023,Halloween бэлэг - Маркетинг,Ундаа Amino 330ml Passion fruit,3,6894.75
2051,PN Store,1868,11/3/2023,Хэрлэн Reel-д хэрэглэх - Маркетинг,ISO Whey sample - Strawberry 25g,1,2947.51
2052,PN Store,1868,11/3/2023,Хэрлэн Reel-д хэрэглэх - Маркетинг,ISO Whey 500g - Banana,1,51940.84
2053,PN Store,1868,11/3/2023,Хэрлэн Reel-д хэрэглэх - Маркетинг,ISO Whey sample - coconut 25g,2,6683.69
2054,PN Store,1868,11/3/2023,Хэрлэн Reel-д хэрэглэх - Маркетинг,ISO Whey 500g - Raspberry,1,52852.94
2055,PN Store,1868,11/3/2023,Хэрлэн Reel-д хэрэглэх - Маркетинг,ISO Whey sample - Vanilla 25g,1,3113.44
2056,PN Store,1869,11/3/2023,11-р сарын хэрэглээ - Хэрлэн,Oatmeal 1kg apple&banana,1,28726.88
2057,PN Store,1869,11/3/2023,11-р сарын хэрэглээ - Хэрлэн,ISO Whey 500g - Coconut,1,55932.02
2058,PN Store,1869,11/3/2023,11-р сарын хэрэглээ - Хэрлэн,ISO Whey 500g - Strawberry,2,95843.49
2059,PN Store,1869,11/3/2023,11-р сарын хэрэглээ - Хэрлэн,Ундаа Amino 330ml Waikiki,4,9387.29
2060,PN Store,1869,11/3/2023,11-р сарын хэрэглээ - Хэрлэн,L-Carnitine shot,20,60389.81
2061,PN Store,1869,11/3/2023,11-р сарын хэрэглээ - Хэрлэн,Ундаа Amino 330ml Raspberry,4,8622.91
2062,PN Store,1869,11/3/2023,11-р сарын хэрэглээ - Хэрлэн,Energy Gel 60g Professional Lemon,12,41769.62
2063,PN Store,1869,11/3/2023,11-р сарын хэрэглээ - Хэрлэн,Oatmeal 1kg chocolate,1,28727.1
2064,PN Store,1869,11/3/2023,11-р сарын хэрэглээ - Хэрлэн,L-Glutamine 240гр,1,31266.21
2065,PN Store,1869,11/3/2023,11-р сарын хэрэглээ - Хэрлэн,Nitrox - Cranberry 680гр,1,58457.06
2066,PN Store,1869,11/3/2023,11-р сарын хэрэглээ - Хэрлэн,Ундаа Amino 330ml Passion fruit,4,9193
2067,PN Store,1869,11/3/2023,11-р сарын хэрэглээ - Хэрлэн,Ундаа Collagen vibe 330ml Pineapple coconut,4,9025.22
2068,PN Store,1869,11/3/2023,11-р сарын хэрэглээ - Хэрлэн,Shaker 600ml,1,5622.81
2069,PN Store,1869,11/3/2023,11-р сарын хэрэглээ - Хэрлэн,EAA Zero 350g Lemon,1,50060.89
2070,PN Store,1869,11/3/2023,11-р сарын хэрэглээ - Хэрлэн,Ундаа Amino 330ml Super pear,4,7476.32
2071,PN Store,1870,11/3/2023,Хэрэглээ,Protein cream 400g peanut butter smooth,1,12575.04
2072,PN Store,1870,11/3/2023,Хэрэглээ,Oatmeal 1kg apple&banana,1,28726.88
2073,PN Store,1870,11/3/2023,Хэрэглээ,Oatmeal 1kg chocolate,1,28727.1
2074,PN Store,1870,11/3/2023,Хэрэглээ,Omega 3 /90ш/,1,12605.89
2075,PN Store,1870,11/3/2023,Хэрэглээ,Protein cream 400g White chocolate Hazelnut,1,12606.24
2076,PN Store,1870,11/3/2023,Хэрэглээ,Multivitamin  90ш,1,12952.4
2077,PN Store,1874,11/4/2023,Хэрэглээ,Oatmeal 1kg apple&banana,1,28726.88
2078,PN Store,1888,11/7/2023,Монгол Эм Импекс ХХК-ийн амталгаа,ISO Whey sample - coconut 25g,1,3341.85
2079,PN Store,1888,11/7/2023,Монгол Эм Импекс ХХК-ийн амталгаа,Ундаа Amino 330ml Waikiki,1,2346.82
2080,PN Store,1888,11/7/2023,Монгол Эм Импекс ХХК-ийн амталгаа,Protein bar 15*55g Caramel peanuts,1,3304.9
2081,PN Store,1888,11/7/2023,Монгол Эм Импекс ХХК-ийн амталгаа,Protein snap,1,2070.12
2082,PN Store,1888,11/7/2023,Монгол Эм Импекс ХХК-ийн амталгаа,Ундаа Collagen vibe 330ml Passion fruit,1,2502.25
2083,PN Store,1888,11/7/2023,Монгол Эм Импекс ХХК-ийн амталгаа,Ундаа Collagen vibe 330ml Mojito,1,2522.07
2084,PN Store,1888,11/7/2023,Монгол Эм Импекс ХХК-ийн амталгаа,Ундаа Amino 330ml Passion fruit,1,2298.25
2085,PN Store,1888,11/7/2023,Монгол Эм Импекс ХХК-ийн амталгаа,Ундаа Collagen vibe 330ml Pineapple coconut,1,2256.3
2086,PN Store,1888,11/7/2023,Монгол Эм Импекс ХХК-ийн амталгаа,Protein bar 15*55g Choco caramel,1,3344.55
2087,PN Store,1888,11/7/2023,Монгол Эм Импекс ХХК-ийн амталгаа,Protein bar 15*55g Cookies cream,1,3335.81
2088,PN Store,1889,11/7/2023,Хэрэглээ,L-Carnitine powder 300g,1,35804.94
2089,PN Store,1889,11/7/2023,Хэрэглээ,ISO Whey 500g - Chocolate,1,52124.93
2090,PN Store,1894,11/8/2023,Шинжилгээнд өгөх бүтээгдэхүүн,MSM+ Vitamin C 150g,5,93340.98
2091,PN Store,1894,11/8/2023,Шинжилгээнд өгөх бүтээгдэхүүн,ISO Whey 500g - White chocolate,1,52868.29
2092,PN Store,1895,11/8/2023,Aqua Fitness Event-д,Protein bar 15*55g Caramel peanuts,10,33048.98
2093,PN Store,1895,11/8/2023,Aqua Fitness Event-д,Protein bar 15*55g Choco caramel,10,33445.51
2094,PN Store,1895,11/8/2023,Aqua Fitness Event-д,Protein chips 7*40g Barbeque,5,16694.28
2095,PN Store,1895,11/8/2023,Aqua Fitness Event-д,Ундаа Collagen vibe 330ml Pineapple coconut,10,22563.05
2096,PN Store,1895,11/8/2023,Aqua Fitness Event-д,Ундаа Collagen vibe 330ml Mojito,15,37831.06
2097,PN Store,1895,11/8/2023,Aqua Fitness Event-д,Ундаа Collagen vibe 330ml Passion fruit,10,25022.47
2098,PN Store,1895,11/8/2023,Aqua Fitness Event-д,Protein chips 7*40g sour cream&onion,5,16702.72
2099,PN Store,1895,11/8/2023,Aqua Fitness Event-д,Protein bar 15*55g Cookies cream,10,33358.08
2100,PN Store,1896,11/8/2023,Хэрэглээ,L-Carnitine 100.000 - Cherry 500ml,1,49904.89
2101,PN Store,1896,11/8/2023,Хэрэглээ,ZMA 60ш,2,14299.21
2102,PN Store,1896,11/8/2023,Хэрэглээ,Zinc 60ш,1,7543.6
2103,PN Store,1896,11/8/2023,Хэрэглээ,Omega 3 /90ш/,1,12605.89
2104,PN Store,1897,11/8/2023,Хэрэглээ,Oatmeal 1kg apple&banana,1,28726.88
2105,PN Store,1897,11/8/2023,Хэрэглээ,L-Carnitine powder 300g,1,35804.94
2106,PN Store,1897,11/8/2023,Хэрэглээ,Oatmeal 1kg chocolate,1,28727.1
2107,PN Store,1897,11/8/2023,Хэрэглээ,Protein cream 400g Chocolate hazelnut,1,12574.74
2108,PN Store,1897,11/8/2023,Хэрэглээ,Protein cream 400g Caramel,1,12504.22
2109,PN Store,1898,11/8/2023,Хэрэглээ,Omega 3 /90ш/,1,12605.89
2110,PN Store,1898,11/8/2023,Хэрэглээ,Zinc 60ш,2,15087.21
2111,PN Store,1898,11/8/2023,Хэрэглээ,Multivitamin  90ш,1,12952.4
2112,PN Store,1898,11/8/2023,Хэрэглээ,Vitamin C 60ш,1,11879.47
2113,PN Store,1899,11/8/2023,Хэрэглээ,Multivitamin  90ш,1,12952.4
2114,PN Store,1899,11/8/2023,Хэрэглээ,Omega 3 /90ш/,1,12605.89
2115,PN Store,1900,11/8/2023,Хэрэглээ,Vitamin C 60ш,1,11879.47
2116,PN Store,1900,11/8/2023,Хэрэглээ,Vitamin D3 K2 /60ш/,2,13563.03
2117,PN Store,1900,11/8/2023,Хэрэглээ,Omega 3 /90ш/,1,12605.89
2118,PN Store,1900,11/8/2023,Хэрэглээ,Protein cream 400g Caramel,1,12504.22
2119,PN Store,1910,11/9/2023,Хэрэглээ,EAA Zero 350g blue grape,1,50182.16
2120,PN Store,1910,11/9/2023,Хэрэглээ,Hyper Mass - Chocolate 1kg,1,34281.67
2121,PN Store,1911,11/9/2023,Хэрэглээ,Protein cream 400g peanut butter smooth,2,25150.09
2122,PN Store,1911,11/9/2023,Хэрэглээ,Protein cream 400g Chocolate hazelnut,2,25149.49
2123,PN Store,1911,11/9/2023,Хэрэглээ,Oatmeal 1kg apple&banana,1,28726.88
2124,PN Store,1911,11/9/2023,Хэрэглээ,Shaker 600ml /угсардаг нэмэлттэй/ таслагчтай,1,10694.08
2125,PN Store,1911,11/9/2023,Хэрэглээ,Zinc 60ш,1,7543.61
2126,PN Store,1911,11/9/2023,Хэрэглээ,Oatmeal 1kg chocolate,1,28727.1
2127,PN Store,1927,11/13/2023,11-р сарын хэрэглээ,Ундаа Collagen vibe 330ml Passion fruit,5,12511.23
2128,PN Store,1927,11/13/2023,11-р сарын хэрэглээ,Ундаа Amino 330ml Super pear,2,3738.16
2129,PN Store,1927,11/13/2023,11-р сарын хэрэглээ,Protein bar 15*55g Cookies cream,6,20014.85
2130,PN Store,1927,11/13/2023,11-р сарын хэрэглээ,Ундаа Amino 330ml Waikiki,3,7040.47
2131,PN Store,1927,11/13/2023,11-р сарын хэрэглээ,Omega 3 /90ш/,1,12605.89
2132,PN Store,1927,11/13/2023,11-р сарын хэрэглээ,Peanut butter 400g crunchy Biotech,1,12371.53
2133,PN Store,1927,11/13/2023,11-р сарын хэрэглээ,Oatmeal 1kg apple&banana,1,28726.88
2134,PN Store,1927,11/13/2023,11-р сарын хэрэглээ,Ундаа Collagen vibe 330ml Mojito,10,25220.71
2135,PN Store,1927,11/13/2023,11-р сарын хэрэглээ,Ундаа Collagen vibe 330ml Pineapple coconut,10,22563.05
2136,PN Store,1927,11/13/2023,11-р сарын хэрэглээ,Protein bar 15*55g Caramel peanuts,5,16524.49
2137,PN Store,1944,11/15/2023,9-12-р сарын хэрэглээ,Protein bar 15*55g Caramel peanuts,1,3304.9
2138,PN Store,1944,11/15/2023,9-12-р сарын хэрэглээ,Protein cream 400g Caramel,1,12504.22
2139,PN Store,1944,11/15/2023,9-12-р сарын хэрэглээ,ISO Whey 500g - Strawberry,1,47921.75
2140,PN Store,1944,11/15/2023,9-12-р сарын хэрэглээ,Power Amino,1,26874.91
2141,PN Store,1944,11/15/2023,9-12-р сарын хэрэглээ,Cheese soup 30g,1,2600.12
2142,PN Store,1944,11/15/2023,9-12-р сарын хэрэглээ,Omega 3 /90ш/,1,12605.89
2143,PN Store,1944,11/15/2023,9-12-р сарын хэрэглээ,Multivitamin  90ш,1,12952.4
2144,PN Store,1944,11/15/2023,9-12-р сарын хэрэглээ,ISO Whey 500g - White chocolate,2,105736.59
2145,PN Store,1944,11/15/2023,9-12-р сарын хэрэглээ,Tomato soup 30g,1,2600.03
2146,PN Store,1944,11/15/2023,9-12-р сарын хэрэглээ,Peanut butter 400g crunchy Biotech,2,24743.05
2147,PN Store,1950,11/16/2023,New Bikini 2023 бэлэг,Power Whey - Chocolate 2250g,1,105774.91
2148,PN Store,1957,11/17/2023,New Bikini 1 амталгаа,L-Carnitine powder 300g,1,35804.94
2149,PN Store,1958,11/17/2023,Монгол эм импекс - Маркетинг,Tomato soup 30g,1,2600.03
2150,PN Store,1958,11/17/2023,Монгол эм импекс - Маркетинг,Protein bar 15*55g Caramel peanuts,1,3304.9
2151,PN Store,1958,11/17/2023,Монгол эм импекс - Маркетинг,Protein snap,3,6210.35
2152,PN Store,1958,11/17/2023,Монгол эм импекс - Маркетинг,Ундаа Amino 330ml Super pear,1,1869.08
2153,PN Store,1958,11/17/2023,Монгол эм импекс - Маркетинг,Protein wafer,3,8745.16
2154,PN Store,1958,11/17/2023,Монгол эм импекс - Маркетинг,Cheese soup 30g,1,2600.12
2155,PN Store,1958,11/17/2023,Монгол эм импекс - Маркетинг,Protein chips 7*40g sour cream&onion,1,3340.54
2156,PN Store,1958,11/17/2023,Монгол эм импекс - Маркетинг,Ундаа Collagen vibe 330ml Passion fruit,1,2502.25
2157,PN Store,1958,11/17/2023,Монгол эм импекс - Маркетинг,Ундаа Amino 330ml Passion fruit,1,2298.25
2158,PN Store,1958,11/17/2023,Монгол эм импекс - Маркетинг,Ундаа Collagen vibe 330ml Pineapple coconut,1,2256.3
2159,PN Store,1958,11/17/2023,Монгол эм импекс - Маркетинг,Protein bar 15*55g Cookies cream,1,3335.81
2160,PN Store,1958,11/17/2023,Монгол эм импекс - Маркетинг,Protein bar 15*55g Choco caramel,1,3344.55
2161,PN Store,1960,11/17/2023,Хэрэглээ,L-Glutamine 240гр,1,31266.21
2162,PN Store,1960,11/17/2023,Хэрэглээ,L-Carnitine powder 300g,1,35804.94
2163,PN Store,1960,11/17/2023,Хэрэглээ,Power Whey - Vanilla 2250g,1,117323.57
2164,PN Store,1960,11/17/2023,Хэрэглээ,Zinc 60ш,1,7543.6
2165,PN Store,1960,11/17/2023,Хэрэглээ,Hyper Mass - Chocolate 1kg,1,34281.67
2166,PN Store,1960,11/17/2023,Хэрэглээ,Power Amino,1,26874.91
2167,PN Store,1960,11/17/2023,Хэрэглээ,Omega 3 /90ш/,1,12605.89
2168,PN Store,1966,11/19/2023,Ануухай хэрэглээ,Ундаа Collagen vibe 330ml Pineapple coconut,6,13537.83
2169,PN Store,1966,11/19/2023,Ануухай хэрэглээ,Shaker 600ml /угсардаг нэмэлттэй/ таслагчтай,1,10694.08
2170,PN Store,1966,11/19/2023,Ануухай хэрэглээ,Protein wafer,14,40810.72
2171,PN Store,1966,11/19/2023,Ануухай хэрэглээ,Protein bar 15*55g Choco caramel,3,10033.65
2172,PN Store,1966,11/19/2023,Ануухай хэрэглээ,ISO Whey sample - Hazelnut 25g,4,12054.31
2173,PN Store,1966,11/19/2023,Ануухай хэрэглээ,Nitrox sample - Cranberry 17g,5,14708.51
2174,PN Store,1966,11/19/2023,Ануухай хэрэглээ,Protein bar 15*55g Cookies cream,3,10007.42
2175,PN Store,1966,11/19/2023,Ануухай хэрэглээ,Ундаа Amino 330ml Super pear,4,7476.32
2176,PN Store,1966,11/19/2023,Ануухай хэрэглээ,Ундаа Collagen vibe 330ml Passion fruit,4,10008.99
2177,PN Store,1966,11/19/2023,Ануухай хэрэглээ,Ундаа Amino 330ml Passion fruit,12,27579
2178,PN Store,1966,11/19/2023,Ануухай хэрэглээ,Protein bar 15*55g Caramel peanuts,3,9914.69
2179,PN Store,1966,11/19/2023,Ануухай хэрэглээ,Protein snap,15,31051.74
2180,PN Store,1966,11/19/2023,Ануухай хэрэглээ,ISO Whey sample - Strawberry 25g,4,11790.03
2181,PN Store,1978,11/21/2023,Байгууллагын уулзалтанд,L-Carnitine powder 300g,1,35804.94
2182,PN Store,1978,11/21/2023,Байгууллагын уулзалтанд,Power Amino,1,26874.91
2183,PN Store,1978,11/21/2023,Байгууллагын уулзалтанд,Shaker 600ml,1,5622.81
2184,PN Store,2002,11/24/2023,Сквош улсын аварга - Ивээн тэтгэлэг,Energy Gel 60g Professional Orange,12,41683.1
2185,PN Store,2002,11/24/2023,Сквош улсын аварга - Ивээн тэтгэлэг,Ундаа Amino 330ml Passion fruit,24,55158
2186,PN Store,2002,11/24/2023,Сквош улсын аварга - Ивээн тэтгэлэг,Ундаа Collagen vibe 330ml Passion fruit,24,60053.93
2187,PN Store,2002,11/24/2023,Сквош улсын аварга - Ивээн тэтгэлэг,Nitrox sample - Cranberry 17g,15,44125.53
2188,PN Store,2002,11/24/2023,Сквош улсын аварга - Ивээн тэтгэлэг,Protein bar 15*55g Cookies cream,15,50037.12
2189,PN Store,2003,11/24/2023,Хэрэглээ - Энх-Эрдэнэ,Zinc 60ш,1,7543.6
2190,PN Store,2003,11/24/2023,Хэрэглээ - Энх-Эрдэнэ,Multivitamin  90ш,1,12952.4
2191,PN Store,2003,11/24/2023,Хэрэглээ - Энх-Эрдэнэ,Vitamin C 60ш,1,11879.47
2192,PN Store,2032,11/29/2023,11-р сарын хэрэглээ,Shaker 600ml,1,5622.81
2193,PN Store,2032,11/29/2023,11-р сарын хэрэглээ,EAA Zero 350g Lemon,1,50060.89
2194,PN Store,2032,11/29/2023,11-р сарын хэрэглээ,ISO Whey 500g - Hazelnut,1,52700.27
2195,PN Store,2032,11/29/2023,11-р сарын хэрэглээ,Ундаа Amino 330ml Waikiki,10,23468.17
2196,PN Store,2032,11/29/2023,11-р сарын хэрэглээ,Ундаа Amino 330ml Passion fruit,7,16087.82
2197,PN Store,2032,11/29/2023,11-р сарын хэрэглээ,Peanut butter 400g crunchy Biotech,1,12371.53
2198,PN Store,2032,11/29/2023,11-р сарын хэрэглээ,Bedford 2,1,0
2199,PN Store,2032,11/29/2023,11-р сарын хэрэглээ,Protein chips 7*40g sour cream&onion,3,10021.63
2200,PN Store,2032,11/29/2023,11-р сарын хэрэглээ,Power Whey - Chocolate 2250g,1,105774.91
2201,PN Store,2032,11/29/2023,11-р сарын хэрэглээ,Ундаа Amino 330ml Super pear,7,13083.57
2202,PN Store,2032,11/29/2023,11-р сарын хэрэглээ,Zinc 60ш,1,7543.61
2203,PN Store,2032,11/29/2023,11-р сарын хэрэглээ,Multivitamin  90ш,2,25904.81
2204,PN Store,2032,11/29/2023,11-р сарын хэрэглээ,Protein bar 15*55g Choco caramel,15,50168.25
2205,PN Store,2033,11/29/2023,Хэрэглээ,Ундаа Amino 330ml Waikiki,2,4693.63
2206,PN Store,2033,11/29/2023,Хэрэглээ,Club mate 500мл,4,13040.72
2207,PN Store,2034,11/29/2023,Хэрэглээ,Protein bar 15*55g Caramel peanuts,2,6609.79
2208,PN Store,2034,11/29/2023,Хэрэглээ,Protein chips 7*40g sour cream&onion,1,3340.54
2209,PN Store,2034,11/29/2023,Хэрэглээ,L-Carnitine powder 300g,1,35804.94
2210,PN Store,2034,11/29/2023,Хэрэглээ,Omega 3 /90ш/,1,12605.89
2211,PN Store,2034,11/29/2023,Хэрэглээ,Protein chips 7*40g Barbeque,1,3338.85
2212,PN Store,2034,11/29/2023,Хэрэглээ,Protein bar 15*55g Cookies cream,2,6671.62
2213,PN Store,2034,11/29/2023,Хэрэглээ,Protein bar 15*55g Choco caramel,1,3344.55
2214,PN Store,2035,11/29/2023,хэрэглээ,Protein bar 15*55g Caramel peanuts,1,3304.9
2215,PN Store,2035,11/29/2023,хэрэглээ,Protein chips 7*40g sour cream&onion,1,3340.54
2216,PN Store,2035,11/29/2023,хэрэглээ,Nitrox - Blue grape 680g,1,58026.19
2217,PN Store,2035,11/29/2023,хэрэглээ,Zinc 60ш,1,7543.61
2218,PN Store,2036,11/29/2023,Дэлгүүрийн хэрэглээ,Ундаа Amino 330ml Passion fruit,24,55158.22
2219,PN Store,2036,11/29/2023,Дэлгүүрийн хэрэглээ,Club mate 500мл,20,65203.62
2220,PN Store,2036,11/29/2023,Дэлгүүрийн хэрэглээ,Ундаа Collagen vibe 330ml Mojito,24,60529.7
2221,PN Store,2049,11/30/2023,Бэлэг,Ундаа Amino 330ml Passion fruit,4,9193.04
2222,PN Store,2049,11/30/2023,Бэлэг,Ундаа Collagen vibe 330ml Passion fruit,4,10008.99
2223,PN Store,2049,11/30/2023,Бэлэг,Ундаа Amino 330ml Waikiki,4,9387.28
2224,PN Store,2049,11/30/2023,Бэлэг,Ундаа Collagen vibe 330ml Pineapple coconut,4,9025.2
2225,PN Store,2049,11/30/2023,Бэлэг,Ундаа Amino 330ml Super pear,4,7476.32
2226,PN Store,2049,11/30/2023,Бэлэг,Ундаа Collagen vibe 330ml Mojito,4,10088.28
2227,PN Store,2050,11/30/2023,Мэргэжлийн хяналт дээж,Power Amino,1,26874.97
2228,PN Store,2050,11/30/2023,Мэргэжлийн хяналт дээж,Nitrox sample - Tropical 17g,80,235195.96
2229,PN Store,2059,12/1/2023,Royal club амталгаа ,Protein wafer,3,8745.16
2230,PN Store,2059,12/1/2023,Royal club амталгаа ,Protein bar 15*55g Cookies cream,15,50034.8
2231,PN Store,2059,12/1/2023,Royal club амталгаа ,ISO Whey sample - Strawberry 25g,10,29475.08
2232,PN Store,2059,12/1/2023,Royal club амталгаа ,Nitrox sample - Blue grape 17g,7,21417.2
2233,PN Store,2059,12/1/2023,Royal club амталгаа ,Protein cream 400g White chocolate Hazelnut,1,12606.24
2234,PN Store,2059,12/1/2023,Royal club амталгаа ,Protein chips 7*40g Barbeque,2,6677.71
2235,PN Store,2059,12/1/2023,Royal club амталгаа ,Protein snap,3,6210.35
2236,PN Store,2061,12/1/2023,Хэрэглээ,Protein cream 400g Caramel,1,12504.22
2237,PN Store,2061,12/1/2023,Хэрэглээ,ISO Whey 500g - Raspberry,1,52852.94
2238,PN Store,2061,12/1/2023,Хэрэглээ,ISO Whey 500g - Banana,1,51940.84
2239,PN Store,2061,12/1/2023,Хэрэглээ,Protein cream 400g Chocolate hazelnut,1,12574.74
2240,PN Store,2062,12/1/2023,Хэрэглээ,Protein cream 400g Caramel,1,12504.22
2241,PN Store,2062,12/1/2023,Хэрэглээ,Protein cream 400g Chocolate hazelnut,1,12574.74
2242,PN Store,2062,12/1/2023,Хэрэглээ,Multivitamin  90ш,1,12952.4
2243,PN Store,2062,12/1/2023,Хэрэглээ,Oatmeal 1kg chocolate,1,28727.1
2244,PN Store,2062,12/1/2023,Хэрэглээ,MSM+ Vitamin C 150g,1,18668.2
2245,PN Store,2063,12/1/2023,Хэрэглээ,Protein bar 15*55g Choco caramel,5,16722.88
2246,PN Store,2063,12/1/2023,Хэрэглээ,Nitrox - Blue grape 680g,1,58072.29
2247,PN Store,2063,12/1/2023,Хэрэглээ,Oatmeal 1kg chocolate,1,28727.1
2248,PN Store,2063,12/1/2023,Хэрэглээ,ISO Whey 500g - Raspberry,1,52852.94
2249,PN Store,2063,12/1/2023,Хэрэглээ,ISO Whey 500g - Hazelnut,1,52700.27
2250,PN Store,2063,12/1/2023,Хэрэглээ,L-Carnitine shot,1,3019.49
2251,PN Store,2063,12/1/2023,Хэрэглээ,Shaker 600ml /угсардаг нэмэлттэй/ таслагчтай,1,13828.17
2252,PN Store,2063,12/1/2023,Хэрэглээ,Protein wafer,1,2915.05
2253,PN Store,2064,12/1/2023,Хэрэглээ,Protein wafer,1,2915.05
2254,PN Store,2064,12/1/2023,Хэрэглээ,Tomato soup 30g,1,2600.03
2255,PN Store,2064,12/1/2023,Хэрэглээ,Protein cream 400g Chocolate hazelnut,1,12574.74
2256,PN Store,2064,12/1/2023,Хэрэглээ,MSM+ Vitamin C 150g,1,18668.2
2257,PN Store,2064,12/1/2023,Хэрэглээ,Cheese soup 30g,1,2600.12
2258,PN Store,2064,12/1/2023,Хэрэглээ,Oatmeal 1kg chocolate,2,57454.19
2259,PN Store,2064,12/1/2023,Хэрэглээ,Energy Gel 60g Professional Lemon,1,3480.8
2260,PN Store,2064,12/1/2023,Хэрэглээ,Peanut butter 400g crunchy Biotech,1,12371.53
2261,PN Store,2064,12/1/2023,Хэрэглээ,Shaker 600ml,1,5622.81
2262,PN Store,2064,12/1/2023,Хэрэглээ,Hyper mass sample 65g vanilla,1,1569.99
2263,PN Store,2064,12/1/2023,Хэрэглээ,Protein bar 15*55g Choco caramel,1,3344.58
2264,PN Store,2065,12/1/2023,Хэрэглээ,Oatmeal 1kg apple&banana,1,28726.88
2265,PN Store,2065,12/1/2023,Хэрэглээ,Protein chips 7*40g Barbeque,1,3338.86
2266,PN Store,2065,12/1/2023,Хэрэглээ,Protein snap,4,8280.47
2267,PN Store,2065,12/1/2023,Хэрэглээ,Protein bar 15*55g Caramel peanuts,2,6602.7
2268,PN Store,2065,12/1/2023,Хэрэглээ,Oatmeal 1kg chocolate,1,28727.1
2269,PN Store,2065,12/1/2023,Хэрэглээ,Protein bar 15*55g Choco caramel,13,43479.48
2270,PN Store,2065,12/1/2023,Хэрэглээ,Protein cream 400g Chocolate hazelnut,1,12574.74
2271,PN Store,2065,12/1/2023,Хэрэглээ,Protein wafer,3,8745.16
2272,PN Store,2066,12/1/2023,Хэрэглээ,Hyper Mass - Caramel cappuchino 1kg,1,0
2273,PN Store,2066,12/1/2023,Хэрэглээ,Hyper Mass - Vanilla 1kg,1,31233
2274,PN Store,2075,12/4/2023,VIBE LOTTA 7 GYM BARTER ,Ундаа Collagen vibe 330ml Pineapple coconut,261,588894.27
2275,PN Store,2075,12/4/2023,VIBE LOTTA 7 GYM BARTER ,Ундаа Amino 330ml Super pear,120,224289.72
2276,PN Store,2075,12/4/2023,VIBE LOTTA 7 GYM BARTER ,Ундаа Collagen vibe 330ml Passion fruit,168,420377.49
2277,PN Store,2075,12/4/2023,VIBE LOTTA 7 GYM BARTER ,Ундаа Amino 330ml Passion fruit,120,275791.12
2278,PN Store,2075,12/4/2023,VIBE LOTTA 7 GYM BARTER ,Ундаа Collagen vibe 330ml Mojito,144,363178.17
2279,PN Store,2076,12/4/2023,VIBE LOTTA 7 GYM Азтан бэлэг ,Ундаа Amino 330ml Super pear,21,39250.7
2280,PN Store,2076,12/4/2023,VIBE LOTTA 7 GYM Азтан бэлэг ,Energy Gel 60g Peach,21,73270.73
2281,PN Store,2076,12/4/2023,VIBE LOTTA 7 GYM Азтан бэлэг ,Ундаа Amino 330ml Waikiki,21,49283.23
2282,PN Store,2076,12/4/2023,VIBE LOTTA 7 GYM Азтан бэлэг ,Protein cream 400g Chocolate hazelnut,5,62873.72
2283,PN Store,2076,12/4/2023,VIBE LOTTA 7 GYM Азтан бэлэг ,Protein cream 400g White chocolate Hazelnut,16,201699.86
2284,PN Store,2076,12/4/2023,VIBE LOTTA 7 GYM Азтан бэлэг ,Protein snap,21,43472.48
2285,PN Store,2076,12/4/2023,VIBE LOTTA 7 GYM Азтан бэлэг ,Protein bar 15*55g Cookies cream,21,70048.72
2286,PN Store,2076,12/4/2023,VIBE LOTTA 7 GYM Азтан бэлэг ,Protein wafer,21,61216.1
2287,PN Store,2087,12/5/2023,12 сар хэрэглээ ,ISO Whey 500g - Strawberry,1,47921.74
2288,PN Store,2087,12/5/2023,12 сар хэрэглээ ,EAA Zero 350g Lemon,1,50060.89
2289,PN Store,2087,12/5/2023,12 сар хэрэглээ ,EAA Zero 350g blue grape,1,50182.16
2290,PN Store,2087,12/5/2023,12 сар хэрэглээ ,Oatmeal 1kg apple&banana,1,28726.88
2291,PN Store,2087,12/5/2023,12 сар хэрэглээ ,Protein cream 400g Chocolate hazelnut,1,12574.74
2292,PN Store,2087,12/5/2023,12 сар хэрэглээ ,MSM+ Vitamin C 150g,1,18668.2
2293,PN Store,2087,12/5/2023,12 сар хэрэглээ ,Arthro forte 340g blackcurrent,1,0
2294,PN Store,2087,12/5/2023,12 сар хэрэглээ ,L-Carnitine shot,20,60389.81
2295,PN Store,2087,12/5/2023,12 сар хэрэглээ ,Oatmeal 1kg chocolate,1,28727.1
2296,PN Store,2087,12/5/2023,12 сар хэрэглээ ,L-Glutamine 240гр,1,31266.21
2297,PN Store,2087,12/5/2023,12 сар хэрэглээ ,Energy Gel 60g Professional Lemon,12,41769.62
2298,PN Store,2087,12/5/2023,12 сар хэрэглээ ,Protein wafer,12,34980.63
2299,PN Store,2087,12/5/2023,12 сар хэрэглээ ,Omega 3 /90ш/,1,12605.96
2300,PN Store,2087,12/5/2023,12 сар хэрэглээ ,Shaker 600ml,2,11245.62
2301,PN Store,2108,12/7/2023,12 сар хэрэглээ Учралтай хамт ,Protein bar 15*55g Choco caramel,7,23412.03
2302,PN Store,2108,12/7/2023,12 сар хэрэглээ Учралтай хамт ,Protein cream 400g Caramel,1,12504.22
2303,PN Store,2108,12/7/2023,12 сар хэрэглээ Учралтай хамт ,Shaker 600ml /угсардаг нэмэлттэй/ таслагчтай,1,13828.17
2304,PN Store,2108,12/7/2023,12 сар хэрэглээ Учралтай хамт ,Protein bar 15*55g Caramel peanuts,1,3301.35
2305,PN Store,2108,12/7/2023,12 сар хэрэглээ Учралтай хамт ,L-Glutamine 240гр,1,31266.21
2306,PN Store,2108,12/7/2023,12 сар хэрэглээ Учралтай хамт ,Hyper Mass - Vanilla 1kg,2,62466.01
2307,PN Store,2108,12/7/2023,12 сар хэрэглээ Учралтай хамт ,Protein cream 400g peanut butter smooth,2,25150.09
2308,PN Store,2108,12/7/2023,12 сар хэрэглээ Учралтай хамт ,Cheese soup 30g,3,7800.35
2309,PN Store,2108,12/7/2023,12 сар хэрэглээ Учралтай хамт ,Protein chips 7*40g sour cream&onion,1,3340.55
2310,PN Store,2108,12/7/2023,12 сар хэрэглээ Учралтай хамт ,ISO Whey 500g - Cookies,1,55932.23
2311,PN Store,2108,12/7/2023,12 сар хэрэглээ Учралтай хамт ,Power Amino,4,107499.87
2312,PN Store,2108,12/7/2023,12 сар хэрэглээ Учралтай хамт ,Multivitamin  90ш,1,12952.4
2313,PN Store,2108,12/7/2023,12 сар хэрэглээ Учралтай хамт ,ISO Whey 500g - Hazelnut,2,105400.53
2314,PN Store,2108,12/7/2023,12 сар хэрэглээ Учралтай хамт ,ISO Whey 500g - Vanilla,5,239477.67
2315,PN Store,2108,12/7/2023,12 сар хэрэглээ Учралтай хамт ,Vitamin C 60ш,1,11879.47
2316,PN Store,2108,12/7/2023,12 сар хэрэглээ Учралтай хамт ,Nitrox - Blue grape 680g,1,58072.29
2317,PN Store,2108,12/7/2023,12 сар хэрэглээ Учралтай хамт ,Ундаа Collagen vibe 330ml Passion fruit,1,2502.25
2318,PN Store,2108,12/7/2023,12 сар хэрэглээ Учралтай хамт ,ISO Whey 500g - Banana,4,207763.36
2319,PN Store,2108,12/7/2023,12 сар хэрэглээ Учралтай хамт ,Protein bar 15*55g Cookies cream,4,13342.61
2320,PN Store,2115,12/8/2023,Bathuyag LEAGUE 12р сарын хэрэглээ,Protein snap,10,20701.18
2321,PN Store,2115,12/8/2023,Bathuyag LEAGUE 12р сарын хэрэглээ,Ундаа Collagen vibe 330ml Passion fruit,5,12511.23
2322,PN Store,2115,12/8/2023,Bathuyag LEAGUE 12р сарын хэрэглээ,Protein wafer,1,2915.05
2323,PN Store,2115,12/8/2023,Bathuyag LEAGUE 12р сарын хэрэглээ,Protein bar 15*55g Cookies cream,5,16678.27
2324,PN Store,2115,12/8/2023,Bathuyag LEAGUE 12р сарын хэрэглээ,Ундаа Collagen vibe 330ml Pineapple coconut,10,22563
2325,PN Store,2115,12/8/2023,Bathuyag LEAGUE 12р сарын хэрэглээ,Ундаа Collagen vibe 330ml Mojito,25,63051.77
2326,PN Store,2115,12/8/2023,Bathuyag LEAGUE 12р сарын хэрэглээ,Omega 3 /90ш/,1,12605.96
2327,PN Store,2115,12/8/2023,Bathuyag LEAGUE 12р сарын хэрэглээ,Protein bar 15*55g Choco caramel,4,13378.3
2328,PN Store,2116,12/8/2023,12-р сарын хэрэглээ,ISO Whey 500g - Raspberry,2,105705.89
2329,PN Store,2116,12/8/2023,12-р сарын хэрэглээ,Zinc 60ш,1,7543.6
2330,PN Store,2116,12/8/2023,12-р сарын хэрэглээ,Multivitamin  90ш,1,12952.4
2331,PN Store,2116,12/8/2023,12-р сарын хэрэглээ,Omega 3 /90ш/,1,12605.96
2332,PN Store,2117,12/8/2023,Хэрэглээ,Protein bar 15*55g Cookies cream,4,13342.61
2333,PN Store,2117,12/8/2023,Хэрэглээ,Protein bar 15*55g Choco caramel,4,13378.3
2334,PN Store,2117,12/8/2023,Хэрэглээ,Protein chips 7*40g Barbeque,2,6677.71
2335,PN Store,2117,12/8/2023,Хэрэглээ,Protein wafer,4,11660.21
2336,PN Store,2117,12/8/2023,Хэрэглээ,Protein snap,4,8280.47
2337,PN Store,2117,12/8/2023,Хэрэглээ,Protein bar 15*55g Caramel peanuts,4,13205.39
2338,PN Store,2117,12/8/2023,Хэрэглээ,Protein chips 7*40g sour cream&onion,2,6681.09
2339,PN Store,2117,12/8/2023,Хэрэглээ,Protein cream 400g White chocolate Hazelnut,2,25212.48
2340,PN Store,2118,12/8/2023,Хэрэглээ,MSM+ Vitamin C 150g,1,18668.2
2341,PN Store,2118,12/8/2023,Хэрэглээ,Omega 3 /90ш/,2,25211.92
2342,PN Store,2118,12/8/2023,Хэрэглээ,Zinc 60ш,2,15087.21
2343,PN Store,2119,12/8/2023,New Bikini Гарын бэлэг,Multivitamin  90ш,17,220190.84
2344,PN Store,2119,12/8/2023,New Bikini Гарын бэлэг,ISO Whey sample - Vanilla 25g,18,56041.92
2345,PN Store,2119,12/8/2023,New Bikini Гарын бэлэг,ISO Whey sample - tiramisu 25g,23,92234.95
2346,PN Store,2119,12/8/2023,New Bikini Гарын бэлэг,Protein snap,10,20701.18
2347,PN Store,2119,12/8/2023,New Bikini Гарын бэлэг,ISO Whey sample - coconut 25g,33,110280.91
2348,PN Store,2119,12/8/2023,New Bikini Гарын бэлэг,Ундаа Amino 330ml Super pear,4,7476.32
2349,PN Store,2119,12/8/2023,New Bikini Гарын бэлэг,ISO Whey sample - Strawberry 25g,35,103162.77
2350,PN Store,2119,12/8/2023,New Bikini Гарын бэлэг,Energy Gel 60g Peach,10,34890.83
2351,PN Store,2119,12/8/2023,New Bikini Гарын бэлэг,Ундаа Collagen vibe 330ml Mojito,28,70617.98
2352,PN Store,2119,12/8/2023,New Bikini Гарын бэлэг,Ундаа Collagen vibe 330ml Pineapple coconut,27,60920.1
2353,PN Store,2119,12/8/2023,New Bikini Гарын бэлэг,Protein cream 400g White chocolate Hazelnut,18,226912.34
2354,PN Store,2119,12/8/2023,New Bikini Гарын бэлэг,Ундаа Amino 330ml Passion fruit,1,2298.26
2355,PN Store,2120,12/8/2023,New Bikini Шүүгчдийн ундаа,Ундаа Collagen vibe 330ml Mojito,24,60529.7
2356,PN Store,2120,12/8/2023,New Bikini Шүүгчдийн ундаа,Ундаа Amino 330ml Passion fruit,24,55158.22
2357,PN Store,2127,12/9/2023,Хэрэглээ,Peanut butter 400g crunchy Biotech,1,12371.53
2358,PN Store,2127,12/9/2023,Хэрэглээ,Oatmeal 1kg chocolate,1,28727.1
2359,PN Store,2127,12/9/2023,Хэрэглээ,Protein cream 400g Caramel,1,12504.22
2360,PN Store,2127,12/9/2023,Хэрэглээ,Arthro forte 340g blackcurrent,1,0
2361,PN Store,2127,12/9/2023,Хэрэглээ,Oatmeal 1kg apple&banana,1,28726.88
2362,PN Store,2128,12/9/2023,Хэрэглээ,Peanut butter 400g crunchy Biotech,1,12371.53
2363,PN Store,2128,12/9/2023,Хэрэглээ,Protein wafer,1,2915.05
2364,PN Store,2128,12/9/2023,Хэрэглээ,Protein cream 400g Caramel,1,12504.22
2365,PN Store,2128,12/9/2023,Хэрэглээ,Protein snap,1,2070.12
2366,PN Store,2128,12/9/2023,Хэрэглээ,Protein cream 400g Duo white chocolate-chocolate,1,12652.43
2367,PN Store,2128,12/9/2023,Хэрэглээ,Protein cream 400g Chocolate hazelnut,1,12574.74
2368,PN Store,2163,12/17/2023,12-р сарын хэрэглээ,Ундаа Collagen vibe 330ml Mojito,10,25220.71
2369,PN Store,2163,12/17/2023,12-р сарын хэрэглээ,EAA Zero 350g blue grape,1,50182.16
2370,PN Store,2163,12/17/2023,12-р сарын хэрэглээ,Shaker 600ml,1,5622.81
2371,PN Store,2163,12/17/2023,12-р сарын хэрэглээ,Ундаа Amino 330ml Passion fruit,7,16087.82
2372,PN Store,2163,12/17/2023,12-р сарын хэрэглээ,EAA Zero 350g Lemon,1,50060.89
2373,PN Store,2163,12/17/2023,12-р сарын хэрэглээ,Bedford 2,1,0
2374,PN Store,2163,12/17/2023,12-р сарын хэрэглээ,Protein bar 15*55g Choco caramel,15,50168.64
2375,PN Store,2163,12/17/2023,12-р сарын хэрэглээ,Ундаа Amino 330ml Super pear,7,13083.57
2376,PN Store,2173,12/19/2023,Хэрэглээ,Vitamin C 60ш,2,23758.95
2377,PN Store,2173,12/19/2023,Хэрэглээ,Zinc 60ш,2,15087.21
2378,PN Store,2209,12/25/2023,Шинжилгээнд,Power Whey - Vanilla 2250g,1,117364.14
2379,PN Store,2210,12/25/2023,Orgil Makhaan бэлэг ,Club mate 330мл,4,12309.4
2380,PN Store,2210,12/25/2023,Orgil Makhaan бэлэг ,Club mate 500мл,7,22821.27
2381,PN Store,2211,12/25/2023,shangrilla event амталгаанд гаргав ,Ундаа Collagen vibe 330ml Pineapple coconut,24,54151.07
2382,PN Store,2211,12/25/2023,shangrilla event амталгаанд гаргав ,Protein bar 15*55g Choco caramel,4,13378.3
2383,PN Store,2211,12/25/2023,shangrilla event амталгаанд гаргав ,Protein chips 7*40g sour cream&onion,1,3340.55
2384,PN Store,2211,12/25/2023,shangrilla event амталгаанд гаргав ,Protein snap,3,6210.35
2385,PN Store,2211,12/25/2023,shangrilla event амталгаанд гаргав ,Protein wafer,3,8745.16
2386,PN Store,2211,12/25/2023,shangrilla event амталгаанд гаргав ,Ундаа Collagen vibe 330ml Passion fruit,24,60055.87
2387,PN Store,2211,12/25/2023,shangrilla event амталгаанд гаргав ,Ундаа Collagen vibe 330ml Mojito,24,60529.03
2388,PN Store,2211,12/25/2023,shangrilla event амталгаанд гаргав ,Protein bar 15*55g Cookies cream,8,26685.23
2389,PN Store,2213,12/25/2023,Акт,Ундаа Amino 330ml Raspberry,5,10239.71
2390,PN Store,2213,12/25/2023,Акт,Ундаа Collagen vibe 330ml Mojito,4,10088.17
2391,PN Store,2213,12/25/2023,Акт,Nitrox sample - Blue grape 17g,12,36715.2
2392,PN Store,2213,12/25/2023,Акт,Ундаа Amino 330ml Lemon soda,4,8443.66
2393,PN Store,2213,12/25/2023,Акт,Ундаа Amino 330ml Super pear,48,89715.89
2394,PN Store,2213,12/25/2023,Акт,Ундаа Amino 330ml cucumber lime,1,460.89
2395,PN Store,2213,12/25/2023,Акт,Nitrox sample - Cranberry 17g,58,170617.51
2396,PN Store,2213,12/25/2023,Акт,Sleep & Relax 450g,4,162056.38
2397,PN Store,2213,12/25/2023,Акт,Ундаа Amino 330ml Passion fruit,25,57602.76
2398,PN Store,2213,12/25/2023,Акт,Ундаа Collagen vibe 330ml Passion fruit,5,12511.64
2399,PN Store,2213,12/25/2023,Акт,Ундаа Amino 330ml Waikiki,10,23385.52
2400,PN Store,2213,12/25/2023,Акт,Ундаа Collagen vibe 330ml Pineapple coconut,19,42869.6
2401,PN Store,2213,12/25/2023,Акт,Power professional,8,258261.34
2402,PN Store,2218,12/26/2023,Хасу мега старс,Power Whey - Chocolate 2250g,1,105774.97
2403,PN Store,2219,12/26/2023,Хэрэглээ,L-Glutamine 240гр,1,31266.21
2404,PN Store,2228,12/30/2023,8-р сараас хойш Хэрэглээ,Protein bar 15*55g Cookies cream,45,150104.4
2405,PN Store,2228,12/30/2023,8-р сараас хойш Хэрэглээ,ISO Whey 500g - Vanilla,6,287373.21
2406,PN Store,2228,12/30/2023,8-р сараас хойш Хэрэглээ,Hyper Mass - Vanilla 1kg,3,93699.01
2407,PN Store,2228,12/30/2023,8-р сараас хойш Хэрэглээ,L-Glutamine 240гр,8,250129.68
2408,PN Store,2228,12/30/2023,8-р сараас хойш Хэрэглээ,ISO Whey 500g - White chocolate,14,740156.13
2409,PN Store,2228,12/30/2023,8-р сараас хойш Хэрэглээ,Club mate 500мл,60,195610.85
2410,PN Store,2241,1/2/2024,Ажилчдын хэрэглээ,L-Carnitine powder 300g,1,35805.61
2411,PN Store,2241,1/2/2024,Ажилчдын хэрэглээ,ISO Whey 500g - Hazelnut,1,52700.27
2412,PN Store,2242,1/2/2024,Ажилчдын хэрэглээ,Protein wafer,1,2913.5
2413,PN Store,2242,1/2/2024,Ажилчдын хэрэглээ,Protein cream 400g Chocolate hazelnut,3,38175.46
2414,PN Store,2242,1/2/2024,Ажилчдын хэрэглээ,Oatmeal 1kg chocolate,1,28727.1
2415,PN Store,2242,1/2/2024,Ажилчдын хэрэглээ,Protein bar 15*55g Caramel peanuts,1,3650.54
2416,PN Store,2242,1/2/2024,Ажилчдын хэрэглээ,Protein cream 400g Caramel,1,12504.22
2417,PN Store,2242,1/2/2024,Ажилчдын хэрэглээ,Oatmeal 1kg apple&banana,2,58094.19
2418,PN Store,2256,1/4/2024,Ажилчдын хэрэглээ,L-Carnitine 100.000 - Apple 500ml,1,49763.53
2419,PN Store,2265,1/7/2024,Бусад зардал,EAA Zero 350g Lemon,2,100140.03
2420,PN Store,2265,1/7/2024,Бусад зардал,Ундаа Amino 330ml Passion fruit,24,56279.03
2421,PN Store,2265,1/7/2024,Бусад зардал,ISO Whey 500g - Hazelnut,1,52700.26
2422,PN Store,2265,1/7/2024,Бусад зардал,EAA Zero 350g blue grape,1,50126.59
2423,PN Store,2266,1/7/2024,Бусад зардал,Omega 3 /90ш/,1,12596.2
2424,PN Store,2266,1/7/2024,Бусад зардал,Ундаа Collagen vibe 330ml Mojito,30,75661.93
2425,PN Store,2266,1/7/2024,Бусад зардал,Ундаа Collagen vibe 330ml Pineapple coconut,12,27094.4
2426,PN Store,2266,1/7/2024,Бусад зардал,Ундаа Collagen vibe 330ml Passion fruit,12,30027.01
2427,PN Store,2290,1/10/2024,Бусад зардал,EAA Zero 350g Lemon,1,50070.01
2428,PN Store,2290,1/10/2024,Бусад зардал,Omega 3 /90ш/,1,12596.2
2429,PN Store,2290,1/10/2024,Бусад зардал,ISO Whey 500g - Hazelnut,1,52700.27
2430,PN Store,2290,1/10/2024,Бусад зардал,Vitamin C 60ш,1,11879.47
2431,PN Store,2290,1/10/2024,Бусад зардал,Multivitamin  90ш,1,12952.41
2432,PN Store,2290,1/10/2024,Бусад зардал,ISO Whey 500g - White chocolate,1,52868.29
2433,PN Store,2296,1/11/2024,Бусад зардал,ISO Whey 500g - Hazelnut,1,52700.26
2434,PN Store,2296,1/11/2024,Бусад зардал,Protein cream 400g peanut butter smooth,1,12575.04
2435,PN Store,2296,1/11/2024,Бусад зардал,Protein bar 15*55g Cookies cream,5,16692.47
2436,PN Store,2296,1/11/2024,Бусад зардал,Club mate 330мл,8,24731.34
2437,PN Store,2296,1/11/2024,Бусад зардал,Oatmeal 1kg apple&banana,1,29047.09
2438,PN Store,2296,1/11/2024,Бусад зардал,ISO Whey 500g - White chocolate,3,158604.89
2439,PN Store,2296,1/11/2024,Бусад зардал,Protein wafer,24,69924.1
2440,PN Store,2296,1/11/2024,Бусад зардал,Protein bar 15*55g Choco caramel,2,6688.69
2441,PN Store,2296,1/11/2024,Бусад зардал,EAA Zero 350g blue grape,1,50126.59
2442,PN Store,2296,1/11/2024,Бусад зардал,Protein bar 15*55g Caramel peanuts,8,29204.28
2443,PN Store,2296,1/11/2024,Бусад зардал,EAA Zero 350g Lemon,1,50070.01
2444,PN Store,2296,1/11/2024,Бусад зардал,L-Glutamine 240гр,1,31266.21
2445,PN Store,2296,1/11/2024,Бусад зардал,Shaker 600ml,1,5622.81
2446,PN Store,2296,1/11/2024,Бусад зардал,Protein cream 400g Chocolate hazelnut,1,12725.15
2447,PN Store,2296,1/11/2024,Бусад зардал,Ундаа Amino 330ml Super pear,2,5923.28
2448,PN Store,2311,1/12/2024,Бусад зардал,L-Carnitine powder 300g,1,35805.61
2449,PN Store,2311,1/12/2024,Бусад зардал,Oatmeal 1kg chocolate,1,28727.1
2450,PN Store,2311,1/12/2024,Бусад зардал,Protein bar 15*55g Caramel peanuts,2,7301.07
2451,PN Store,2311,1/12/2024,Бусад зардал,Protein snap,1,2061.35
2452,PN Store,2311,1/12/2024,Бусад зардал,Nitrox - Blue grape 680g,1,58018.71
2453,PN Store,2311,1/12/2024,Бусад зардал,Protein bar 15*55g Cookies cream,3,10015.48
2454,PN Store,2311,1/12/2024,Бусад зардал,Protein cream 400g peanut butter smooth,2,25150.09
2455,PN Store,2311,1/12/2024,Бусад зардал,Protein bar 15*55g Choco caramel,3,10033.03
2456,PN Store,2311,1/12/2024,Бусад зардал,EAA Zero 350g blue grape,1,50126.59
2457,PN Store,2311,1/12/2024,Бусад зардал,EAA Zero 350g Lemon,4,200280.06
2458,PN Store,2311,1/12/2024,Бусад зардал,Omega 3 /90ш/,1,12596.2
2459,PN Store,2311,1/12/2024,Бусад зардал,ISO Whey 500g - Hazelnut,12,632403.18
2460,PN Store,2312,1/12/2024,Амталгаа,Protein bar cookie crunch,10,94926.85
2461,PN Store,2315,1/13/2024,Ажилчдын хэрэглээ,Peanut butter 400g crunchy Biotech,1,12371.53
2462,PN Store,2316,1/13/2024,Ажилчдын хэрэглээ,Protein cream 400g White chocolate Hazelnut,1,12607.41
2463,PN Store,2316,1/13/2024,Ажилчдын хэрэглээ,Protein cream 400g Duo white chocolate-chocolate,2,25038.99
2464,PN Store,2316,1/13/2024,Ажилчдын хэрэглээ,Protein cream 400g Chocolate hazelnut,1,12725.15
2465,PN Store,2316,1/13/2024,Ажилчдын хэрэглээ,Protein cream 400g Caramel,2,25008.43
2466,PN Store,2340,1/17/2024,Шинжилгээнд,Power Creatine 300гр,2,65681.85
2467,PN Store,2343,1/17/2024,Бусад зардал,L-Carnitine powder 300g,1,35271.55
2468,PN Store,2343,1/17/2024,Бусад зардал,Protein bar 15*55g Cookies cream,33,110170.33
2469,PN Store,2344,1/17/2024,Бусад зардал,Protein bar cookie crunch,18,170868.33
2470,PN Store,2357,1/18/2024,Ажилчдын хэрэглээ,L-Carnitine powder 300g,1,35271.55
2471,PN Store,2357,1/18/2024,Ажилчдын хэрэглээ,ISO Whey 500g - Hazelnut,1,0
2472,PN Store,2358,1/18/2024,Ажилчдын хэрэглээ,Multivitamin  90ш,1,12952.41
2473,PN Store,2358,1/18/2024,Ажилчдын хэрэглээ,Protein bar 15*55g Cookies cream,1,3338.49
2474,PN Store,2358,1/18/2024,Ажилчдын хэрэглээ,Protein bar 15*55g Choco caramel,4,13377.37
2475,PN Store,2358,1/18/2024,Ажилчдын хэрэглээ,Nitrox - Peach 680гр,1,58240.33
2476,PN Store,2358,1/18/2024,Ажилчдын хэрэглээ,ISO Whey 500g - Hazelnut,1,0
2477,PN Store,2359,1/18/2024,Ажилчдын хэрэглээ,L-Carnitine shot,2,6039.31
2478,PN Store,2359,1/18/2024,Ажилчдын хэрэглээ,Protein bar 15*55g Caramel peanuts,1,3650.54
2479,PN Store,2359,1/18/2024,Ажилчдын хэрэглээ,ISO Whey 500g - Strawberry,1,47921.75
2480,PN Store,2359,1/18/2024,Ажилчдын хэрэглээ,Oatmeal 1kg apple&banana,1,29047.09
2481,PN Store,2359,1/18/2024,Ажилчдын хэрэглээ,Protein bar 15*55g Cookies cream,1,3338.49
2482,PN Store,2359,1/18/2024,Ажилчдын хэрэглээ,ISO Whey 500g - Hazelnut,1,0
2483,PN Store,2359,1/18/2024,Ажилчдын хэрэглээ,Power Testo 120caps,1,28438.53
2484,PN Store,2359,1/18/2024,Ажилчдын хэрэглээ,Protein bar 15*55g Choco caramel,2,6688.69
2485,PN Store,2359,1/18/2024,Ажилчдын хэрэглээ,Peanut butter 400g crunchy Biotech,1,12371.53
2486,PN Store,2360,1/18/2024,Ажилчдын хэрэглээ,Protein snap,1,2061.35
2487,PN Store,2360,1/18/2024,Ажилчдын хэрэглээ,Omega 3 /90ш/,4,50384.8
2488,PN Store,2360,1/18/2024,Ажилчдын хэрэглээ,Multivitamin  90ш,1,12952.41
2489,PN Store,2360,1/18/2024,Ажилчдын хэрэглээ,Protein wafer,1,2913.5
2490,PN Store,2367,1/19/2024,Ажилчдын хэрэглээ,Multivitamin  90ш,5,64762.03
2491,PN Store,2367,1/19/2024,Ажилчдын хэрэглээ,Protein cream 400g Caramel,1,12504.22
2492,PN Store,2367,1/19/2024,Ажилчдын хэрэглээ,Omega 3 /90ш/,2,25192.4
2493,PN Store,2367,1/19/2024,Ажилчдын хэрэглээ,Peanut butter 400g crunchy Biotech,1,12371.52
2494,PN Store,2387,1/23/2024,Бусад зардал,Protein bar cookie crunch,18,170949.63
2495,PN Store,2402,1/25/2024,Ажилчдын хэрэглээ /Энх-Эрдэнэ/,Multivitamin  90ш,1,12952.41
2496,PN Store,2402,1/25/2024,Ажилчдын хэрэглээ /Энх-Эрдэнэ/,Ундаа Collagen vibe 330ml Mojito,9,22698.58
2497,PN Store,2402,1/25/2024,Ажилчдын хэрэглээ /Энх-Эрдэнэ/,Vitamin C 60ш,2,23758.95
2498,PN Store,2402,1/25/2024,Ажилчдын хэрэглээ /Энх-Эрдэнэ/,ZMA 60ш,2,14291.52
2499,PN Store,2402,1/25/2024,Ажилчдын хэрэглээ /Энх-Эрдэнэ/,Omega 3 /90ш/,2,25192.4
2500,PN Store,2410,1/26/2024,Ажилчдын хэрэглээ,L-Carnitine powder 300g,1,35271.55
2501,PN Store,2418,1/28/2024,Бусад зардал,Protein wafer,1,2913.51
2502,PN Store,2418,1/28/2024,Бусад зардал,Peanut butter 400g crunchy Biotech,1,12371.52
2503,PN Store,2418,1/28/2024,Бусад зардал,Ундаа Amino 330ml Passion fruit,8,18759.68
2504,PN Store,2418,1/28/2024,Бусад зардал,Ундаа Collagen vibe 330ml Pineapple coconut,8,18062.93
2505,PN Store,2418,1/28/2024,Бусад зардал,Power BCAA - Watermelon 420g,2,79262.95
2506,PN Store,2418,1/28/2024,Бусад зардал,ZMA 60ш,1,7145.76
2507,PN Store,2418,1/28/2024,Бусад зардал,Protein snap,2,4122.69
2508,PN Store,2418,1/28/2024,Бусад зардал,Power Whey - Chocolate 2250g,2,203475.4
2509,PN Store,2421,1/29/2024,Ажилчдын хэрэглээ,Ундаа Collagen vibe 330ml Mojito,24,60529.54
2510,PN Store,2421,1/29/2024,Ажилчдын хэрэглээ,Club mate 500мл,20,65205.16
2511,PN Store,2421,1/29/2024,Ажилчдын хэрэглээ,Ундаа Amino 330ml Passion fruit,24,56279.03
2512,PN Store,2437,1/30/2024,M sports podcast,Protein snap,2,4122.65
2513,PN Store,2437,1/30/2024,M sports podcast,Protein bar 15*55g Cookies cream,2,6677
2514,PN Store,2437,1/30/2024,M sports podcast,Ундаа Collagen vibe 330ml Passion fruit,3,7506.75
2515,PN Store,2437,1/30/2024,M sports podcast,Ундаа Collagen vibe 330ml Mojito,3,7566.47
2516,PN Store,2437,1/30/2024,M sports podcast,Protein cream 400g White chocolate Hazelnut,2,25214.81
2517,PN Store,2437,1/30/2024,M sports podcast,Protein wafer,2,5825.62
2518,PN Store,2437,1/30/2024,M sports podcast,Ундаа Collagen vibe 330ml Pineapple coconut,3,6773.59
2519,PN Store,2438,1/30/2024,Акт,Power Creatine 300гр,1,25488.48
2520,PN Store,2438,1/30/2024,Акт,Club mate 500мл,5,16301.29
2521,PN Store,2438,1/30/2024,Акт,Ундаа Amino 330ml Passion fruit,84,199978.59
2522,PN Store,2438,1/30/2024,Акт,Ундаа Collagen vibe 330ml Passion fruit,3,7506.75
2523,PN Store,2438,1/30/2024,Акт,Ундаа Collagen vibe 330ml Pineapple coconut,1,2257.86
2524,PN Store,2444,1/31/2024,Ажилчдын хэрэглээ,ISO Whey sample - Strawberry 25g,3,8851.88
2525,PN Store,2444,1/31/2024,Ажилчдын хэрэглээ,Multivitamin  90ш,1,12952.41
2526,PN Store,2444,1/31/2024,Ажилчдын хэрэглээ,Energy Gel 60g Professional Lemon,1,3480.8
2527,PN Store,2444,1/31/2024,Ажилчдын хэрэглээ,Energy Gel 60g Professional Orange,1,3473.59
2528,PN Store,2451,2/1/2024,Ажилчдын хэрэглээ Тэмүүжинтэй хамт,Oatmeal 1kg chocolate,1,28727.1
2529,PN Store,2451,2/1/2024,Ажилчдын хэрэглээ Тэмүүжинтэй хамт,Oatmeal 1kg apple&banana,1,29047.1
2530,PN Store,2451,2/1/2024,Ажилчдын хэрэглээ Тэмүүжинтэй хамт,Protein cream 400g peanut butter smooth,1,12575.04
2531,PN Store,2451,2/1/2024,Ажилчдын хэрэглээ Тэмүүжинтэй хамт,Omega 3 /90ш/,2,25192.4
2532,PN Store,2451,2/1/2024,Ажилчдын хэрэглээ Тэмүүжинтэй хамт,Protein cream 400g Caramel,1,12504.22
2533,PN Store,2451,2/1/2024,Ажилчдын хэрэглээ Тэмүүжинтэй хамт,Multivitamin  90ш,3,38857.22
2534,PN Store,2451,2/1/2024,Ажилчдын хэрэглээ Тэмүүжинтэй хамт,Power casein - Chocolate 900g,1,60720.23
2535,PN Store,2451,2/1/2024,Ажилчдын хэрэглээ Тэмүүжинтэй хамт,Protein cream 400g Chocolate hazelnut,2,25450.3
2536,PN Store,2452,2/1/2024,Ажилчдын хэрэглээ,Multivitamin  90ш,3,38857.22
2537,PN Store,2452,2/1/2024,Ажилчдын хэрэглээ,Crush Bar - Toffee coconut 64g,1,6747.72
2538,PN Store,2452,2/1/2024,Ажилчдын хэрэглээ,Omega 3 /90ш/,3,37788.6
2539,PN Store,2452,2/1/2024,Ажилчдын хэрэглээ,Power BCAA - Watermelon 420g,1,39631.47
2540,PN Store,2452,2/1/2024,Ажилчдын хэрэглээ,Power Creatine 300гр,1,25488.48
2541,PN Store,2453,2/1/2024,Ажилчдын хэрэглээ,Omega 3 /90ш/,1,12596.2
2542,PN Store,2453,2/1/2024,Ажилчдын хэрэглээ,L-Carnitine powder 300g,1,35271.54
2543,PN Store,2453,2/1/2024,Ажилчдын хэрэглээ,Ice cream 500g chocolate,1,31211.03
2544,PN Store,2454,2/1/2024,Урамшуулал хасалт нөхөж хийв,Protein bar cookie crunch,1,9497.2
2545,PN Store,2461,2/3/2024,2-р сарын хэрэглээ,Ундаа Amino 330ml Passion fruit,3,7142.09
2546,PN Store,2461,2/3/2024,2-р сарын хэрэглээ,Protein bar 15*55g Cookies cream,15,50077.46
2547,PN Store,2461,2/3/2024,2-р сарын хэрэглээ,Energy Gel 60g Professional Orange,12,41683.1
2548,PN Store,2461,2/3/2024,2-р сарын хэрэглээ,Power Mass - Chocolate 5kg,1,115747.29
2549,PN Store,2461,2/3/2024,2-р сарын хэрэглээ,EAA Zero 350g Lemon,2,100140.03
2550,PN Store,2461,2/3/2024,2-р сарын хэрэглээ,L-Glutamine 240гр,2,62532.42
2551,PN Store,2461,2/3/2024,2-р сарын хэрэглээ,Protein snap,25,51533.11
2552,PN Store,2461,2/3/2024,2-р сарын хэрэглээ,Protein cream 400g Duo white chocolate-chocolate,1,12520.29
2553,PN Store,2461,2/3/2024,2-р сарын хэрэглээ,Power BCAA - Watermelon 420g,1,39631.47
2554,PN Store,2462,2/3/2024,Учралтай хамт 2-р сарын хэрэглээ,L-Glutamine 240гр,3,93798.63
2555,PN Store,2462,2/3/2024,Учралтай хамт 2-р сарын хэрэглээ,Protein bar 15*55g Caramel peanuts,2,7301.07
2556,PN Store,2462,2/3/2024,Учралтай хамт 2-р сарын хэрэглээ,Oatmeal 1kg apple&banana,1,29047.09
2557,PN Store,2462,2/3/2024,Учралтай хамт 2-р сарын хэрэглээ,Protein cream 400g peanut butter smooth,2,25150.09
2558,PN Store,2462,2/3/2024,Учралтай хамт 2-р сарын хэрэглээ,ISO Whey sample - Bananas 25g,8,24029.09
2559,PN Store,2462,2/3/2024,Учралтай хамт 2-р сарын хэрэглээ,Ундаа Collagen vibe 330ml Passion fruit,1,2502.25
2560,PN Store,2462,2/3/2024,Учралтай хамт 2-р сарын хэрэглээ,Power Testo 120caps,1,28438.53
2561,PN Store,2462,2/3/2024,Учралтай хамт 2-р сарын хэрэглээ,Multivitamin  90ш,3,38857.22
2562,PN Store,2462,2/3/2024,Учралтай хамт 2-р сарын хэрэглээ,Peanut butter 400g crunchy Biotech,1,12371.52
2563,PN Store,2462,2/3/2024,Учралтай хамт 2-р сарын хэрэглээ,Power Creatine 300гр,3,76465.44
2564,PN Store,2462,2/3/2024,Учралтай хамт 2-р сарын хэрэглээ,ISO Whey sample - Chocolate 25g,16,46354.25
2565,PN Store,2462,2/3/2024,Учралтай хамт 2-р сарын хэрэглээ,L-Carnitine powder 300g,1,35271.54
2566,PN Store,2462,2/3/2024,Учралтай хамт 2-р сарын хэрэглээ,Power casein - Chocolate 900g,1,60720.23
2567,PN Store,2462,2/3/2024,Учралтай хамт 2-р сарын хэрэглээ,Protein bar 15*55g Choco caramel,15,50165.15
2568,PN Store,2462,2/3/2024,Учралтай хамт 2-р сарын хэрэглээ,Protein bar 15*55g Cookies cream,4,13353.99
2569,PN Store,2463,2/3/2024,Хэрэглээ,ISO Whey sample - Bananas 25g,5,15018.18
2570,PN Store,2463,2/3/2024,Хэрэглээ,Protein bar 15*55g Cookies cream,2,6677
2571,PN Store,2463,2/3/2024,Хэрэглээ,Protein bar 15*55g Caramel peanuts,2,7301.07
2572,PN Store,2463,2/3/2024,Хэрэглээ,ISO Whey sample - Strawberry 25g,10,29506.27
2573,PN Store,2463,2/3/2024,Хэрэглээ,ISO Whey sample - Vanilla 25g,5,15565.83
2574,PN Store,2463,2/3/2024,Хэрэглээ,ISO Whey sample - Hazelnut 25g,5,15115.98
2575,PN Store,2463,2/3/2024,Хэрэглээ,EAA Zero 350g blue grape,1,50126.59
2576,PN Store,2463,2/3/2024,Хэрэглээ,Jack's prework out,1,52363.64
2577,PN Store,2463,2/3/2024,Хэрэглээ,Protein bar 15*55g Choco caramel,2,6688.69
2578,PN Store,2463,2/3/2024,Хэрэглээ,ISO Whey sample - White chocolate 25g,5,15565.94
2579,PN Store,2466,2/4/2024,Ажилчдын хэрэглээ,Protein bar 15*55g Choco caramel,2,6688.69
2580,PN Store,2466,2/4/2024,Ажилчдын хэрэглээ,Protein bar 15*55g Caramel peanuts,1,3650.54
2581,PN Store,2466,2/4/2024,Ажилчдын хэрэглээ,L-Carnitine powder 300g,1,35271.54
2582,PN Store,2466,2/4/2024,Ажилчдын хэрэглээ,Hyper Mass - Chocolate 1kg,1,34281.67
2583,PN Store,2466,2/4/2024,Ажилчдын хэрэглээ,Protein bar 15*55g Cookies cream,1,3338.5
2584,PN Store,2467,2/4/2024,Ажилчдын хэрэглээ,Peanut butter 400g crunchy Biotech,1,12371.53
2585,PN Store,2467,2/4/2024,Ажилчдын хэрэглээ,Oatmeal 1kg apple&banana,1,29047.09
2586,PN Store,2467,2/4/2024,Ажилчдын хэрэглээ,Crush Bar - Toffee coconut 64g,1,6747.72
2587,PN Store,2467,2/4/2024,Ажилчдын хэрэглээ,Protein bar 15*55g Choco caramel,1,3344.34
2588,PN Store,2467,2/4/2024,Ажилчдын хэрэглээ,Power BCAA - Watermelon 420g,1,39631.47
2589,PN Store,2499,2/14/2024,Хэрэглээ,EAA Zero 350g Lemon,1,50070.01
2590,PN Store,2499,2/14/2024,Хэрэглээ,Multivitamin  90ш,3,38857.22
2591,PN Store,2499,2/14/2024,Хэрэглээ,Omega 3 /90ш/,2,25192.4
2592,PN Store,2499,2/14/2024,Хэрэглээ,Power Mass - Chocolate 5kg,1,115747.29
2593,PN Store,2505,2/15/2024,Perfect body нээлтэнд бэлэг ,Ундаа Amino 330ml Passion fruit,3,7142.09
2594,PN Store,2505,2/15/2024,Perfect body нээлтэнд бэлэг ,ISO Whey sample - Bananas 25g,1,3003.64
2595,PN Store,2505,2/15/2024,Perfect body нээлтэнд бэлэг ,ISO Whey sample - Hazelnut 25g,1,3023.2
2596,PN Store,2505,2/15/2024,Perfect body нээлтэнд бэлэг ,ISO Whey sample - Vanilla 25g,1,3113.17
2597,PN Store,2505,2/15/2024,Perfect body нээлтэнд бэлэг ,ISO Whey sample - Strawberry 25g,1,2950.63
2598,PN Store,2505,2/15/2024,Perfect body нээлтэнд бэлэг ,Protein bar 15*55g Cookies cream,6,20030.99
2599,PN Store,2505,2/15/2024,Perfect body нээлтэнд бэлэг ,ISO Whey sample - Chocolate 25g,1,2897.14
2600,PN Store,2505,2/15/2024,Perfect body нээлтэнд бэлэг ,Ундаа Collagen vibe 330ml Passion fruit,3,7506.75
2601,PN Store,2505,2/15/2024,Perfect body нээлтэнд бэлэг ,Ундаа Collagen vibe 330ml Mojito,3,7566.47
2602,PN Store,2505,2/15/2024,Perfect body нээлтэнд бэлэг ,Ундаа Collagen vibe 330ml Pineapple coconut,3,6773.59
2603,PN Store,2505,2/15/2024,Perfect body нээлтэнд бэлэг ,ISO Whey sample - White chocolate 25g,1,3113.19
2604,PN Store,2510,2/16/2024,"Наадам 1,2 бэлэг ",Protein cream 400g Duo white chocolate-chocolate,5,62601.46
2605,PN Store,2510,2/16/2024,"Наадам 1,2 бэлэг ",Protein cream 400g White chocolate Hazelnut,5,63037.03
2606,PN Store,2511,2/16/2024,"Наадам 1,2 Амталгаа",Protein bar 15*55g Caramel peanuts,5,18252.67
2607,PN Store,2511,2/16/2024,"Наадам 1,2 Амталгаа",L-Carnitine powder 300g,1,35271.54
2608,PN Store,2511,2/16/2024,"Наадам 1,2 Амталгаа",Protein bar 15*55g Cookies cream,5,16692.49
2609,PN Store,2511,2/16/2024,"Наадам 1,2 Амталгаа",Protein cream 400g peanut butter smooth,1,12575.04
2610,PN Store,2511,2/16/2024,"Наадам 1,2 Амталгаа",Ундаа Collagen vibe 330ml Mojito,9,22699.4
2611,PN Store,2511,2/16/2024,"Наадам 1,2 Амталгаа",Protein cream 400g Chocolate hazelnut,1,12725.15
2612,PN Store,2511,2/16/2024,"Наадам 1,2 Амталгаа",Ундаа Collagen vibe 330ml Passion fruit,15,37533.76
2613,PN Store,2511,2/16/2024,"Наадам 1,2 Амталгаа",Protein cream 400g Duo white chocolate-chocolate,1,12520.29
2614,PN Store,2511,2/16/2024,"Наадам 1,2 Амталгаа",L-Carnitine 100.000 - Apple 500ml,1,49763.53
2615,PN Store,2511,2/16/2024,"Наадам 1,2 Амталгаа",Protein cream 400g White chocolate Hazelnut,2,25214.81
2616,PN Store,2511,2/16/2024,"Наадам 1,2 Амталгаа",Ундаа Collagen vibe 330ml Pineapple coconut,48,108377.52
2617,PN Store,2511,2/16/2024,"Наадам 1,2 Амталгаа",Protein bar 15*55g Choco caramel,5,16721.72
2618,PN Store,2511,2/16/2024,"Наадам 1,2 Амталгаа",Protein cream 400g Caramel,1,12504.22
2619,PN Store,2512,2/16/2024,Бэлэг smart дээр үлдэгдэл хүрэлцэхгүй баритм гаргаагүй ,Protein cream 400g Duo white chocolate-chocolate,2,25040.58
2620,PN Store,2512,2/16/2024,Бэлэг smart дээр үлдэгдэл хүрэлцэхгүй баритм гаргаагүй ,Protein cream 400g Caramel,2,25008.43
2621,PN Store,2512,2/16/2024,Бэлэг smart дээр үлдэгдэл хүрэлцэхгүй баритм гаргаагүй ,Protein cream 400g Chocolate hazelnut,2,25450.3
2622,PN Store,2516,2/17/2024,Наадам 2 Амталгаа,Protein cream 400g peanut butter smooth,1,12575.05
2623,PN Store,2516,2/17/2024,Наадам 2 Амталгаа,Protein cream 400g Duo white chocolate-chocolate,1,12520.29
2624,PN Store,2516,2/17/2024,Наадам 2 Амталгаа,Protein cream 400g Caramel,1,12504.22
2625,PN Store,2516,2/17/2024,Наадам 2 Амталгаа,Protein cream 400g Chocolate hazelnut,3,38175.46
2626,PN Store,2517,2/17/2024,New Fitness,L-Carnitine 100.000 - Cherry 500ml,1,50846.28
2627,PN Store,2517,2/17/2024,New Fitness,Protein bar 15*55g Cookies cream,15,50077.46
2628,PN Store,2517,2/17/2024,New Fitness,Protein cream 400g White chocolate Hazelnut,1,12607.41
2629,PN Store,2517,2/17/2024,New Fitness,Protein cream 400g Chocolate hazelnut,1,12725.15
2630,PN Store,2517,2/17/2024,New Fitness,Ундаа Collagen vibe 330ml Mojito,24,60531.73
2631,PN Store,2517,2/17/2024,New Fitness,Protein cream 400g Caramel,1,12504.22
2632,PN Store,2517,2/17/2024,New Fitness,Ундаа Collagen vibe 330ml Pineapple coconut,24,54188.76
2633,PN Store,2517,2/17/2024,New Fitness,Ундаа Collagen vibe 330ml Passion fruit,24,60054.01
2634,PN Store,2517,2/17/2024,New Fitness,L-Carnitine powder 300g,1,35271.54
2635,PN Store,2539,2/21/2024,Ажилчдын хэрэглээ,ISO Whey sample - Bananas 25g,3,9010.91
2636,PN Store,2539,2/21/2024,Ажилчдын хэрэглээ,Magna shot 25ml,3,11926.22
2637,PN Store,2539,2/21/2024,Ажилчдын хэрэглээ,ISO Whey sample - Strawberry 25g,3,8851.88
2638,PN Store,2539,2/21/2024,Ажилчдын хэрэглээ,L-Carnitine 100.000 - Apple 500ml,1,49763.53
2639,PN Store,2553,2/22/2024,Ажилчдын хэрэглээ,Protein cream 400g White chocolate Hazelnut,1,12607.41
2640,PN Store,2553,2/22/2024,Ажилчдын хэрэглээ,Protein cream 400g Duo white chocolate-chocolate,3,37560.87
2641,PN Store,2553,2/22/2024,Ажилчдын хэрэглээ,Protein cream 400g Chocolate hazelnut,2,25450.3
2642,PN Store,2563,2/23/2024,Ажилчдын хэрэглээ,Bedford 7,1,16436.69
2643,PN Store,2563,2/23/2024,Ажилчдын хэрэглээ,Magna shot 25ml,5,19877.04
2644,PN Store,2563,2/23/2024,Ажилчдын хэрэглээ,Power BCAA - Watermelon 420g,1,39631.47
2645,PN Store,2566,2/24/2024,УЧКА ХАМТ ӨМНӨ САРЫН ЗӨРҮҮ НИЙЛҮҮЛЖ АВАВ,ISO Whey 500g - Banana,4,229724.66
2646,PN Store,2566,2/24/2024,УЧКА ХАМТ ӨМНӨ САРЫН ЗӨРҮҮ НИЙЛҮҮЛЖ АВАВ,ISO Whey 500g - Strawberry,1,54782.01
2647,PN Store,2566,2/24/2024,УЧКА ХАМТ ӨМНӨ САРЫН ЗӨРҮҮ НИЙЛҮҮЛЖ АВАВ,Peanut butter 400g smooth Biotech,1,15636.6
2648,PN Store,2566,2/24/2024,УЧКА ХАМТ ӨМНӨ САРЫН ЗӨРҮҮ НИЙЛҮҮЛЖ АВАВ,Crush Bar - Cookiescream 64g,2,12689.76
2649,PN Store,2566,2/24/2024,УЧКА ХАМТ ӨМНӨ САРЫН ЗӨРҮҮ НИЙЛҮҮЛЖ АВАВ,Hyper Mass - Vanilla 1kg,1,45538.58
2650,PN Store,2566,2/24/2024,УЧКА ХАМТ ӨМНӨ САРЫН ЗӨРҮҮ НИЙЛҮҮЛЖ АВАВ,Crush Bar - Toffee coconut 64g,2,12771.57
2651,PN Store,2566,2/24/2024,УЧКА ХАМТ ӨМНӨ САРЫН ЗӨРҮҮ НИЙЛҮҮЛЖ АВАВ,Power Testo 120caps,2,56877.06
2652,PN Store,2566,2/24/2024,УЧКА ХАМТ ӨМНӨ САРЫН ЗӨРҮҮ НИЙЛҮҮЛЖ АВАВ,Nitrox - Tropical 680гр,1,56972.12
2653,PN Store,2566,2/24/2024,УЧКА ХАМТ ӨМНӨ САРЫН ЗӨРҮҮ НИЙЛҮҮЛЖ АВАВ,Power BCAA - Watermelon 420g,1,39631.47
2654,PN Store,2566,2/24/2024,УЧКА ХАМТ ӨМНӨ САРЫН ЗӨРҮҮ НИЙЛҮҮЛЖ АВАВ,Protein cream 400g peanut butter smooth,2,25150.09
2655,PN Store,2566,2/24/2024,УЧКА ХАМТ ӨМНӨ САРЫН ЗӨРҮҮ НИЙЛҮҮЛЖ АВАВ,Hyper Mass - Chocolate 1kg,2,90733.68
2656,PN Store,2566,2/24/2024,УЧКА ХАМТ ӨМНӨ САРЫН ЗӨРҮҮ НИЙЛҮҮЛЖ АВАВ,Protein bar 15*55g Choco caramel,3,10033.03
2657,PN Store,2566,2/24/2024,УЧКА ХАМТ ӨМНӨ САРЫН ЗӨРҮҮ НИЙЛҮҮЛЖ АВАВ,Crush Bar - Chocolate 64g,2,12688
2658,PN Store,2566,2/24/2024,УЧКА ХАМТ ӨМНӨ САРЫН ЗӨРҮҮ НИЙЛҮҮЛЖ АВАВ,L-Carnitine powder 300g,2,70543.07
2659,PN Store,2566,2/24/2024,УЧКА ХАМТ ӨМНӨ САРЫН ЗӨРҮҮ НИЙЛҮҮЛЖ АВАВ,Oatmeal 1kg chocolate,1,28727.1
2660,PN Store,2566,2/24/2024,УЧКА ХАМТ ӨМНӨ САРЫН ЗӨРҮҮ НИЙЛҮҮЛЖ АВАВ,ISO Whey 500g - Vanilla,2,112879.86
2661,PN Store,2566,2/24/2024,УЧКА ХАМТ ӨМНӨ САРЫН ЗӨРҮҮ НИЙЛҮҮЛЖ АВАВ,ISO Whey 500g - Chocolate,12,715206.19
2662,PN Store,2566,2/24/2024,УЧКА ХАМТ ӨМНӨ САРЫН ЗӨРҮҮ НИЙЛҮҮЛЖ АВАВ,Vitamin C 60ш,1,11879.47
2663,PN Store,2566,2/24/2024,УЧКА ХАМТ ӨМНӨ САРЫН ЗӨРҮҮ НИЙЛҮҮЛЖ АВАВ,Zero bar Banana 50g,2,9799.17
2664,PN Store,2569,2/25/2024,Хэрэглээ 2 сар,Crush Bar - Toffee coconut 64g,2,12771.57
2665,PN Store,2569,2/25/2024,Хэрэглээ 2 сар,Nitrox - Cranberry 680гр,1,57775.93
2666,PN Store,2569,2/25/2024,Хэрэглээ 2 сар,ISO Whey 500g - Chocolate,1,59600.52
2667,PN Store,2569,2/25/2024,Хэрэглээ 2 сар,Multivitamin  90ш,1,12952.41
2668,PN Store,2569,2/25/2024,Хэрэглээ 2 сар,Omega 3 /90ш/,1,12596.2
2669,PN Store,2570,2/25/2024,Хэрэглээ 2-р сар,ISO Whey 500g - Coconut,2,121912.51
2670,PN Store,2570,2/25/2024,Хэрэглээ 2-р сар,Crush Bar - Cookiescream 64g,2,12689.76
2671,PN Store,2570,2/25/2024,Хэрэглээ 2-р сар,ISO Whey 500g - Chocolate,2,119201.03
2672,PN Store,2570,2/25/2024,Хэрэглээ 2-р сар,EAA Zero 350g Lemon,1,50070.01
2673,PN Store,2570,2/25/2024,Хэрэглээ 2-р сар,Peanut butter 400g smooth Biotech,3,46909.81
2674,PN Store,2570,2/25/2024,Хэрэглээ 2-р сар,EAA Zero 350g blue grape,1,50126.59
2675,PN Store,2570,2/25/2024,Хэрэглээ 2-р сар,Zero bar Chocolate 50g,20,83441.47
2676,PN Store,2570,2/25/2024,Хэрэглээ 2-р сар,Protein bar 15*55g Choco caramel,2,6688.69
2677,PN Store,2571,2/25/2024,Хэрэглээ 1-3 сар,Crush Bar - Cookiescream 64g,12,76138.53
2678,PN Store,2571,2/25/2024,Хэрэглээ 1-3 сар,ISO Whey 500g - Strawberry,1,54782.01
2679,PN Store,2571,2/25/2024,Хэрэглээ 1-3 сар,L-Carnitine powder 300g,2,70543.07
2680,PN Store,2571,2/25/2024,Хэрэглээ 1-3 сар,Nitrox - Cranberry 680гр,2,115551.86
2681,PN Store,2571,2/25/2024,Хэрэглээ 1-3 сар,ISO Whey 500g - Chocolate,6,357603.1
2682,PN Store,2571,2/25/2024,Хэрэглээ 1-3 сар,EAA Zero 350g blue grape,1,50126.59
2683,PN Store,2571,2/25/2024,Хэрэглээ 1-3 сар,Crush Bar - Toffee coconut 64g,36,229888.32
2684,PN Store,2571,2/25/2024,Хэрэглээ 1-3 сар,Nitrox - Tropical 680гр,2,113944.24
2685,PN Store,2571,2/25/2024,Хэрэглээ 1-3 сар,EAA Zero 350g Lemon,2,100140.03
2686,PN Store,2571,2/25/2024,Хэрэглээ 1-3 сар,Power BCAA - Watermelon 420g,2,79262.95
2687,PN Store,2571,2/25/2024,Хэрэглээ 1-3 сар,Hyper Mass - Vanilla 1kg,2,91077.17
2688,PN Store,2571,2/25/2024,Хэрэглээ 1-3 сар,L-Glutamine 240гр,6,216423.98
2689,PN Store,2571,2/25/2024,Хэрэглээ 1-3 сар,ISO Whey 500g - White chocolate,3,182868.77
2690,PN Store,2571,2/25/2024,Хэрэглээ 1-3 сар,Crush Bar - Chocolate 64g,12,76128
2691,PN Store,2571,2/25/2024,Хэрэглээ 1-3 сар,ISO Whey 500g - Coconut,5,304781.27
2692,PN Store,2581,2/27/2024,msports podcast,Ундаа Collagen vibe 330ml Passion fruit,5,12511.25
2693,PN Store,2581,2/27/2024,msports podcast,Protein bar 15*55g Cookies cream,2,6677
2694,PN Store,2581,2/27/2024,msports podcast,Protein cream 400g White chocolate Hazelnut,2,25214.81
2695,PN Store,2581,2/27/2024,msports podcast,Protein bar 15*55g Caramel peanuts,2,7301.07
2696,PN Store,2581,2/27/2024,msports podcast,Protein snap,4,8245.3
2697,PN Store,2581,2/27/2024,msports podcast,Protein bar 15*55g Choco caramel,2,6688.69
2698,PN Store,2581,2/27/2024,msports podcast,Ундаа Collagen vibe 330ml Mojito,6,15132.93
2699,PN Store,2581,2/27/2024,msports podcast,Ундаа Collagen vibe 330ml Pineapple coconut,5,11289.32
2700,PN Store,2582,2/27/2024,Ажилчдын хэрэглээ,Ундаа Amino 330ml Passion fruit,24,57136.74
2701,PN Store,2582,2/27/2024,Ажилчдын хэрэглээ,Ундаа Collagen vibe 330ml Mojito,24,60531.73
2702,PN Store,2582,2/27/2024,Ажилчдын хэрэглээ,Club mate 500мл,20,65205.16
2703,PN Store,2592,2/28/2024,Хэрэглээ,Zero bar Chocolate 50g,10,41720.73
2704,PN Store,2592,2/28/2024,Хэрэглээ,Power BCAA - Watermelon 420g,8,317051.78
2705,PN Store,2592,2/28/2024,Хэрэглээ,ISO Whey 500g - Banana,5,287155.82
2706,PN Store,2592,2/28/2024,Хэрэглээ,Zero bar Banana 50g,6,15724.25
2707,PN Store,2592,2/28/2024,Хэрэглээ,Protein snap,5,10306.62
2708,PN Store,2592,2/28/2024,Хэрэглээ,ISO Whey 500g - Strawberry,10,547820.14
2709,PN Store,2592,2/28/2024,Хэрэглээ,Zero bar Hazelnut 50g,10,42376.43
2710,PN Store,2592,2/28/2024,Хэрэглээ,ISO Whey 500g - Chocolate,6,357534.63
2711,PN Store,2595,2/28/2024,Акт,Crush Bar - Cookiescream 64g,4,25379.51
2712,PN Store,2595,2/28/2024,Акт,Club mate 330мл,18,55640.76
2713,PN Store,2595,2/28/2024,Акт,Ундаа Amino 330ml Waikiki,40,0
2714,PN Store,2595,2/28/2024,Акт,Ундаа Amino 330ml Super pear,72,200443.95
2715,PN Store,2595,2/28/2024,Акт,Ундаа Amino 330ml Raspberry,19,0
2716,PN Store,2704,3/1/2024,Bodybuilding холбоонд сурталчилгаанд,Protein bar nanosupps,15,48692
2717,PN Store,2704,3/1/2024,Bodybuilding холбоонд сурталчилгаанд,Zero bar,20,114617.46
2718,PN Store,2704,3/1/2024,Bodybuilding холбоонд сурталчилгаанд,Collagen vibe 330мл,24,58353.67
2719,PN Store,2713,3/3/2024,Ажилчдын хэрэглээ,Oatmeal 1000гр,1,30121.33
2720,PN Store,2713,3/3/2024,Ажилчдын хэрэглээ,L-Glutamine 240гр,1,36070.66
2721,PN Store,2713,3/3/2024,Ажилчдын хэрэглээ,Shaker 600ml /угсардаг нэмэлттэй/ таслагчтай,1,13516.39
2722,PN Store,2726,3/5/2024,Video-нд,Peanut butter 400гр,1,14599.93
2723,PN Store,2727,3/5/2024,M-Sports,Collagen vibe 330мл,10,24314.03
2724,PN Store,2727,3/5/2024,M-Sports,Protein bar nanosupps,5,16230.67
2725,PN Store,2728,3/5/2024,Ажилчдын хэрэглээ,Power Mass,1,109828.77
2726,PN Store,2729,3/5/2024,Ажилчдын хэрэглээ,ISO Whey sample,1,2954
2727,PN Store,2729,3/5/2024,Ажилчдын хэрэглээ,Shaker 600ml /угсардаг нэмэлттэй/ таслагчтай,1,13516.39
2728,PN Store,2729,3/5/2024,Ажилчдын хэрэглээ,EAA Zero 350гр,1,52821.59
2729,PN Store,2729,3/5/2024,Ажилчдын хэрэглээ,ISO Whey 500гр,1,58361.76
2730,PN Store,2742,3/7/2024,Хэрэглээ,L-Glutamine 240гр,2,72141.33
2731,PN Store,2742,3/7/2024,Хэрэглээ,Peanut butter 400гр,1,14599.93
2732,PN Store,2742,3/7/2024,Хэрэглээ,EAA Zero 350гр,2,105643.18
2733,PN Store,2742,3/7/2024,Хэрэглээ,Hyper Mass 1000гр,1,45278.02
2734,PN Store,2742,3/7/2024,Хэрэглээ,ISO Whey 500гр,2,116723.51
2735,PN Store,2742,3/7/2024,Хэрэглээ,Protein bar nanosupps,15,48692
2736,PN Store,2742,3/7/2024,Хэрэглээ,Shaker 600ml,1,5622.81
2737,PN Store,2742,3/7/2024,Хэрэглээ,Magna shot 25ml,20,79508.16
2738,PN Store,2749,3/10/2024,Хэрэглээ,Hyper Mass 1000гр,1,45278.02
2739,PN Store,2749,3/10/2024,Хэрэглээ,ISO Whey 500гр,2,116723.51
2740,PN Store,2749,3/10/2024,Хэрэглээ,Power Casein,1,60767.93
2741,PN Store,2749,3/10/2024,Хэрэглээ,L-Carnitine powder 300g,1,35271.39
2742,PN Store,2750,3/10/2024,Reels Хийхэд,Energy Gel ,9,31333.2
2743,PN Store,2750,3/10/2024,Reels Хийхэд,Peanut butter 400гр,1,14599.93
2744,PN Store,2750,3/10/2024,Reels Хийхэд,Oatmeal 1000гр,2,60242.66
2745,PN Store,2751,3/10/2024,Ажилчдын хэрэглээ,Hyper Mass 1000гр,1,45278.02
2746,PN Store,2751,3/10/2024,Ажилчдын хэрэглээ,Power BCAA,1,39621.96
2747,PN Store,2751,3/10/2024,Ажилчдын хэрэглээ,Crush Bar,2,12707.07
2748,PN Store,2752,3/10/2024,Ажилчдын хэрэглээ,Power Testo 120caps,1,28438.53
2749,PN Store,2752,3/10/2024,Ажилчдын хэрэглээ,Hyper Mass 1000гр,1,45278.02
2750,PN Store,2752,3/10/2024,Ажилчдын хэрэглээ,Protein bar nanosupps,2,6492.27
2751,PN Store,2795,3/15/2024,Хэрэглээ,Omega 3 /90ш/,2,25192.46
2752,PN Store,2796,3/15/2024,Оч ах,Power BCAA,1,39621.96
2753,PN Store,2799,3/16/2024,Ажилчдын хэрэглээ,Oatmeal 1000гр,2,60242.66
2754,PN Store,2800,3/16/2024,Ажилчдын хэрэглээ,Energy Gel ,1,3481.47
2755,PN Store,2800,3/16/2024,Ажилчдын хэрэглээ,Oatmeal 1000гр,2,60242.66
2756,PN Store,2800,3/16/2024,Ажилчдын хэрэглээ,Peanut butter 400гр,1,14599.93
2757,PN Store,2803,3/17/2024,Ажилчдын хэрэглээ,Power Mass,1,109828.77
2758,PN Store,2803,3/17/2024,Ажилчдын хэрэглээ,Peanut butter 400гр,1,14599.93
2759,PN Store,2829,3/21/2024,Ажилчдын хэрэглээ,Protein bar nanosupps,2,6492.27
2760,PN Store,2829,3/21/2024,Ажилчдын хэрэглээ,Oatmeal 1000гр,1,30121.33
2761,PN Store,2829,3/21/2024,Ажилчдын хэрэглээ,Protein cream 400гр,6,75894.09
2762,PN Store,2829,3/21/2024,Ажилчдын хэрэглээ,Zero bar,2,11461.75
2763,PN Store,2829,3/21/2024,Ажилчдын хэрэглээ,Protein snap,2,4122.65
2764,PN Store,2829,3/21/2024,Ажилчдын хэрэглээ,Crush Bar,3,19060.6
2765,PN Store,2839,3/22/2024,Хэрэглээ,Crush Bar,6,38121.2
2766,PN Store,2839,3/22/2024,Хэрэглээ,Protein snap,6,12367.95
2767,PN Store,2839,3/22/2024,Хэрэглээ,ISO Whey 500гр,2,116723.51
2768,PN Store,2839,3/22/2024,Хэрэглээ,Zero bar,52,298005.4
2769,PN Store,2839,3/22/2024,Хэрэглээ,Nitrox sample,11,5847
2770,PN Store,2840,3/22/2024,Хотын аварга - Маркетинг,Collagen vibe 330мл,48,116707.34
2771,PN Store,2842,3/22/2024,Ажилчдын хэрэглээ,ISO Whey sample,5,14770
2772,PN Store,2842,3/22/2024,Ажилчдын хэрэглээ,Shaker 600ml /угсардаг нэмэлттэй/ таслагчтай,1,13516.39
2773,PN Store,2860,3/26/2024,Хэрэглээ,Multivitamin  90ш,8,103619.24
2774,PN Store,2860,3/26/2024,Хэрэглээ,Energy Gel Professional,133,498050.56
2775,PN Store,2860,3/26/2024,Хэрэглээ,EAA Zero 350гр,4,211286.35
2776,PN Store,2860,3/26/2024,Хэрэглээ,Arthro forte 340g blackcurrent,2,0
2777,PN Store,2860,3/26/2024,Хэрэглээ,Power BCAA,4,158487.84
2778,PN Store,2861,3/26/2024,Хэрэглээ,Collagen vibe 330мл,30,72942.09
2779,PN Store,2861,3/26/2024,Хэрэглээ,Crush Bar,2,12707.07
2780,PN Store,2861,3/26/2024,Хэрэглээ,ISO Whey 500гр,2,116723.51
2781,PN Store,2861,3/26/2024,Хэрэглээ,Peanut butter 400гр,1,14599.94
2782,PN Store,2861,3/26/2024,Хэрэглээ,Oatmeal 1000гр,1,30121.33
2783,PN Store,2861,3/26/2024,Хэрэглээ,Protein bar nanosupps,2,6492.27
2784,PN Store,2861,3/26/2024,Хэрэглээ,Protein cream 400гр,1,12649.01
2785,PN Store,2861,3/26/2024,Хэрэглээ,Club mate 500мл,1,3260.26
2786,PN Store,2861,3/26/2024,Хэрэглээ,Nitrox 680гр,1,57540.16
2787,PN Store,2862,3/26/2024, Хасу Мегабатт тэмцээн Ивээн тэтгэлэг,ISO Whey sample,21,62034
2788,PN Store,2862,3/26/2024, Хасу Мегабатт тэмцээн Ивээн тэтгэлэг,Collagen vibe 330мл,75,182355.22
2789,PN Store,2862,3/26/2024, Хасу Мегабатт тэмцээн Ивээн тэтгэлэг,Magna shot 25ml,6,23852.45
2790,PN Store,2862,3/26/2024, Хасу Мегабатт тэмцээн Ивээн тэтгэлэг,L-Carnitine shot,8,30636.92
2791,PN Store,2862,3/26/2024, Хасу Мегабатт тэмцээн Ивээн тэтгэлэг,Nitrox sample,20,10630.92
2792,PN Store,2862,3/26/2024, Хасу Мегабатт тэмцээн Ивээн тэтгэлэг,Vitamin C 60ш,2,23758.95
2793,PN Store,2862,3/26/2024, Хасу Мегабатт тэмцээн Ивээн тэтгэлэг,Protein cream 400гр,7,88543.1
2794,PN Store,2868,3/27/2024,Ажилчдын хэрэглээ,Oatmeal 1000гр,1,30121.33
2795,PN Store,2868,3/27/2024,Ажилчдын хэрэглээ,Protein snap,3,6183.97
2796,PN Store,2868,3/27/2024,Ажилчдын хэрэглээ,Protein cream 400гр,1,12649.01
2797,PN Store,2868,3/27/2024,Ажилчдын хэрэглээ,Crush Bar,4,25414.14
2798,PN Store,2868,3/27/2024,Ажилчдын хэрэглээ,Multivitamin  90ш,3,38857.22
2799,PN Store,2880,3/28/2024,Акт,Energy Gel Professional,13,46536
2800,PN Store,2880,3/28/2024,Акт,Collagen vibe 330мл,97,235846.08
2801,PN Store,2880,3/28/2024,Акт,Energy Gel ,13,45259.06
2802,PN Store,2880,3/28/2024,Акт,Protein bar nanosupps,12,38953.61
2803,PN Store,2880,3/28/2024,Акт,Protein cream 400гр,2,25298.03
2804,PN Store,2880,3/28/2024,Акт,Peanut butter 400гр,15,218996.05
2805,PN Store,2881,3/28/2024,Ажилчдын хэрэглээ,Collagen vibe 330мл,24,58353.67
2806,PN Store,2881,3/28/2024,Ажилчдын хэрэглээ,Club mate 500мл,20,65205.18
2807,PN Store,2882,3/28/2024,Ажилчдын хэрэглээ,Magna shot 25ml,3,11926.22
2808,PN Store,2882,3/28/2024,Ажилчдын хэрэглээ,Arthro forte 340g blackcurrent,1,0
2809,PN Store,2882,3/28/2024,Ажилчдын хэрэглээ,Crush Bar,1,6353.53
2810,PN Store,2882,3/28/2024,Ажилчдын хэрэглээ,Protein bar nanosupps,11,35707.48
2811,PN Store,2882,3/28/2024,Ажилчдын хэрэглээ,Protein cream 400гр,1,12649.02
2812,PN Store,2883,3/28/2024,Ажилчдын хэрэглээ,Hyper mass sample,6,19882.24
2813,PN Store,2898,3/31/2024,Хэрэглээ,L-Glutamine 240гр,4,144282.66
2814,PN Store,2898,3/31/2024,Хэрэглээ,Protein bar nanosupps,30,97384.03
2815,PN Store,2898,3/31/2024,Хэрэглээ,ISO Whey 500гр,6,350192.36
2816,PN Store,2898,3/31/2024,Хэрэглээ,Hyper Mass 1000гр,3,135834.04
2817,PN Store,2898,3/31/2024,Хэрэглээ,Zero bar,2,11461.75
2818,PN Store,2898,3/31/2024,Хэрэглээ,Protein snap,1,2058.79
2819,PN Store,2898,3/31/2024,Хэрэглээ,L-Carnitine 100.000,2,100843.79
2820,PN Store,2899,3/31/2024,Учралтай хамт хэрэглээ,Power Mass,1,109875.44
2821,PN Store,2899,3/31/2024,Учралтай хамт хэрэглээ,Zero bar,5,28654.37
2822,PN Store,2899,3/31/2024,Учралтай хамт хэрэглээ,L-Glutamine 240гр,1,36070.66
2823,PN Store,2899,3/31/2024,Учралтай хамт хэрэглээ,Oatmeal 1000гр,1,30121.33
2824,PN Store,2899,3/31/2024,Учралтай хамт хэрэглээ,Power BCAA,2,79243.92
2825,PN Store,2899,3/31/2024,Учралтай хамт хэрэглээ,Hyper Mass 1000гр,1,45278.01
2826,PN Store,2899,3/31/2024,Учралтай хамт хэрэглээ,Peanut butter 400гр,1,14599.74
2827,PN Store,2899,3/31/2024,Учралтай хамт хэрэглээ,ISO Whey 500гр,11,642019.32
2828,PN Store,2899,3/31/2024,Учралтай хамт хэрэглээ,L-Carnitine powder 300g,2,70542.78
2829,PN Store,2899,3/31/2024,Учралтай хамт хэрэглээ,Protein bar nanosupps,7,22722.94
2830,PN Store,2899,3/31/2024,Учралтай хамт хэрэглээ,Nitrox sample,10,5315.46
2831,PN Store,2900,3/31/2024,Оргил reel хийхэд,Multivitamin  90ш,2,25904.81
2832,PN Store,2900,3/31/2024,Оргил reel хийхэд,ISO Whey 500гр,1,58365.39
2833,PN Store,2900,3/31/2024,Оргил reel хийхэд,Protein snap,4,8235.15
2834,PN Store,2900,3/31/2024,Оргил reel хийхэд,Oatmeal 1000гр,2,60242.66
2835,PN Store,2900,3/31/2024,Оргил reel хийхэд,Club mate 500мл,3,9780.78
2836,PN Store,2900,3/31/2024,Оргил reel хийхэд,Collagen vibe 330мл,3,7294.21
2837,PN Store,2900,3/31/2024,Оргил reel хийхэд,Vitamin C 60ш,3,35638.42
2838,PN Store,2900,3/31/2024,Оргил reel хийхэд,Protein bar nanosupps,8,25969.08
2839,PN Store,2900,3/31/2024,Оргил reel хийхэд,EAA Zero 350гр,1,52821.58
2840,PN Store,2905,4/1/2024,Хэрэглээ,Oatmeal 1000гр,4,120485.31
2841,PN Store,2905,4/1/2024,Хэрэглээ,Nitrox sample,1,531.55
2842,PN Store,2905,4/1/2024,Хэрэглээ,L-Glutamine 240гр,4,144282.66
2843,PN Store,2905,4/1/2024,Хэрэглээ,ISO Whey 500гр,5,291826.97
2844,PN Store,2905,4/1/2024,Хэрэглээ,L-Carnitine shot,20,76592.3
2845,PN Store,2909,4/2/2024,Golds Menu туршилт,Peanut butter 400гр,1,14599.74
2846,PN Store,2909,4/2/2024,Golds Menu туршилт,Oatmeal 1000гр,1,30121.33
2847,PN Store,2909,4/2/2024,Golds Menu туршилт,Ice cream powder 500гр,1,31095.46
2848,PN Store,2909,4/2/2024,Golds Menu туршилт,Protein cream 400гр,1,12649.02
2849,PN Store,2909,4/2/2024,Golds Menu туршилт,Protein bar nanosupps,2,6492.27
2850,PN Store,2926,4/3/2024,Ажилчдын хэрэглээ,Power Casein,1,60767.93
2851,PN Store,2926,4/3/2024,Ажилчдын хэрэглээ,Omega 3 /90ш/,1,12596.23
2852,PN Store,2926,4/3/2024,Ажилчдын хэрэглээ,Vitamin D3 K2 /60ш/,1,6778.73
2853,PN Store,2927,4/3/2024,Ажилчдын хэрэглээ,Power BCAA,1,39621.96
2854,PN Store,2927,4/3/2024,Ажилчдын хэрэглээ,Multivitamin  90ш,1,12952.41
2855,PN Store,2943,4/5/2024,Ажилчдын хэрэглээ,Oatmeal 1000гр,1,30121.33
2856,PN Store,2943,4/5/2024,Ажилчдын хэрэглээ,Protein cream 400гр,1,12649.02
2857,PN Store,2943,4/5/2024,Ажилчдын хэрэглээ,Zero bar,1,5730.87
2858,PN Store,2943,4/5/2024,Ажилчдын хэрэглээ,Power Casein,1,60767.93
2859,PN Store,2943,4/5/2024,Ажилчдын хэрэглээ,ZMA 60ш,1,7145.76
2860,PN Store,2944,4/5/2024,Ажилчдын хэрэглээ,L-Carnitine powder 300g,3,105814.17
2861,PN Store,2944,4/5/2024,Ажилчдын хэрэглээ,Protein cream 400гр,3,37947.05
2862,PN Store,2950,4/7/2024,Ажилчдын хэрэглээ,Protein bar nanosupps,15,48692.02
2863,PN Store,2950,4/7/2024,Ажилчдын хэрэглээ,Power BCAA,1,39621.96
2864,PN Store,2950,4/7/2024,Ажилчдын хэрэглээ,Power Casein,1,60767.93
2865,PN Store,2950,4/7/2024,Ажилчдын хэрэглээ,Protein cream 400гр,1,12649.02
2866,PN Store,2965,4/9/2024,Хэрэглээ,L-Carnitine 100.000,1,50421.9
2867,PN Store,2965,4/9/2024,Хэрэглээ,Protein bar nanosupps,10,32461.34
2868,PN Store,2965,4/9/2024,Хэрэглээ,Club mate 500мл,5,16301.29
2869,PN Store,2965,4/9/2024,Хэрэглээ,Collagen vibe 330мл,5,12157.01
2870,PN Store,2979,4/10/2024,Ажилчдын хэрэглээ,Oatmeal 1000гр,1,30121.33
2871,PN Store,2979,4/10/2024,Ажилчдын хэрэглээ,L-Carnitine 100.000,1,50421.9
2872,PN Store,2979,4/10/2024,Ажилчдын хэрэглээ,Protein bar nanosupps,3,9738.4
2873,PN Store,2979,4/10/2024,Ажилчдын хэрэглээ,Protein cream 400гр,3,37947.04
2874,PN Store,2980,4/10/2024,Ажилчдын хэрэглээ,Peanut butter 400гр,1,14599.73
2875,PN Store,2980,4/10/2024,Ажилчдын хэрэглээ,Protein cream 400гр,1,12649.01
2876,PN Store,2980,4/10/2024,Ажилчдын хэрэглээ,L-Carnitine powder 300g,1,35271.39
2877,PN Store,2981,4/10/2024,Ажилчдын хэрэглээ,Vitamin C 60ш,1,11879.47
2878,PN Store,2997,4/12/2024,Хасумегастар эмэгтэй тэмцээнд,Protein cream 400гр,8,101192.12
2879,PN Store,2997,4/12/2024,Хасумегастар эмэгтэй тэмцээнд,Protein bar nanosupps,16,51938.15
2880,PN Store,2997,4/12/2024,Хасумегастар эмэгтэй тэмцээнд,Collagen vibe 330мл,64,155609.78
2881,PN Store,3036,4/20/2024,Хэрэглээ,Collagen vibe 330мл,27,65647.88
2882,PN Store,3036,4/20/2024,Хэрэглээ,ZMA 60ш,1,7145.76
2883,PN Store,3036,4/20/2024,Хэрэглээ,Protein bar nanosupps,16,51938.15
2884,PN Store,3036,4/20/2024,Хэрэглээ,Vitamin D3 K2 /60ш/,1,6778.73
2885,PN Store,3036,4/20/2024,Хэрэглээ,Multivitamin  90ш,1,12952.41
2886,PN Store,3050,4/23/2024,Шинжилгээнд дээж,Power Whey 2250гр,1,0
2887,PN Store,3050,4/23/2024,Шинжилгээнд дээж,Power Creatine 300гр,1,24085.45
2888,PN Store,3069,4/25/2024,Canis Tsenguun хэрэглээ,Power Creatine 300гр,1,24085.45
2889,PN Store,3069,4/25/2024,Canis Tsenguun хэрэглээ,Power Casein,1,60767.93
2890,PN Store,3069,4/25/2024,Canis Tsenguun хэрэглээ,ZMA 60ш,1,7145.76
2891,PN Store,3069,4/25/2024,Canis Tsenguun хэрэглээ,Vitamin D3 K2 /60ш/,1,6778.73
2892,PN Store,3089,4/29/2024,Ажилчдын хэрэглээ,Omega 3 /90ш/,1,12596.23
2893,PN Store,3089,4/29/2024,Ажилчдын хэрэглээ,Power Casein,1,60767.93
2894,PN Store,3089,4/29/2024,Ажилчдын хэрэглээ,ZMA 60ш,1,7145.76
2895,PN Store,3090,4/29/2024,Акт,ISO Whey sample,1,2954
2896,PN Store,3090,4/29/2024,Акт,Oatmeal 1000гр,12,361455.92
2897,PN Store,3090,4/29/2024,Акт,Protein bar nanosupps,23,66046.36
2898,PN Store,3090,4/29/2024,Акт,Protein cream 400гр,31,392119.47
2899,PN Store,3090,4/29/2024,Акт,Collagen vibe 330мл,172,418201.56
2900,PN Store,3090,4/29/2024,Акт,Power Casein,1,60767.93
2901,PN Store,3091,4/29/2024,Ажилчдын хэрэглээ,Collagen vibe 330мл,24,58353.71
2902,PN Store,3091,4/29/2024,Ажилчдын хэрэглээ,Club mate 500мл,20,65205.18
2903,PN Store,3100,4/30/2024,Хэрэглээ,Protein bar nanosupps,2,5743.16
2904,PN Store,3100,4/30/2024,Хэрэглээ,Bedford 2,1,6238.67
2905,PN Store,3100,4/30/2024,Хэрэглээ,ISO Whey sample,10,29540
2906,PN Store,3123,5/2/2024,Ажилчдын хэрэглээ,L-Carnitine powder 300g,3,105814.18
2907,PN Store,3123,5/2/2024,Ажилчдын хэрэглээ,Collagen vibe 330мл,3,7294.21
2908,PN Store,3123,5/2/2024,Ажилчдын хэрэглээ,Oatmeal 1000гр,1,30121.33
2909,PN Store,3130,5/3/2024,Маркетингийн хэрэглээ (orgil),ISO Whey sample,20,59079.99
2910,PN Store,3130,5/3/2024,Маркетингийн хэрэглээ (orgil),Omega 3 /90ш/,1,12596.23
2911,PN Store,3130,5/3/2024,Маркетингийн хэрэглээ (orgil),Vitamin C 60ш,1,11879.47
2912,PN Store,3130,5/3/2024,Маркетингийн хэрэглээ (orgil),Protein cream 400гр,2,25298.03
2913,PN Store,3130,5/3/2024,Маркетингийн хэрэглээ (orgil),Collagen vibe 330мл,9,21882.64
2914,PN Store,3135,5/4/2024,Маркетингийн хэрэглээ,Collagen vibe 330мл,1,2431.4
2915,PN Store,3135,5/4/2024,Маркетингийн хэрэглээ,Power Casein,1,60767.93
2916,PN Store,3135,5/4/2024,Маркетингийн хэрэглээ,Hyper Mass 1000гр,5,226390.08
2917,PN Store,3135,5/4/2024,Маркетингийн хэрэглээ,L-Carnitine powder 300g,3,105814.18
2918,PN Store,3135,5/4/2024,Маркетингийн хэрэглээ,Nitrox 680гр,1,69737.08
2919,PN Store,3135,5/4/2024,Маркетингийн хэрэглээ,Protein cream 400гр,3,37947.04
2920,PN Store,3135,5/4/2024,Маркетингийн хэрэглээ,EAA Zero 350гр,1,76454.87
2921,PN Store,3162,5/8/2024,Маркетингийн хэрэглээ,Hyper Mass 1000гр,3,135834.05
2922,PN Store,3162,5/8/2024,Маркетингийн хэрэглээ,Power Casein,2,121535.86
2923,PN Store,3162,5/8/2024,Маркетингийн хэрэглээ,Collagen vibe 330мл,53,128864.43
2924,PN Store,3162,5/8/2024,Маркетингийн хэрэглээ,L-Carnitine 100.000,2,100843.79
2925,PN Store,3163,5/8/2024,Ажилчдын хэрэглээ,ISO Whey sample,1,2954
2926,PN Store,3163,5/8/2024,Ажилчдын хэрэглээ,Zero bar,1,4169.36
2927,PN Store,3163,5/8/2024,Ажилчдын хэрэглээ,Crush Bar,1,6026.41
2928,PN Store,3185,5/10/2024,Шинжилгээнд,Crush Bar,12,72316.95
2929,PN Store,3185,5/10/2024,Шинжилгээнд,Collagen vibe 330мл,20,48628.09
2930,PN Store,3186,5/10/2024,Маркетингийн хэрэглээ (ub marathon),Pump caffeine free sample,5,20834.28
2931,PN Store,3186,5/10/2024,Маркетингийн хэрэглээ (ub marathon),Collagen vibe 330мл,48,116707.41
2932,PN Store,3186,5/10/2024,Маркетингийн хэрэглээ (ub marathon),Black blood NOX+ 20g,20,84273.5
2933,PN Store,3192,5/11/2024,Маркетингийн хэрэглээ,Black blood NOX+ 20g,5,21068.37
2934,PN Store,3192,5/11/2024,Маркетингийн хэрэглээ,Pump caffeine free sample,5,20834.28
2935,PN Store,3192,5/11/2024,Маркетингийн хэрэглээ,Collagen vibe 330мл,48,116707.41
2936,PN Store,3197,5/12/2024,Маркетингийн хэрэглээ,Collagen vibe 330мл,25,60785.11
2937,PN Store,3197,5/12/2024,Маркетингийн хэрэглээ,Power Casein,1,60767.93
2938,PN Store,3202,5/13/2024,Маркетингийн хэрэглээ,Zero bar,10,41693.58
2939,PN Store,3202,5/13/2024,Маркетингийн хэрэглээ,MSM+ Vitamin C 150g,10,214041.77
2940,PN Store,3202,5/13/2024,Маркетингийн хэрэглээ,Nitrox 680гр,1,57055.86
2941,PN Store,3207,5/14/2024,Маркетингийн хэрэглээ,ISO Whey sample,10,29540
2942,PN Store,3207,5/14/2024,Маркетингийн хэрэглээ,Hyper mass sample,1,3313.72
2943,PN Store,3207,5/14/2024,Маркетингийн хэрэглээ,Black blood NOX+ 20g,1,4213.67
2944,PN Store,3207,5/14/2024,Маркетингийн хэрэглээ,Glucosamine 60caps,1,23362.49
2945,PN Store,3207,5/14/2024,Маркетингийн хэрэглээ,Collagen vibe 330мл,1,2431.4
2946,PN Store,3207,5/14/2024,Маркетингийн хэрэглээ,Pump caffeine free sample,1,4166.86
2947,PN Store,3207,5/14/2024,Маркетингийн хэрэглээ,Tribooster 60ш,1,35650.5
2948,PN Store,3207,5/14/2024,Маркетингийн хэрэглээ,ZMA 60ш,1,7145.76
2949,PN Store,3207,5/14/2024,Маркетингийн хэрэглээ,Shaker 600ml,1,4425.1
2950,PN Store,3223,5/15/2024,Ажилчдын хэрэглээ,Vitamin D3 K2 /60ш/,1,6778.73
2951,PN Store,3223,5/15/2024,Ажилчдын хэрэглээ,Shaker 600ml,1,4425.1
2952,PN Store,3223,5/15/2024,Ажилчдын хэрэглээ,Power Casein,2,121535.86
2953,PN Store,3224,5/15/2024,Ажилчдын хэрэглээ,L-Carnitine 100.000,1,50421.9
2954,PN Store,3224,5/15/2024,Ажилчдын хэрэглээ,Glucosamine 60caps,1,23362.49
2955,PN Store,3224,5/15/2024,Ажилчдын хэрэглээ,MSM+ Vitamin C 150g,1,21404.18
2956,PN Store,3224,5/15/2024,Ажилчдын хэрэглээ,Crush Bar,1,6026.41
2957,PN Store,3224,5/15/2024,Ажилчдын хэрэглээ,Power Casein,1,60767.93
2958,PN Store,3224,5/15/2024,Ажилчдын хэрэглээ,Protein cream 400гр,2,25298.03
2959,PN Store,3225,5/15/2024,Ажилчдын хэрэглээ,Vitamin D3 K2 /60ш/,1,6778.73
2960,PN Store,3225,5/15/2024,Ажилчдын хэрэглээ,Zinc 60ш,1,7543.61
2961,PN Store,3225,5/15/2024,Ажилчдын хэрэглээ,Glucosamine 60caps,1,23362.49
2962,PN Store,3226,5/15/2024,Маркетингийн хэрэглээ,Collagen vibe 330мл,48,116707.41
2963,PN Store,3227,5/15/2024,Маркетингийн хэрэглээ,Collagen vibe 330мл,24,58353.71
2964,PN Store,3227,5/15/2024,Маркетингийн хэрэглээ,ISO Whey sample,20,59079.99
2965,PN Store,3227,5/15/2024,Маркетингийн хэрэглээ,Power Casein,1,60767.93
2966,PN Store,3227,5/15/2024,Маркетингийн хэрэглээ,L-Carnitine 100.000,1,50421.9
2967,PN Store,3227,5/15/2024,Маркетингийн хэрэглээ,Shaker 600ml,1,4425.1
2968,PN Store,3228,5/15/2024,Ажилчдын хэрэглээ,Protein cream 400гр,1,12649.01
2969,PN Store,3228,5/15/2024,Ажилчдын хэрэглээ,L-Carnitine powder 300g,1,35271.39
2970,PN Store,3228,5/15/2024,Ажилчдын хэрэглээ,Crush Bar,2,12052.83
2971,PN Store,3240,5/16/2024,Маркетингийн хэрэглээ,Glucosamine 60caps,1,23362.49
2972,PN Store,3240,5/16/2024,Маркетингийн хэрэглээ,Power Casein,5,303839.66
2973,PN Store,3240,5/16/2024,Маркетингийн хэрэглээ,Protein cream 400гр,15,189735.23
2974,PN Store,3240,5/16/2024,Маркетингийн хэрэглээ,Collagen vibe 330мл,96,233414.82
2975,PN Store,3240,5/16/2024,Маркетингийн хэрэглээ,Vitamin C 60ш,15,178192.12
2976,PN Store,3253,5/17/2024,Маркетингийн хэрэглээ,Collagen vibe 330мл,72,175061.12
2977,PN Store,3253,5/17/2024,Маркетингийн хэрэглээ,Protein cream 400гр,3,37947.04
2978,PN Store,3268,5/19/2024,Маркетингийн хэрэглээ,Collagen vibe 330мл,24,58353.71
2979,PN Store,3268,5/19/2024,Маркетингийн хэрэглээ,Pump caffeine free sample,6,25001.14
2980,PN Store,3268,5/19/2024,Маркетингийн хэрэглээ,Black blood NOX+ 20g,4,16854.7
2981,PN Store,3268,5/19/2024,Маркетингийн хэрэглээ,ISO Whey sample,8,23632
2982,PN Store,3269,5/19/2024,Маркетингийн хэрэглээ,L-Carnitine powder 300g,1,35271.39
2983,PN Store,3269,5/19/2024,Маркетингийн хэрэглээ,Crush Bar,3,18079.24
2984,PN Store,3269,5/19/2024,Маркетингийн хэрэглээ,MSM+ Vitamin C 150g,2,42808.35
2985,PN Store,3269,5/19/2024,Маркетингийн хэрэглээ,Zinc 60ш,1,7543.6
2986,PN Store,3269,5/19/2024,Маркетингийн хэрэглээ,Nitrox 680гр,1,57055.86
2987,PN Store,3280,5/21/2024,Шинжилгээнд,"Hair, Skin & Nails 54 caps",1,27857.07
2988,PN Store,3280,5/21/2024,Шинжилгээнд,L-Carnitine 100.000,1,50421.9
2989,PN Store,3280,5/21/2024,Шинжилгээнд,Protein cream 400гр,1,12649.02
2990,PN Store,3301,5/26/2024,Маркетингийн хэрэглээ,Black blood NOX+ 20g,20,84273.5
2991,PN Store,3301,5/26/2024,Маркетингийн хэрэглээ,Protein cream 400гр,3,37947.05
2992,PN Store,3301,5/26/2024,Маркетингийн хэрэглээ,Nitrox 680гр,1,57055.86
2993,PN Store,3301,5/26/2024,Маркетингийн хэрэглээ,L-Carnitine powder 300g,3,105814.18
2994,PN Store,3309,5/27/2024,Маркетингийн хэрэглээ,L-Carnitine 100.000,1,50421.9
2995,PN Store,3309,5/27/2024,Маркетингийн хэрэглээ,Power Casein,1,60767.93
2996,PN Store,3309,5/27/2024,Маркетингийн хэрэглээ,Pump caffeine free sample,2,8333.71
2997,PN Store,3309,5/27/2024,Маркетингийн хэрэглээ,Black Blood NOX+ 340g,1,65077.87
2998,PN Store,3309,5/27/2024,Маркетингийн хэрэглээ,Collagen vibe 330мл,24,58353.71
2999,PN Store,3309,5/27/2024,Маркетингийн хэрэглээ,Protein cream 400гр,3,37947.04
3000,PN Store,3310,5/27/2024,Маркетингийн хэрэглээ,Tribooster 60ш,1,35650.5
3001,PN Store,3310,5/27/2024,Маркетингийн хэрэглээ,Hyper mass sample,16,53019.56
3002,PN Store,3310,5/27/2024,Маркетингийн хэрэглээ,Glucosamine 60caps,1,23362.49
3003,PN Store,3328,5/29/2024,Ажилчдын хэрэглээ,Black blood NOX+ 20g,1,4213.67
3004,PN Store,3328,5/29/2024,Ажилчдын хэрэглээ,Power Casein,1,60767.93
3005,PN Store,3328,5/29/2024,Ажилчдын хэрэглээ,Nitrox 680гр,1,57055.86
3006,PN Store,3329,5/29/2024,Ажилчдын хэрэглээ,L-Carnitine powder 300g,1,35271.39
3007,PN Store,3329,5/29/2024,Ажилчдын хэрэглээ,Shaker 600ml,1,4425.1
3008,PN Store,3329,5/29/2024,Ажилчдын хэрэглээ,After 420g,1,41668.56
3009,PN Store,3330,5/29/2024,Акт,Protein cream 400гр,37,468013.56
3010,PN Store,3330,5/29/2024,Акт,Black blood NOX+ 20g,16,67418.8
3011,PN Store,3330,5/29/2024,Акт,Oatmeal 1000гр,24,722911.85
3012,PN Store,3345,5/30/2024,Ажилчдын хэрэглээ,Protein cream 400гр,1,12682.23
3013,PN Store,3345,5/30/2024,Ажилчдын хэрэглээ,L-Carnitine powder 300g,1,35271.39
3014,PN Store,3350,5/31/2024,Ажилчдын хэрэглээ,FAT-X 60 tbl,1,35816.24
3015,PN Store,3350,5/31/2024,Ажилчдын хэрэглээ,Shaker 600ml,1,4425.1
3016,PN Store,3350,5/31/2024,Ажилчдын хэрэглээ,Mission 210g,1,55714.15
3017,PN Store,3351,5/31/2024,Маркетингийн хэрэглээ,Mission 210g,1,55714.15
3018,PN Store,3351,5/31/2024,Маркетингийн хэрэглээ,Collagen vibe 330мл,24,58353.98
3019,PN Store,3357,6/2/2024,Ажилчдын хэрэглээ,Collagen vibe 330мл,24,58353.97
3020,PN Store,3371,6/4/2024,Ажилчдын хэрэглээ,L-Carnitine powder 300g,1,35271.39
3021,PN Store,3372,6/4/2024,Ажилчдын хэрэглээ,L-Carnitine powder 300g,1,35271.39
3022,PN Store,3373,6/4/2024,Ажилчдын хэрэглээ,L-Carnitine powder 300g,1,35271.39
3023,PN Store,3373,6/4/2024,Ажилчдын хэрэглээ,Shaker 600ml,1,4425.1
3024,PN Store,3374,6/4/2024,Ажилчдын хэрэглээ,Glucosamine 60caps,2,46724.97
3025,PN Store,3388,6/6/2024,Маркетингийн хэрэглээ,After 420g,2,83337.12
3026,PN Store,3388,6/6/2024,Маркетингийн хэрэглээ,Hyper Mass 1000гр,3,135834.05
3027,PN Store,3388,6/6/2024,Маркетингийн хэрэглээ,Pump caffeine free sample,17,70836.55
3028,PN Store,3388,6/6/2024,Маркетингийн хэрэглээ,Black Blood NOX+ 340g,2,130155.73
3029,PN Store,3388,6/6/2024,Маркетингийн хэрэглээ,Black Test 90 caps,1,58523.26
3030,PN Store,3388,6/6/2024,Маркетингийн хэрэглээ,Shaker 600ml,1,4425.1
3031,PN Store,3388,6/6/2024,Маркетингийн хэрэглээ,Mission 210g,1,55714.15
3032,PN Store,3388,6/6/2024,Маркетингийн хэрэглээ,"Hair, Skin & Nails 54 caps",2,55714.15
3033,PN Store,3389,6/6/2024,Маркетингийн хэрэглээ,Mission 210g,1,55714.15
3034,PN Store,3389,6/6/2024,Маркетингийн хэрэглээ,Black Blood NOX+ 340g,1,65077.87
3035,PN Store,3389,6/6/2024,Маркетингийн хэрэглээ,Collagen vibe 330мл,30,72942.47
3036,PN Store,3389,6/6/2024,Маркетингийн хэрэглээ,FAT-X 60 tbl,2,71632.47
3037,PN Store,3389,6/6/2024,Маркетингийн хэрэглээ,After 420g,1,41668.56
3038,PN Store,3389,6/6/2024,Маркетингийн хэрэглээ,Shaker 600ml,3,13275.31
3039,PN Store,3389,6/6/2024,Маркетингийн хэрэглээ,"Hair, Skin & Nails 54 caps",1,27857.07
3040,PN Store,3389,6/6/2024,Маркетингийн хэрэглээ,Black Test 90 caps,1,58523.26
3041,PN Store,3389,6/6/2024,Маркетингийн хэрэглээ,L-Carnitine 100.000,2,100843.79
3042,PN Store,3389,6/6/2024,Маркетингийн хэрэглээ,MSM+ Vitamin C 150g,2,42808.35
3043,PN Store,3395,6/7/2024,Ажилчдын хэрэглээ,L-Carnitine powder 300g,2,70542.78
3044,PN Store,3396,6/7/2024,Маркетингийн хэрэглээ хүрээлэн эвент,L-Carnitine powder 300g,2,70542.78
3045,PN Store,3396,6/7/2024,Маркетингийн хэрэглээ хүрээлэн эвент,L-Carnitine 100.000,1,50421.9
3046,PN Store,3410,6/10/2024,Ажилчдын хэрэглээ,Hyper mass sample,12,39764.67
3047,PN Store,3428,6/12/2024,Маркетингийн хэрэглээ,MSM+ Vitamin C 150g,2,42808.35
3048,PN Store,3432,6/13/2024,Маркетингийн хэрэглээ,Vitamin D3 K2 /60ш/,2,13557.46
3049,PN Store,3437,6/14/2024,Маркетингийн хэрэглээ,MSM+ Vitamin C 150g,1,21404.18
3050,PN Store,3437,6/14/2024,Маркетингийн хэрэглээ,Black Blood NOX+ 340g,1,65077.86
3051,PN Store,3437,6/14/2024,Маркетингийн хэрэглээ,Power Casein,3,182303.79
3052,PN Store,3437,6/14/2024,Маркетингийн хэрэглээ,Nitrox 680гр,4,228223.45
3053,PN Store,3437,6/14/2024,Маркетингийн хэрэглээ,L-Carnitine powder 300g,1,35271.39
3054,PN Store,3437,6/14/2024,Маркетингийн хэрэглээ,Omega 3 /90ш/,1,12596.23
3055,PN Store,3441,6/15/2024,Ажилчдын хэрэглээ,Nitrox 680гр,1,57055.86
3056,PN Store,3444,6/16/2024,Маркетингийн хэрэглээ,Black blood NOX+ 20g,2,8427.35
3057,PN Store,3444,6/16/2024,Маркетингийн хэрэглээ,Glucosamine 60caps,1,23362.49
3058,PN Store,3444,6/16/2024,Маркетингийн хэрэглээ,Nitrox sample,3,20930.11
3059,PN Store,3463,6/19/2024,Ажилчдын хэрэглээ,Power Casein,1,60767.93
3060,PN Store,3472,6/21/2024,Ажилчдын хэрэглээ,Shaker 600ml,1,4425.1
3061,PN Store,3472,6/21/2024,Ажилчдын хэрэглээ,Glucosamine 60caps,1,23362.49
3062,PN Store,3472,6/21/2024,Ажилчдын хэрэглээ,Power Casein,1,60767.93
3063,PN Store,3472,6/21/2024,Ажилчдын хэрэглээ,Tribooster 60ш,1,35650.5
3064,PN Store,3472,6/21/2024,Ажилчдын хэрэглээ,L-Carnitine 100.000,1,50421.9
3065,PN Store,3473,6/21/2024,Ажилчдын хэрэглээ,Shaker 600ml,1,4425.1
3066,PN Store,3496,6/25/2024,Ажилчдын хэрэглээ,Glucosamine 60caps,4,93449.94
3067,PN Store,3526,6/30/2024,Маркетингийн хэрэглээ,Power Casein,4,243071.73
3068,PN Store,3526,6/30/2024,Маркетингийн хэрэглээ,Collagen vibe 330мл,2,4862.83
3069,PN Store,3526,6/30/2024,Маркетингийн хэрэглээ,L-Carnitine powder 300g,4,141085.57
3070,PN Store,3526,6/30/2024,Маркетингийн хэрэглээ,Black blood NOX+ 20g,10,42136.75
3071,PN Store,3526,6/30/2024,Маркетингийн хэрэглээ,Shaker 600ml,1,4425.1
3072,PN Store,3527,6/30/2024,Маркетингийн хэрэглээ,Collagen vibe 330мл,72,175061.92
3073,PN Store,3530,7/1/2024,Ажилчдын хэрэглээ,Power Casein,1,60767.93
3074,PN Store,3530,7/1/2024,Ажилчдын хэрэглээ,Tribooster 60ш,1,35650.5
3075,PN Store,3530,7/1/2024,Ажилчдын хэрэглээ,Nitrox 680гр,1,57055.86
3076,PN Store,3531,7/1/2024,Ажилчдын хэрэглээ,Collagen vibe 330мл,33,80236.72
3077,PN Store,3538,7/2/2024,Маркетингийн хэрэглээ,L-Carnitine powder 300g,1,35271.39
3078,PN Store,3538,7/2/2024,Маркетингийн хэрэглээ,Shaker 600ml,1,4425.1
3079,PN Store,3539,7/2/2024,Ажилчдын хэрэглээ,Glucosamine 60caps,1,23362.48
3080,PN Store,3552,7/4/2024,Маркетингийн хэрэглээ,Power Casein,1,60767.93
3081,PN Store,3552,7/4/2024,Маркетингийн хэрэглээ,Nitrox 680гр,1,57055.86
3082,PN Store,3558,7/5/2024,Маркетингийн хэрэглээ,Shaker 600ml,1,4425.1
3083,PN Store,3558,7/5/2024,Маркетингийн хэрэглээ,Bedford 8,1,5373.51
3084,PN Store,3568,7/8/2024,Ажилчдын хэрэглээ,L-Carnitine powder 300g,1,35271.39
3085,PN Store,3569,7/8/2024,Маркетингийн хэрэглээ,Glucosamine 60caps,2,46724.97
3086,PN Store,3588,7/16/2024,Шинжилгээнд,Shaker 600ml /угсардаг нэмэлттэй/ таслагчтай,1,12501.18
3087,PN Store,3588,7/16/2024,Шинжилгээнд,Hyper Mass 1000гр,1,46573.03
3088,PN Store,3596,7/17/2024,Ажилчдын хэрэглээ,ISO Whey 500гр,1,50726.99
3089,PN Store,3597,7/17/2024,Ажилчдын хэрэглээ,Nitrox sample,1,3451.84
3090,PN Store,3597,7/17/2024,Ажилчдын хэрэглээ,L-Glutamine 240гр,1,32344.32
3091,PN Store,3597,7/17/2024,Ажилчдын хэрэглээ,Zero bar,4,15687.76
3092,PN Store,3602,7/18/2024,Ажилчдын хэрэглээ,Power Casein,1,60767.93
3093,PN Store,3602,7/18/2024,Ажилчдын хэрэглээ,Zero bar,3,11765.82
3094,PN Store,3602,7/18/2024,Ажилчдын хэрэглээ,Shaker 600ml,1,3168.27
3095,PN Store,3602,7/18/2024,Ажилчдын хэрэглээ,"Hair, Skin & Nails 54 caps",1,27857.07
3096,PN Store,3603,7/18/2024,Ажилчдын хэрэглээ,L-Carnitine powder 300g,1,35271.39
3097,PN Store,3604,7/18/2024,Маркетингийн хэрэглээ,ISO Whey 500гр,2,101453.98
3098,PN Store,3604,7/18/2024,Маркетингийн хэрэглээ,Shaker 600ml /угсардаг нэмэлттэй/ таслагчтай,2,25002.37
3099,PN Store,3604,7/18/2024,Маркетингийн хэрэглээ,L-Carnitine shot,40,147072.73
3100,PN Store,3604,7/18/2024,Маркетингийн хэрэглээ,Magna shot 25ml,20,73536.37
3101,PN Store,3604,7/18/2024,Маркетингийн хэрэглээ,Zero bar,20,78438.79
3102,PN Store,3604,7/18/2024,Маркетингийн хэрэглээ,Collagen vibe 330мл,4,9725.66
3103,PN Store,3604,7/18/2024,Маркетингийн хэрэглээ,Nitrox 680гр,1,55874.01
3104,PN Store,3604,7/18/2024,Маркетингийн хэрэглээ,L-Glutamine 240гр,4,129377.27
3105,PN Store,3604,7/18/2024,Маркетингийн хэрэглээ,MSM+ Vitamin C 150g,6,119336.22
3106,PN Store,3604,7/18/2024,Маркетингийн хэрэглээ,EAA Zero 350гр,2,96734.64
3107,PN Store,3604,7/18/2024,Маркетингийн хэрэглээ,L-Carnitine 100.000,3,151265.68
3108,PN Store,3611,7/19/2024,Маркетингийн хэрэглээ,Collagen vibe 330мл,2,4862.83
3109,PN Store,3611,7/19/2024,Маркетингийн хэрэглээ,Zero bar,4,15687.76
3110,PN Store,3611,7/19/2024,Маркетингийн хэрэглээ,Power Casein,1,60767.93
3111,PN Store,3611,7/19/2024,Маркетингийн хэрэглээ,Shaker 600ml /угсардаг нэмэлттэй/ таслагчтай,1,12501.18
3112,PN Store,3611,7/19/2024,Маркетингийн хэрэглээ,Peanut butter 400гр,2,28924.3
3113,PN Store,3611,7/19/2024,Маркетингийн хэрэглээ,Nitrox 680гр,1,55874.01
3114,PN Store,3611,7/19/2024,Маркетингийн хэрэглээ,EAA Zero 350гр,1,48367.32
3115,PN Store,3611,7/19/2024,Маркетингийн хэрэглээ,L-Carnitine powder 300g,1,35271.39
3116,PN Store,3614,7/20/2024,Ажилчдын хэрэглээ,L-Glutamine 240гр,1,32344.32
3117,PN Store,3620,7/21/2024,Маркетингийн хэрэглээ,ISO Whey 500гр,4,202907.95
3118,PN Store,3620,7/21/2024,Маркетингийн хэрэглээ,Shaker 600ml /угсардаг нэмэлттэй/ таслагчтай,2,25002.37
3119,PN Store,3620,7/21/2024,Маркетингийн хэрэглээ,Peanut butter 400гр,2,28924.3
3120,PN Store,3620,7/21/2024,Маркетингийн хэрэглээ,Hyper Mass 1000гр,1,46573.03
3121,PN Store,3620,7/21/2024,Маркетингийн хэрэглээ,EAA Zero 350гр,1,48367.32
3122,PN Store,3620,7/21/2024,Маркетингийн хэрэглээ,Zero bar,20,78438.79
3123,PN Store,3620,7/21/2024,Маркетингийн хэрэглээ,Collagen vibe 330мл,20,48628.31
3124,PN Store,3620,7/21/2024,Маркетингийн хэрэглээ,MSM+ Vitamin C 150g,1,19889.37
3125,PN Store,3620,7/21/2024,Маркетингийн хэрэглээ,Nitrox 680гр,1,55874.01
3126,PN Store,3620,7/21/2024,Маркетингийн хэрэглээ,Hyper mass sample,3,12501.18
3127,PN Store,3621,7/21/2024,Маркетингийн хэрэглээ,MSM+ Vitamin C 150g,1,19889.37
3128,PN Store,3621,7/21/2024,Маркетингийн хэрэглээ,ISO Whey 500гр,1,50726.99
3129,PN Store,3621,7/21/2024,Маркетингийн хэрэглээ,Collagen vibe 330мл,24,58353.97
3130,PN Store,3621,7/21/2024,Маркетингийн хэрэглээ,Zero bar,2,7843.88
3131,PN Store,3621,7/21/2024,Маркетингийн хэрэглээ,Shaker 600ml /угсардаг нэмэлттэй/ таслагчтай,1,12501.18
3132,PN Store,3621,7/21/2024,Маркетингийн хэрэглээ,Nitrox 680гр,1,55874.01
3133,PN Store,3622,7/21/2024,Маркетингийн хэрэглээ (Хулантай хамт),Zero bar,20,78438.79
3134,PN Store,3622,7/21/2024,Маркетингийн хэрэглээ (Хулантай хамт),L-Glutamine 240гр,1,32344.32
3135,PN Store,3622,7/21/2024,Маркетингийн хэрэглээ (Хулантай хамт),EAA Zero 350гр,4,193469.27
3136,PN Store,3622,7/21/2024,Маркетингийн хэрэглээ (Хулантай хамт),Nitrox 680гр,1,55874.01
3137,PN Store,3622,7/21/2024,Маркетингийн хэрэглээ (Хулантай хамт),Peanut butter 400гр,4,57848.61
3138,PN Store,3622,7/21/2024,Маркетингийн хэрэглээ (Хулантай хамт),L-Carnitine 100.000,1,50421.9
3139,PN Store,3630,7/22/2024,Шинжилгээнд,Shaker 600ml,1,3168.27
3140,PN Store,3631,7/22/2024,Ажилчдын хэрэглээ,ISO Whey 500гр,1,50726.99
3141,PN Store,3631,7/22/2024,Ажилчдын хэрэглээ,Zero bar,1,3921.94
3142,PN Store,3632,7/22/2024,Ажилчдын хэрэглээ,Glucosamine 60caps,1,19194.3
3143,PN Store,3632,7/22/2024,Ажилчдын хэрэглээ,MSM+ Vitamin C 150g,1,19889.37
3144,PN Store,3641,7/24/2024,Маркетингийн хэрэглээ Учрал,Power Casein,1,60767.93
3145,PN Store,3641,7/24/2024,Маркетингийн хэрэглээ Учрал,EAA Zero 350гр,2,96734.64
3146,PN Store,3641,7/24/2024,Маркетингийн хэрэглээ Учрал,Power Whey 2250гр,1,128668.71
3147,PN Store,3641,7/24/2024,Маркетингийн хэрэглээ Учрал,Peanut butter 400гр,1,14462.15
3148,PN Store,3641,7/24/2024,Маркетингийн хэрэглээ Учрал,Zero bar,3,11765.82
3149,PN Store,3649,7/26/2024,Маркетингийн хэрэглээ,ISO Whey 500гр,1,50726.99
3150,PN Store,3650,7/26/2024,Маркетингийн хэрэглээ,ISO Whey 500гр,5,253634.94
3151,PN Store,3650,7/26/2024,Маркетингийн хэрэглээ,Zero bar,2,7843.88
3152,PN Store,3650,7/26/2024,Маркетингийн хэрэглээ,Power Whey 2250гр,1,128668.71
3153,PN Store,3656,7/28/2024,Маркетингийн хэрэглээ,EAA Zero 350гр,5,241836.59
3154,PN Store,3656,7/28/2024,Маркетингийн хэрэглээ,ISO Whey 500гр,6,304361.93
3155,PN Store,3657,7/28/2024,Маркетингийн хэрэглээ,Shaker 600ml /угсардаг нэмэлттэй/ таслагчтай,1,12501.18
3156,PN Store,3657,7/28/2024,Маркетингийн хэрэглээ,ISO Whey 500гр,8,405815.91
3157,PN Store,3657,7/28/2024,Маркетингийн хэрэглээ,L-Glutamine 240гр,4,129377.27
3158,PN Store,3657,7/28/2024,Маркетингийн хэрэглээ,Magna shot 25ml,20,73536.36
3159,PN Store,3657,7/28/2024,Маркетингийн хэрэглээ,L-Carnitine shot,20,73536.37
3160,PN Store,3657,7/28/2024,Маркетингийн хэрэглээ,EAA Zero 350гр,4,193469.27
3161,PN Store,3657,7/28/2024,Маркетингийн хэрэглээ,Nitrox 680гр,2,111748.01
3162,PN Store,3658,7/28/2024,Маркетингийн хэрэглээ,Collagen vibe 330мл,72,175061.92
3163,PN Store,3683,8/1/2024,Маркетингийн хэрэглээ /NMN/,L-Carnitine powder 300g,2,70542.78
3164,PN Store,3683,8/1/2024,Маркетингийн хэрэглээ /NMN/,Shaker 600ml /угсардаг нэмэлттэй/ таслагчтай,2,25002.37
3165,PN Store,3683,8/1/2024,Маркетингийн хэрэглээ /NMN/,Collagen vibe 330мл,24,58353.98
3166,PN Store,3684,8/1/2024,Ажилчдын хэрэглээ,Glucosamine 60caps,1,19194.3
3167,PN Store,3697,8/3/2024,Ажилчдын хэрэглээ,L-Carnitine powder 300g,2,70542.78
3168,PN Store,3698,8/3/2024,Маркетингийн хэрэглээ,L-Carnitine powder 300g,2,70542.78
3169,PN Store,3698,8/3/2024,Маркетингийн хэрэглээ,EAA Zero 350гр,4,193469.27
3170,PN Store,3698,8/3/2024,Маркетингийн хэрэглээ,Zero bar,4,15687.76
3171,PN Store,3698,8/3/2024,Маркетингийн хэрэглээ,Hyper Mass 1000гр,2,93146.06
3172,PN Store,3698,8/3/2024,Маркетингийн хэрэглээ,Nitrox 680гр,1,55874.01
3173,PN Store,3698,8/3/2024,Маркетингийн хэрэглээ,Peanut butter 400гр,3,43386.46
3174,PN Store,3698,8/3/2024,Маркетингийн хэрэглээ,L-Carnitine 100.000,1,50421.9
3175,PN Store,3698,8/3/2024,Маркетингийн хэрэглээ,Power Creatine 300гр,1,33955.43
3176,PN Store,3698,8/3/2024,Маркетингийн хэрэглээ,Power Whey 2250гр,2,257337.41
3177,PN Store,3698,8/3/2024,Маркетингийн хэрэглээ,ISO Whey 500гр,6,304361.93
3178,PN Store,3701,8/4/2024,Ажилчдын хэрэглээ,L-Carnitine powder 300g,2,70542.78
3179,PN Store,3701,8/4/2024,Ажилчдын хэрэглээ,Nitrox sample,6,20711.03
3180,PN Store,3701,8/4/2024,Ажилчдын хэрэглээ,Shaker 600ml /угсардаг нэмэлттэй/ таслагчтай,2,25002.37
3181,PN Store,3710,8/5/2024,Ажилчдын хэрэглээ,Glucosamine 60caps,1,19194.3
3182,PN Store,3710,8/5/2024,Ажилчдын хэрэглээ,Power Creatine 300гр,2,67910.87
3183,PN Store,3711,8/5/2024,Ажилчдын хэрэглээ,Glucosamine 60caps,4,76777.19
3184,PN Store,3720,8/6/2024,Ажилчдын хэрэглээ,L-Carnitine 100.000,1,50421.89
3185,PN Store,3720,8/6/2024,Ажилчдын хэрэглээ,L-Glutamine 240гр,1,32344.32
3186,PN Store,3720,8/6/2024,Ажилчдын хэрэглээ,Shaker 600ml /угсардаг нэмэлттэй/ таслагчтай,1,12501.18
3187,PN Store,3720,8/6/2024,Ажилчдын хэрэглээ,MSM+ Vitamin C 150g,1,19889.37
3188,PN Store,3720,8/6/2024,Ажилчдын хэрэглээ,Power Casein,1,60767.93
3189,PN Store,3721,8/6/2024,Ажилчдын хэрэглээ,Power Creatine 300гр,1,33955.43
3190,PN Store,3721,8/6/2024,Ажилчдын хэрэглээ,ISO Whey 500гр,1,50726.99
3191,PN Store,3722,8/6/2024,Ажилчдын хэрэглээ,Collagen vibe 330мл,48,116707.95
3192,PN Store,3733,8/8/2024,Маркетингийн хэрэглээ,Collagen vibe 330мл,2,4862.83
3193,PN Store,3733,8/8/2024,Маркетингийн хэрэглээ,Power Whey 2250гр,2,257337.41
3194,PN Store,3733,8/8/2024,Маркетингийн хэрэглээ,Power Creatine 300гр,2,67910.87
3195,PN Store,3733,8/8/2024,Маркетингийн хэрэглээ,L-Carnitine 100.000,1,50421.89
3196,PN Store,3773,8/17/2024,Ажилчдын хэрэглээ,Nitrox 680гр,1,55874.01
3197,PN Store,3773,8/17/2024,Ажилчдын хэрэглээ,L-Carnitine 100.000,1,50421.9
3198,PN Store,3774,8/17/2024,Ажилчдын хэрэглээ,Shaker 600ml,1,3168.27
3199,PN Store,3794,8/21/2024,Маркетингийн хэрэглээ,Collagen vibe 330мл,1,2431.42
3200,PN Store,3794,8/21/2024,Маркетингийн хэрэглээ,L-Glutamine 240гр,6,194065.91
3201,PN Store,3794,8/21/2024,Маркетингийн хэрэглээ,MSM+ Vitamin C 150g,4,79557.48
3202,PN Store,3794,8/21/2024,Маркетингийн хэрэглээ,ISO Whey 500гр,21,1065266.75
3203,PN Store,3794,8/21/2024,Маркетингийн хэрэглээ,Hyper Mass 1000гр,2,93146.07
3204,PN Store,3794,8/21/2024,Маркетингийн хэрэглээ,L-Carnitine 100.000,3,151265.69
3205,PN Store,3803,8/23/2024,Маркетингийн хэрэглээ,Collagen vibe 330мл,24,58353.97
3206,PN Store,3845,8/31/2024,Ажилчдын хэрэглээ,Power Mass,1,108398.98
3207,PN Store,3845,8/31/2024,Ажилчдын хэрэглээ,Power Whey 2250гр,2,242262.12
3208,PN Store,3845,8/31/2024,Ажилчдын хэрэглээ,ISO Whey 500гр,12,608723.86
3209,PN Store,3845,8/31/2024,Ажилчдын хэрэглээ,Power Testo 120caps,1,27558.29
3210,PN Store,3845,8/31/2024,Ажилчдын хэрэглээ,Omega 3 /90ш/,2,29132.48
3211,PN Store,3845,8/31/2024,Ажилчдын хэрэглээ,Vitamin D3 K2 /60ш/,1,7434.81
3212,PN Store,3845,8/31/2024,Ажилчдын хэрэглээ,Nitrox 680гр,1,55874.01
3213,PN Store,3845,8/31/2024,Ажилчдын хэрэглээ,ZMA 60ш,1,7763.28
3214,PN Store,3846,8/31/2024,Акт,Nitrox 680гр,1,55874.01
3215,PN Store,3846,8/31/2024,Акт,Nitrox sample,33,113892.14
3216,PN Store,3846,8/31/2024,Акт,Hyper Mass 1000гр,2,93146.07
3217,PN Store,3846,8/31/2024,Акт,Zinc 60ш,4,30174.44
3218,PN Store,3846,8/31/2024,Акт,Power Mass,2,216797.96
3219,PN Store,3846,8/31/2024,Акт,Collagen vibe 330мл,18,43765.48
3220,PN Store,3861,9/2/2024,Ажилчдын хэрэглээ,Magna shot 25ml,4,14707.27
3221,PN Store,3861,9/2/2024,Ажилчдын хэрэглээ,ZMA 60ш,1,7763.28
3222,PN Store,3861,9/2/2024,Ажилчдын хэрэглээ,Vitamin D3 K2 /60ш/,1,7434.81
3223,PN Store,3863,9/2/2024,Ажилчдын хэрэглээ,Power Whey 2250гр,1,121131.06
3224,PN Store,3863,9/2/2024,Ажилчдын хэрэглээ,Power Amino,1,27961.27
3225,PN Store,3863,9/2/2024,Ажилчдын хэрэглээ,Vitamin D3 K2 /60ш/,2,14869.63
3226,PN Store,3863,9/2/2024,Ажилчдын хэрэглээ,Omega 3 /90ш/,2,29132.48
3227,PN Store,3863,9/2/2024,Ажилчдын хэрэглээ,ISO Whey 500гр,1,50726.99
3228,PN Store,3863,9/2/2024,Ажилчдын хэрэглээ,Power BCAA,1,38701.48
3229,PN Store,3863,9/2/2024,Ажилчдын хэрэглээ,Power Creatine 300гр,1,33955.43
3230,PN Store,3864,9/2/2024,Ажилчдын хэрэглээ,L-Carnitine powder 300g,2,70542.78
3231,PN Store,3865,9/2/2024,Ажилчдын хэрэглээ,L-Carnitine powder 300g,2,70542.78
3232,PN Store,3866,9/2/2024,Ажилчдын хэрэглээ,Omega 3 /90ш/,1,14566.24
3233,PN Store,3866,9/2/2024,Ажилчдын хэрэглээ,Vitamin D3 K2 /60ш/,3,22304.44
3234,PN Store,3867,9/2/2024,Маркетингийн хэрэглээ,Vitamin D3 K2 /60ш/,2,14869.63
3235,PN Store,3874,9/3/2024,Ажилчдын хэрэглээ,L-Carnitine powder 300g,1,35271.39
3236,PN Store,3874,9/3/2024,Ажилчдын хэрэглээ,Shaker 600ml,1,3168.27
3237,PN Store,3875,9/3/2024,Шинжилгээнд,ISO Whey 2270g Black,6,1385036.68
3238,PN Store,3875,9/3/2024,Шинжилгээнд,Protein bar nanosupps,45,209125.32
3239,PN Store,3875,9/3/2024,Шинжилгээнд,Protein wafer,24,77735.47
3240,PN Store,3875,9/3/2024,Шинжилгээнд,Protein cream 400гр,27,378960.43
3241,PN Store,3875,9/3/2024,Шинжилгээнд,Protein snap,50,115007.19
3242,PN Store,3876,9/3/2024,Маркетингийн хэрэглээ,MSM+ Vitamin C 150g,1,19889.37
3243,PN Store,3876,9/3/2024,Маркетингийн хэрэглээ,Power Testo 120caps,1,27558.29
3244,PN Store,3876,9/3/2024,Маркетингийн хэрэглээ,Protein bar nanosupps,30,139416.88
3245,PN Store,3876,9/3/2024,Маркетингийн хэрэглээ,Vitamin D3 K2 /60ш/,1,7434.81
3246,PN Store,3876,9/3/2024,Маркетингийн хэрэглээ,Glucosamine 60caps,1,19194.3
3247,PN Store,3877,9/3/2024,Маркетингийн хэрэглээ,Nitrox 680гр,2,111748.01
3248,PN Store,3898,9/6/2024,Ажилчдын хэрэглээ,Power Whey 2250гр,1,121131.06
3249,PN Store,3898,9/6/2024,Ажилчдын хэрэглээ,Protein bar nanosupps,2,9294.46
3250,PN Store,3898,9/6/2024,Ажилчдын хэрэглээ,Hyper Mass 1000гр,1,46573.03
3251,PN Store,3903,9/7/2024,Ажилчдын хэрэглээ,MSM+ Vitamin C 150g,1,19889.37
3252,PN Store,3903,9/7/2024,Ажилчдын хэрэглээ,ISO Whey 500гр,1,50726.99
3253,PN Store,3903,9/7/2024,Ажилчдын хэрэглээ,ZMA 60ш,1,7763.28
3254,PN Store,3903,9/7/2024,Ажилчдын хэрэглээ,Protein bar nanosupps,2,9294.46
3255,PN Store,3903,9/7/2024,Ажилчдын хэрэглээ,Omega 3 /90ш/,1,14566.24
3256,PN Store,3903,9/7/2024,Ажилчдын хэрэглээ,Nitrox 680гр,1,55874.01
3257,PN Store,3904,9/7/2024,Ажилчдын хэрэглээ,Power Creatine 300гр,1,33955.43
3258,PN Store,3907,9/8/2024,Ажилчдын хэрэглээ,L-Carnitine powder 300g,1,35271.39
3259,PN Store,3907,9/8/2024,Ажилчдын хэрэглээ,Power BCAA,1,38701.48
3260,PN Store,3907,9/8/2024,Ажилчдын хэрэглээ,Shaker 600ml,1,3168.27
3261,PN Store,3907,9/8/2024,Ажилчдын хэрэглээ,Power Amino,1,27961.27
3262,PN Store,3917,9/9/2024,Ажилчдын хэрэглээ,Glucosamine 60caps,1,19194.3
3263,PN Store,3924,9/10/2024,Шинжилгээнд,Protein snap,25,57503.6
3264,PN Store,3924,9/10/2024,Шинжилгээнд,Protein cream 400гр,16,224569.14
3265,PN Store,3924,9/10/2024,Шинжилгээнд,Protein bar nanosupps,30,139416.88
3266,PN Store,3924,9/10/2024,Шинжилгээнд,Protein wafer,36,116603.21
3267,PN Store,3948,9/13/2024,Ажилчдын хэрэглээ,Collagen vibe 330мл,48,116707.95
3268,PN Store,3949,9/13/2024,Ажилчдын хэрэглээ,Protein snap,3,6900.43
3269,PN Store,3949,9/13/2024,Ажилчдын хэрэглээ,Protein bar nanosupps,4,18588.92
3270,PN Store,3950,9/13/2024,Ажилчдын хэрэглээ,Protein cream 400гр,2,28071.14
3271,PN Store,3950,9/13/2024,Ажилчдын хэрэглээ,Protein snap,2,4600.29
3272,PN Store,3950,9/13/2024,Ажилчдын хэрэглээ,Protein wafer,5,16194.89
3273,PN Store,3950,9/13/2024,Ажилчдын хэрэглээ,Protein bar nanosupps,8,37177.83
3274,PN Store,3951,9/13/2024,Маркетингийн хэрэглээ,Hyper Mass 1000гр,1,46573.03
3275,PN Store,3951,9/13/2024,Маркетингийн хэрэглээ,Power BCAA,1,38701.48
3276,PN Store,3951,9/13/2024,Маркетингийн хэрэглээ,Collagen vibe 330мл,1,2431.42
3277,PN Store,3951,9/13/2024,Маркетингийн хэрэглээ,ISO Whey 500гр,4,202907.95
3278,PN Store,3951,9/13/2024,Маркетингийн хэрэглээ,Protein cream 400гр,1,14035.57
3279,PN Store,3951,9/13/2024,Маркетингийн хэрэглээ,Protein wafer,45,145754.01
3280,PN Store,3951,9/13/2024,Маркетингийн хэрэглээ,Protein snap,25,57503.6
3281,PN Store,3951,9/13/2024,Маркетингийн хэрэглээ,Power Amino,1,27961.27
3282,PN Store,3971,9/17/2024,Маркетингийн хэрэглээ,Collagen vibe 330мл,5,12157.08
3283,PN Store,3971,9/17/2024,Маркетингийн хэрэглээ,Power Amino,1,27961.27
3284,PN Store,3971,9/17/2024,Маркетингийн хэрэглээ,Protein cream 400гр,2,28071.14
3285,PN Store,3971,9/17/2024,Маркетингийн хэрэглээ,Shaker 600ml,1,3168.27
3286,PN Store,3971,9/17/2024,Маркетингийн хэрэглээ,Protein bar nanosupps,30,139416.88
3287,PN Store,3971,9/17/2024,Маркетингийн хэрэглээ,ZMA 60ш,1,7763.28
3288,PN Store,3971,9/17/2024,Маркетингийн хэрэглээ,Omega 3 /90ш/,1,14566.24
3289,PN Store,4001,9/21/2024,Ажилчдын хэрэглээ,Nitrox 680гр,1,55874.01
3290,PN Store,4001,9/21/2024,Ажилчдын хэрэглээ,Protein cream 400гр,1,14035.57
3291,PN Store,4002,9/21/2024,Ажилчдын хэрэглээ,ISO Whey 500гр,1,50726.99
3292,PN Store,4002,9/21/2024,Ажилчдын хэрэглээ,L-Carnitine 100.000,1,50421.89
3293,PN Store,4002,9/21/2024,Ажилчдын хэрэглээ,Power BCAA,1,38701.48
3294,PN Store,4002,9/21/2024,Ажилчдын хэрэглээ,Omega 3 /90ш/,1,14566.24
3295,PN Store,4003,9/21/2024,Ажилчдын хэрэглээ,ISO Whey 500гр,1,50726.99
3296,PN Store,4003,9/21/2024,Ажилчдын хэрэглээ,Protein bar nanosupps,1,4647.23
3297,PN Store,4003,9/21/2024,Ажилчдын хэрэглээ,Shaker 600ml,1,3168.27
3298,PN Store,4003,9/21/2024,Ажилчдын хэрэглээ,Protein cream 400гр,1,14035.57
3299,PN Store,4006,9/22/2024,Маркетингийн хэрэглээ,Power Mass,1,108398.98
3300,PN Store,4006,9/22/2024,Маркетингийн хэрэглээ,Protein wafer,1,3238.98
3301,PN Store,4006,9/22/2024,Маркетингийн хэрэглээ,Protein bar nanosupps,1,4647.23
3302,PN Store,4007,9/22/2024,Ажилчдын хэрэглээ,Protein wafer,1,3238.98
3303,PN Store,4007,9/22/2024,Ажилчдын хэрэглээ,Collagen vibe 330мл,2,4862.83
3304,PN Store,4051,9/29/2024,Маркетингийн хэрэглээ,Power BCAA,2,77402.97
3305,PN Store,4051,9/29/2024,Маркетингийн хэрэглээ,ISO Whey 500гр,1,50726.49
3306,PN Store,4051,9/29/2024,Маркетингийн хэрэглээ,Protein bar nanosupps,15,69709.22
3307,PN Store,4051,9/29/2024,Маркетингийн хэрэглээ,Omega 3 /90ш/,1,14566.24
3308,PN Store,4051,9/29/2024,Маркетингийн хэрэглээ,Power Amino,1,27961.28
3309,PN Store,4051,9/29/2024,Маркетингийн хэрэглээ,ZMA 60ш,1,7763.28
3310,PN Store,4052,9/29/2024,Ажилчдын хэрэглээ,Glucosamine 60caps,1,19194.3
3311,PN Store,4052,9/29/2024,Ажилчдын хэрэглээ,Protein cream 400гр,1,14050.42
3312,PN Store,4060,9/30/2024,Маркетингийн хэрэглээ,Collagen vibe 330мл,21,51059.14
3313,PN Store,4060,9/30/2024,Маркетингийн хэрэглээ,Power BCAA,5,193507.42
3314,PN Store,4060,9/30/2024,Маркетингийн хэрэглээ,Vitamin D3 K2 /60ш/,5,37174.07
3315,PN Store,4060,9/30/2024,Маркетингийн хэрэглээ,Omega 3 /90ш/,5,72831.2
3316,PN Store,4060,9/30/2024,Маркетингийн хэрэглээ,ZMA 60ш,5,38816.38
3317,PN Store,4060,9/30/2024,Маркетингийн хэрэглээ,Power Amino,5,139806.38
3318,PN Store,4060,9/30/2024,Маркетингийн хэрэглээ,Glucosamine 60caps,5,95971.47
3319,PN Store,4086,10/3/2024,Маркетингийн хэрэглээ,Protein bar nanosupps,2,9294.56
3320,PN Store,4086,10/3/2024,Маркетингийн хэрэглээ,Nitrox 680гр,1,55874
3321,PN Store,4086,10/3/2024,Маркетингийн хэрэглээ,ZMA 60ш,1,7763.28
3322,PN Store,4086,10/3/2024,Маркетингийн хэрэглээ,Omega 3 /90ш/,1,14566.24
3323,PN Store,4086,10/3/2024,Маркетингийн хэрэглээ,ISO Whey 500гр,1,50726.49
3324,PN Store,4087,10/3/2024,Ажилчдын хэрэглээ,Collagen vibe 330мл,26,63216.07
3325,PN Store,4088,10/3/2024,Ажилчдын хэрэглээ,Power Whey 2250гр,1,121131.06
3326,PN Store,4088,10/3/2024,Ажилчдын хэрэглээ,Power BCAA,1,38701.48
3327,PN Store,4088,10/3/2024,Ажилчдын хэрэглээ,ZMA 60ш,2,15526.55
3328,PN Store,4088,10/3/2024,Ажилчдын хэрэглээ,Power Testo 120caps,1,27558.29
3329,PN Store,4088,10/3/2024,Ажилчдын хэрэглээ,Omega 3 /90ш/,1,14566.24
3330,PN Store,4089,10/3/2024,Маркетингийн хэрэглээ,Omega 3 /90ш/,2,29132.48
3331,PN Store,4089,10/3/2024,Маркетингийн хэрэглээ,Power Amino,1,27961.28
3332,PN Store,4089,10/3/2024,Маркетингийн хэрэглээ,Protein snap,5,11500.72
3333,PN Store,4089,10/3/2024,Маркетингийн хэрэглээ,Shaker 600ml,1,3168.27
3334,PN Store,4089,10/3/2024,Маркетингийн хэрэглээ,ISO Whey 500гр,2,101452.99
3335,PN Store,4089,10/3/2024,Маркетингийн хэрэглээ,Power Whey 2250гр,1,121131.06
3336,PN Store,4089,10/3/2024,Маркетингийн хэрэглээ,Nitrox 680гр,1,55874
3337,PN Store,4089,10/3/2024,Маркетингийн хэрэглээ,L-Carnitine 100.000,1,50421.9
3338,PN Store,4112,10/7/2024,Ажилчдын хэрэглээ,Protein snap,1,2300.14
3339,PN Store,4112,10/7/2024,Ажилчдын хэрэглээ,Protein cream 400гр,1,14050.42
3340,PN Store,4120,10/8/2024,Ажилчдын хэрэглээ,ISO Whey 500гр,1,50726.49
3341,PN Store,4121,10/8/2024,Ажилчдын хэрэглээ,Protein bar nanosupps,30,139418.44
3342,PN Store,4121,10/8/2024,Ажилчдын хэрэглээ,Vitamin D3 K2 /60ш/,2,14869.63
3343,PN Store,4122,10/8/2024,Ажилчдын хэрэглээ,Vitamin D3 K2 /60ш/,6,44608.89
3344,PN Store,4122,10/8/2024,Ажилчдын хэрэглээ,Protein bar nanosupps,15,69709.22
3345,PN Store,4123,10/8/2024,Ажилчдын хэрэглээ,ZMA 60ш,1,7763.28
3346,PN Store,4123,10/8/2024,Ажилчдын хэрэглээ,ISO Whey 500гр,2,101452.99
3347,PN Store,4123,10/8/2024,Ажилчдын хэрэглээ,Vitamin D3 K2 /60ш/,1,7434.81
3348,PN Store,4123,10/8/2024,Ажилчдын хэрэглээ,Omega 3 /90ш/,2,29132.48
3349,PN Store,4132,10/9/2024,Маркетингийн хэрэглээ,Power Whey 2250гр,1,121131.06
3350,PN Store,4132,10/9/2024,Маркетингийн хэрэглээ,ISO Whey 500гр,13,659444.43
3351,PN Store,4132,10/9/2024,Маркетингийн хэрэглээ,Protein bar nanosupps,2,9294.56
3352,PN Store,4132,10/9/2024,Маркетингийн хэрэглээ,ZMA 60ш,2,15526.55
3353,PN Store,4132,10/9/2024,Маркетингийн хэрэглээ,Power BCAA,2,77402.97
3354,PN Store,4132,10/9/2024,Маркетингийн хэрэглээ,Nitrox 680гр,1,55874.01
3355,PN Store,4137,10/10/2024,Ажилчдын хэрэглээ,Glucosamine 60caps,2,38388.59
3356,PN Store,4145,10/12/2024,Ажилчдын хэрэглээ,Protein snap,1,2300.14
3357,PN Store,4145,10/12/2024,Ажилчдын хэрэглээ,Glucosamine 60caps,2,38388.59
3358,PN Store,4145,10/12/2024,Ажилчдын хэрэглээ,Protein bar nanosupps,1,4647.28
3359,PN Store,4145,10/12/2024,Ажилчдын хэрэглээ,Protein wafer,1,3239.53
3360,PN Store,4146,10/12/2024,Ажилчдын хэрэглээ,Protein snap,2,4600.29
3361,PN Store,4146,10/12/2024,Ажилчдын хэрэглээ,Protein bar nanosupps,2,9294.56
3362,PN Store,4146,10/12/2024,Ажилчдын хэрэглээ,ZMA 60ш,1,7763.28
3363,PN Store,4179,10/17/2024,Ажилчдын хэрэглээ,Omega 3 /90ш/,3,43698.72
3364,PN Store,4179,10/17/2024,Ажилчдын хэрэглээ,Vitamin D3 K2 /60ш/,1,7434.81
3365,PN Store,4179,10/17/2024,Ажилчдын хэрэглээ,Power BCAA,1,38701.48
3366,PN Store,4179,10/17/2024,Ажилчдын хэрэглээ,ZMA 60ш,1,7763.28
3367,PN Store,4179,10/17/2024,Ажилчдын хэрэглээ,ISO Whey 500гр,3,152179.48
3368,PN Store,4195,10/19/2024,Ажилчдын хэрэглээ,ISO Whey 500гр,2,107221.53
3369,PN Store,4195,10/19/2024,Ажилчдын хэрэглээ,Protein cream 400гр,3,42151.26
3370,PN Store,4195,10/19/2024,Ажилчдын хэрэглээ,Power BCAA,2,77402.97
3371,PN Store,4195,10/19/2024,Ажилчдын хэрэглээ,Protein bar nanosupps,15,69709.22
3372,PN Store,4195,10/19/2024,Ажилчдын хэрэглээ,Vitamin D3 K2 /60ш/,2,14869.63
3373,PN Store,4195,10/19/2024,Ажилчдын хэрэглээ,Omega 3 /90ш/,1,14566.24
3374,PN Store,4195,10/19/2024,Ажилчдын хэрэглээ,ZMA 60ш,1,7763.28
3375,PN Store,4196,10/19/2024,Ажилчдын хэрэглээ,Protein bar nanosupps,2,9294.56
3376,PN Store,4196,10/19/2024,Ажилчдын хэрэглээ,Power Mass,1,108398.98
3377,PN Store,4196,10/19/2024,Ажилчдын хэрэглээ,Protein wafer,1,3239.53
3378,PN Store,4196,10/19/2024,Ажилчдын хэрэглээ,Glucosamine 60caps,1,20092.48
3379,PN Store,4223,10/23/2024,Ажилчдын хэрэглээ,Protein bar nanosupps,15,69709.22
3380,PN Store,4223,10/23/2024,Ажилчдын хэрэглээ,L-Carnitine powder 300g,1,35271.39
3381,PN Store,4223,10/23/2024,Ажилчдын хэрэглээ,Power Whey 2250гр,1,121131.06
3382,PN Store,4223,10/23/2024,Ажилчдын хэрэглээ,Omega 3 /90ш/,1,14566.24
3383,PN Store,4223,10/23/2024,Ажилчдын хэрэглээ,ZMA 60ш,1,7763.28
3384,PN Store,4224,10/23/2024,Маркетингийн хэрэглээ,Glucosamine 60caps,1,20092.48
3385,PN Store,4225,10/23/2024,Маркетингийн хэрэглээ,Zero bar,5,19655.46
3386,PN Store,4225,10/23/2024,Маркетингийн хэрэглээ,L-Glutamine 240гр,1,32035.47
3387,PN Store,4225,10/23/2024,Маркетингийн хэрэглээ,ISO Whey sample,9,0
3388,PN Store,4225,10/23/2024,Маркетингийн хэрэглээ,Power BCAA,2,77402.97
3389,PN Store,4225,10/23/2024,Маркетингийн хэрэглээ,Nitrox 680гр,1,54365.62
3390,PN Store,4225,10/23/2024,Маркетингийн хэрэглээ,Omega 3 /90ш/,1,14566.24
3391,PN Store,4225,10/23/2024,Маркетингийн хэрэглээ,Vitamin D3 K2 /60ш/,1,7434.81
3392,PN Store,4225,10/23/2024,Маркетингийн хэрэглээ,Power Testo 120caps,1,27558.29
3393,PN Store,4225,10/23/2024,Маркетингийн хэрэглээ,ISO Whey 500гр,12,643329.2
3394,PN Store,4225,10/23/2024,Маркетингийн хэрэглээ,Crush Bar,4,23586.56
3395,PN Store,4225,10/23/2024,Маркетингийн хэрэглээ,Power Whey 2250гр,1,121131.06
3396,PN Store,4231,10/24/2024,Ажилчдын хэрэглээ,Crush Bar,2,11793.28
3397,PN Store,4231,10/24/2024,Ажилчдын хэрэглээ,ZMA 60ш,2,15526.55
3398,PN Store,4232,10/24/2024,Ажилчдын хэрэглээ,Crush Bar,1,5896.64
3399,PN Store,4233,10/24/2024,Маркетингийн хэрэглээ,Nitrox 680гр,1,54365.62
3400,PN Store,4233,10/24/2024,Маркетингийн хэрэглээ,EAA Zero 350гр,2,100237.71
3401,PN Store,4233,10/24/2024,Маркетингийн хэрэглээ,Protein wafer,12,38874.34
3402,PN Store,4233,10/24/2024,Маркетингийн хэрэглээ,ISO Whey 500гр,5,268053.83
3403,PN Store,4233,10/24/2024,Маркетингийн хэрэглээ,Protein bar nanosupps,15,69709.22
3404,PN Store,4233,10/24/2024,Маркетингийн хэрэглээ,L-Glutamine 240гр,1,32035.47
3405,PN Store,4250,10/27/2024,Ажилчдын хэрэглээ,Nitrox sample,1,2064.21
3406,PN Store,4250,10/27/2024,Ажилчдын хэрэглээ,Protein bar nanosupps,3,13941.84
3407,PN Store,4250,10/27/2024,Ажилчдын хэрэглээ,Hyper mass sample,1,3606.5
3408,PN Store,4250,10/27/2024,Ажилчдын хэрэглээ,ISO Whey sample,1,0
3409,PN Store,4250,10/27/2024,Ажилчдын хэрэглээ,Protein wafer,2,0
3410,PN Store,4286,11/1/2024,Маркетингийн хэрэглээ,ZMA 60ш,7,54342.93
3411,PN Store,4286,11/1/2024,Маркетингийн хэрэглээ,Protein snap,2,4600.28
3412,PN Store,4287,11/1/2024,Ажилчдын хэрэглээ,L-Carnitine 100.000,1,61509.96
3413,PN Store,4288,11/1/2024,Маркетингийн хэрэглээ,Power BCAA,2,77402.97
3414,PN Store,4288,11/1/2024,Маркетингийн хэрэглээ,Omega 3 /90ш/,1,14566.24
3415,PN Store,4288,11/1/2024,Маркетингийн хэрэглээ,Nitrox 680гр,1,55868.89
3416,PN Store,4288,11/1/2024,Маркетингийн хэрэглээ,ISO Whey 500гр,2,113102.85
3417,PN Store,4288,11/1/2024,Маркетингийн хэрэглээ,L-Glutamine 240гр,1,32035.47
3418,PN Store,4301,11/4/2024,Ажилчдын хэрэглээ,Power Whey 2250гр,1,121131.06
3419,PN Store,4302,11/4/2024,Ажилчдын хэрэглээ,ISO Whey 500гр,2,113102.85
3420,PN Store,4302,11/4/2024,Ажилчдын хэрэглээ,Protein bar nanosupps,15,69709.22
3421,PN Store,4315,11/6/2024,Ажилчдын хэрэглээ,ISO Whey 500гр,1,56551.43
3422,PN Store,4316,11/6/2024,Маркетингийн хэрэглээ (Zulaa aqua),Protein cream 400гр,1,14050.42
3423,PN Store,4316,11/6/2024,Маркетингийн хэрэглээ (Zulaa aqua),Protein snap,23,52903.32
3424,PN Store,4316,11/6/2024,Маркетингийн хэрэглээ (Zulaa aqua),Protein wafer,12,39399.67
3425,PN Store,4316,11/6/2024,Маркетингийн хэрэглээ (Zulaa aqua),Protein bar nanosupps,16,74356.5
3426,PN Store,4316,11/6/2024,Маркетингийн хэрэглээ (Zulaa aqua),Shaker 600ml,1,3168.27
3427,PN Store,4317,11/6/2024,Маркетингийн хэрэглээ,Nitrox 680гр,1,54176.73
3428,PN Store,4317,11/6/2024,Маркетингийн хэрэглээ,EAA Zero 350гр,3,150356.56
3429,PN Store,4317,11/6/2024,Маркетингийн хэрэглээ,L-Glutamine 240гр,2,64070.93
3430,PN Store,4317,11/6/2024,Маркетингийн хэрэглээ,Protein wafer,5,16416.53
3431,PN Store,4317,11/6/2024,Маркетингийн хэрэглээ,ISO Whey 500гр,5,267305.04
3432,PN Store,4329,11/10/2024,Ажилчдын хэрэглээ,Protein snap,3,6900.43
3433,PN Store,4329,11/10/2024,Ажилчдын хэрэглээ,Glucosamine 60caps,1,20092.48
3434,PN Store,4329,11/10/2024,Ажилчдын хэрэглээ,ZMA 60ш,2,15526.55
3435,PN Store,4329,11/10/2024,Ажилчдын хэрэглээ,Protein bar nanosupps,3,13941.84
3436,PN Store,4330,11/10/2024,Ажилчдын хэрэглээ,ISO Whey 500гр,2,113102.85
3437,PN Store,4330,11/10/2024,Ажилчдын хэрэглээ,Protein bar nanosupps,2,9294.56
3438,PN Store,4330,11/10/2024,Ажилчдын хэрэглээ,Protein cream 400гр,1,14050.42
3439,PN Store,4354,11/14/2024,Ажилчдын хэрэглээ,Power BCAA,1,38701.48
3440,PN Store,4368,11/17/2024,Ажилчдын хэрэглээ,Omega 3 /90ш/,1,14566.24
3441,PN Store,4368,11/17/2024,Ажилчдын хэрэглээ,Vitamin D3 K2 /60ш/,1,7434.81
3442,PN Store,4368,11/17/2024,Ажилчдын хэрэглээ,Protein bar nanosupps,15,69709.22
3443,PN Store,4368,11/17/2024,Ажилчдын хэрэглээ,ZMA 60ш,1,7763.28
3444,PN Store,4368,11/17/2024,Ажилчдын хэрэглээ,Protein wafer,12,48855.59
3445,PN Store,4368,11/17/2024,Ажилчдын хэрэглээ,MSM+ Vitamin C 150g,1,20511.53
3446,PN Store,4368,11/17/2024,Ажилчдын хэрэглээ,Protein snap,25,57503.63
3447,PN Store,4375,11/18/2024,Ажилчдын хэрэглээ,ZMA 60ш,2,15526.55
3448,PN Store,4375,11/18/2024,Ажилчдын хэрэглээ,Shaker 600ml,2,9126.34
3449,PN Store,4384,11/20/2024,Ажилчдын хэрэглээ,Nitrox 680гр,1,55895.33
3450,PN Store,4384,11/20/2024,Ажилчдын хэрэглээ,MSM+ Vitamin C 150g,1,20511.53
3451,PN Store,4399,11/22/2024,Ажилчдын хэрэглээ,Power BCAA,1,38701.49
3452,PN Store,4399,11/22/2024,Ажилчдын хэрэглээ,Power Whey 2250гр,1,121131.06
3453,PN Store,4400,11/22/2024,Ажилчдын хэрэглээ,Protein bar nanosupps,1,4647.28
3454,PN Store,4401,11/22/2024,Маркетингийн хэрэглээ,ISO Whey 500гр,7,396154.72
3455,PN Store,4401,11/22/2024,Маркетингийн хэрэглээ,Protein bar nanosupps,13,60414.66
3456,PN Store,4401,11/22/2024,Маркетингийн хэрэглээ,Nitrox 680гр,2,111790.65
3457,PN Store,4401,11/22/2024,Маркетингийн хэрэглээ,Power Whey 2250гр,1,121131.06
3458,PN Store,4401,11/22/2024,Маркетингийн хэрэглээ,Hyper Mass 1000гр,5,215541.41
3459,PN Store,4401,11/22/2024,Маркетингийн хэрэглээ,Protein wafer,2,6753.02
3460,PN Store,4401,11/22/2024,Маркетингийн хэрэглээ,Power Amino,4,111845.1
3461,PN Store,4406,11/24/2024,Маркетингийн хэрэглээ,EAA Zero 350гр,1,50118.86
3462,PN Store,4406,11/24/2024,Маркетингийн хэрэглээ,Nitrox sample,4,3687.34
3463,PN Store,4406,11/24/2024,Маркетингийн хэрэглээ,ISO Whey 500гр,2,106636.5
3464,PN Store,4406,11/24/2024,Маркетингийн хэрэглээ,Glucosamine 60caps,2,40184.96
3465,PN Store,4406,11/24/2024,Маркетингийн хэрэглээ,Protein snap,1,2300.14
3466,PN Store,4406,11/24/2024,Маркетингийн хэрэглээ,Protein bar nanosupps,15,69709.22
3467,PN Store,4406,11/24/2024,Маркетингийн хэрэглээ,Power BCAA,1,38701.48
3468,PN Store,4406,11/24/2024,Маркетингийн хэрэглээ,ZMA 60ш,2,15526.55
3469,PN Store,4406,11/24/2024,Маркетингийн хэрэглээ,MSM+ Vitamin C 150g,1,20511.53
3470,PN Store,4406,11/24/2024,Маркетингийн хэрэглээ,Vitamin D3 K2 /60ш/,2,14869.63
3471,PN Store,4406,11/24/2024,Маркетингийн хэрэглээ,Tribooster 60ш,2,65415.17
3472,PN Store,4406,11/24/2024,Маркетингийн хэрэглээ,Power Amino,1,27961.28
3473,PN Store,4406,11/24/2024,Маркетингийн хэрэглээ,Magna shot 25ml,2,6943.59
3474,PN Store,4406,11/24/2024,Маркетингийн хэрэглээ,Protein wafer,1,3150.89
3475,PN Store,4406,11/24/2024,Маркетингийн хэрэглээ,Omega 3 /90ш/,2,29132.48
3476,PN Store,4438,11/29/2024,Ажилчдын хэрэглээ,Power Casein,1,60767.93
3477,PN Store,4438,11/29/2024,Ажилчдын хэрэглээ,ISO Whey 500гр,1,56611.83
3478,PN Store,4438,11/29/2024,Ажилчдын хэрэглээ,Omega 3 /90ш/,1,14566.24
3479,PN Store,4441,11/30/2024,Ажилчдын хэрэглээ,Protein bar nanosupps,1,4647.28
3480,PN Store,4441,11/30/2024,Ажилчдын хэрэглээ,Protein snap,1,2300.14
3481,PN Store,4449,12/2/2024,Маркетингийн хэрэглээ,ISO Whey 500гр,9,508049.66
3482,PN Store,4449,12/2/2024,Маркетингийн хэрэглээ,Protein bar nanosupps,30,139418.44
3483,PN Store,4449,12/2/2024,Маркетингийн хэрэглээ,Power BCAA,3,116104.45
3484,PN Store,4455,12/3/2024,Ажилчдын хэрэглээ,Protein snap,1,2300.15
3485,PN Store,4455,12/3/2024,Ажилчдын хэрэглээ,Protein bar nanosupps,7,32530.97
3486,PN Store,4455,12/3/2024,Ажилчдын хэрэглээ,ZMA 60ш,2,15526.55
3487,PN Store,4455,12/3/2024,Ажилчдын хэрэглээ,Omega 3 /90ш/,1,14566.24
3488,PN Store,4455,12/3/2024,Ажилчдын хэрэглээ,Vitamin D3 K2 /60ш/,1,7434.81
3489,PN Store,4469,12/5/2024,Маркетингийн хэрэглээ,Tribooster 60ш,1,32707.59
3490,PN Store,4469,12/5/2024,Маркетингийн хэрэглээ,Glucosamine 60caps,1,20092.48
3491,PN Store,4469,12/5/2024,Маркетингийн хэрэглээ,ISO Whey 500гр,5,282249.81
3492,PN Store,4469,12/5/2024,Маркетингийн хэрэглээ,ZMA 60ш,1,7763.28
3493,PN Store,4469,12/5/2024,Маркетингийн хэрэглээ,Omega 3 /90ш/,3,43698.72
3494,PN Store,4469,12/5/2024,Маркетингийн хэрэглээ,Vitamin D3 K2 /60ш/,1,7434.81
3495,PN Store,4470,12/5/2024,Маркетингийн хэрэглээ,EAA Zero 350гр,1,50118.86
3496,PN Store,4470,12/5/2024,Маркетингийн хэрэглээ,Hyper Mass 1000гр,3,129187.29
3497,PN Store,4470,12/5/2024,Маркетингийн хэрэглээ,Nitrox 680гр,2,111574.36
3498,PN Store,4470,12/5/2024,Маркетингийн хэрэглээ,Power BCAA,1,38701.48
3499,PN Store,4470,12/5/2024,Маркетингийн хэрэглээ,ISO Whey 500гр,3,169349.89
3500,PN Store,4471,12/5/2024,Борлуулалтын Урамшуулал,Protein cream 400гр,1,14050.42
3501,PN Store,4471,12/5/2024,Борлуулалтын Урамшуулал,Protein bar nanosupps,3,13941.84
3502,PN Store,4471,12/5/2024,Борлуулалтын Урамшуулал,Omega 3 /90ш/,1,14566.24
3503,PN Store,4471,12/5/2024,Борлуулалтын Урамшуулал,Vitamin D3 K2 /60ш/,1,7434.81
3504,PN Store,4471,12/5/2024,Борлуулалтын Урамшуулал,ZMA 60ш,1,7763.28
3505,PN Store,4472,12/5/2024,Ажилчдын хэрэглээ,Power BCAA,1,38701.49
3506,PN Store,4472,12/5/2024,Ажилчдын хэрэглээ,Vitamin D3 K2 /60ш/,1,7434.81
3507,PN Store,4472,12/5/2024,Ажилчдын хэрэглээ,ISO Whey 500гр,1,56449.96
3508,PN Store,4472,12/5/2024,Ажилчдын хэрэглээ,Omega 3 /90ш/,1,14566.24
3509,PN Store,4486,12/8/2024,Ажилчдын хэрэглээ,Vitamin D3 K2 /60ш/,1,7434.81
3510,PN Store,4486,12/8/2024,Ажилчдын хэрэглээ,Omega 3 /90ш/,1,14566.24
3511,PN Store,4486,12/8/2024,Ажилчдын хэрэглээ,Power Whey 2250гр,1,121131.06
3512,PN Store,4515,12/14/2024,Ажилчдын хэрэглээ,Protein cream 400гр,2,28100.84
3513,PN Store,4515,12/14/2024,Ажилчдын хэрэглээ,ZMA 60ш,1,7763.28
3514,PN Store,4515,12/14/2024,Ажилчдын хэрэглээ,Protein snap,2,4600.29
3515,PN Store,4515,12/14/2024,Ажилчдын хэрэглээ,MSM+ Vitamin C 150g,2,41023.07
3516,PN Store,4516,12/14/2024,Маркетингийн хэрэглээ,Power Mass,1,108398.98
3517,PN Store,4516,12/14/2024,Маркетингийн хэрэглээ,Power BCAA,1,38701.48
3518,PN Store,4516,12/14/2024,Маркетингийн хэрэглээ,Power Whey 2250гр,4,484524.24
3519,PN Store,4516,12/14/2024,Маркетингийн хэрэглээ,Power Amino,1,27961.28
3520,PN Store,4523,12/16/2024,Маркетингийн хэрэглээ,ISO Whey 500гр,3,169349.89
3521,PN Store,4523,12/16/2024,Маркетингийн хэрэглээ,Omega 3 /90ш/,1,14566.24
3522,PN Store,4523,12/16/2024,Маркетингийн хэрэглээ,ZMA 60ш,1,7763.28
3523,PN Store,4523,12/16/2024,Маркетингийн хэрэглээ,Nitrox 680гр,1,55787.18
3524,PN Store,4551,12/20/2024,Ажилчдын хэрэглээ,Power BCAA,1,38701.49
3525,PN Store,4551,12/20/2024,Ажилчдын хэрэглээ,Power Amino,1,27961.28
3526,PN Store,4565,12/24/2024,Маркетингийн хэрэглээ,Vitamin D3 K2 /60ш/,2,14869.63
3527,PN Store,4565,12/24/2024,Маркетингийн хэрэглээ,Protein cream 400гр,1,14050.42
3528,PN Store,4565,12/24/2024,Маркетингийн хэрэглээ,ISO Whey 500гр,10,564499.62
3529,PN Store,4565,12/24/2024,Маркетингийн хэрэглээ,Power BCAA,2,77402.97
3530,PN Store,4565,12/24/2024,Маркетингийн хэрэглээ,Nitrox 680гр,2,111574.36
3531,PN Store,4597,1/2/2025,Ажилчдын хэрэглээ,ISO Whey 500гр,2,113202.2
3532,PN Store,4598,1/2/2025,Маркетингийн хэрэглээ,ISO Whey 500гр,14,792415.37
3533,PN Store,4598,1/2/2025,Маркетингийн хэрэглээ,Power BCAA,2,77647.21
3534,PN Store,4598,1/2/2025,Маркетингийн хэрэглээ,Hyper Mass 1000гр,4,174966.49
3535,PN Store,4598,1/2/2025,Маркетингийн хэрэглээ,Protein cream 400гр,1,14824.61
3536,PN Store,4598,1/2/2025,Маркетингийн хэрэглээ,Omega 3 /90ш/,1,14565.62
3537,PN Store,4598,1/2/2025,Маркетингийн хэрэглээ,Protein bar nanosupps,9,38441.26
3538,PN Store,4598,1/2/2025,Маркетингийн хэрэглээ,Power Whey 2250гр,1,120878.4
3539,PN Store,4599,1/2/2025,Урамшуулал,Power Whey 2250гр,1,120878.4
3540,PN Store,4607,1/3/2025,Маркетингийн хэрэглээ,Hyper Mass 1000гр,4,174966.49
3541,PN Store,4607,1/3/2025,Маркетингийн хэрэглээ,Power Testo 120caps,1,27597.33
3542,PN Store,4607,1/3/2025,Маркетингийн хэрэглээ,Power BCAA,3,116470.82
3543,PN Store,4607,1/3/2025,Маркетингийн хэрэглээ,Protein bar nanosupps,6,25627.51
3544,PN Store,4607,1/3/2025,Маркетингийн хэрэглээ,ISO Whey 500гр,5,283005.49
3545,PN Store,4607,1/3/2025,Маркетингийн хэрэглээ,Protein cream 400гр,1,14824.61
3546,PN Store,4617,1/4/2025,Ажилчдын хэрэглээ,Power BCAA,1,38823.61
3547,PN Store,4618,1/4/2025,Ажилчдын хэрэглээ,L-Carnitine 100.000,1,97287.07
3548,PN Store,4618,1/4/2025,Ажилчдын хэрэглээ,ISO Whey 500гр,1,56601.1
3549,PN Store,4621,1/5/2025,Маркетингийн хэрэглээ,Power BCAA,2,77647.21
3550,PN Store,4621,1/5/2025,Маркетингийн хэрэглээ,Vitamin D3 K2 /60ш/,1,7435.06
3551,PN Store,4621,1/5/2025,Маркетингийн хэрэглээ,ZMA 60ш,1,7763.21
3552,PN Store,4621,1/5/2025,Маркетингийн хэрэглээ,L-Carnitine 100.000,2,124838.54
3553,PN Store,4621,1/5/2025,Маркетингийн хэрэглээ,ISO Whey 500гр,2,113202.2
3554,PN Store,4639,1/7/2025,Ажилчдын хэрэглээ,Nitrox sample,5,4695.06
3555,PN Store,4640,1/7/2025,Ажилчдын хэрэглээ,Power Whey 2250гр,1,120878.4
3556,PN Store,4640,1/7/2025,Ажилчдын хэрэглээ,Shaker 600ml /угсардаг нэмэлттэй/ таслагчтай,1,13957.37
3557,PN Store,4648,1/9/2025,Ажилчдын хэрэглээ,Omega 3 /90ш/,2,29131.24
3558,PN Store,4649,1/9/2025,Урамшуулал,Jack's amino 300g,1,111808.24
3559,PN Store,4655,1/10/2025,Маркетингийн хэрэглээ,Hyper Mass 1000гр,3,131224.86
3560,PN Store,4655,1/10/2025,Маркетингийн хэрэглээ,Zero bar,24,219918.43
3561,PN Store,4655,1/10/2025,Маркетингийн хэрэглээ,Crush Bar,15,132164.74
3562,PN Store,4655,1/10/2025,Маркетингийн хэрэглээ,Power BCAA,2,79007.94
3563,PN Store,4655,1/10/2025,Маркетингийн хэрэглээ,Nitrox 680гр,1,64879.2
3564,PN Store,4655,1/10/2025,Маркетингийн хэрэглээ,MSM+ Vitamin C 150g,4,82817.8
3565,PN Store,4655,1/10/2025,Маркетингийн хэрэглээ,Protein bar nanosupps,15,64068.77
3566,PN Store,4665,1/12/2025,Ажилчдын хэрэглээ,Power Whey 2250гр,1,120634.7
3567,PN Store,4666,1/12/2025,Ажилчдын хэрэглээ,Power Testo 120caps,1,27608.1
3568,PN Store,4690,1/15/2025,Ажилчдын хэрэглээ,Power Whey 2250гр,1,120634.7
3569,PN Store,4697,1/16/2025,Маркетингийн хэрэглээ,ZMA 60ш,1,7763.2
3570,PN Store,4697,1/16/2025,Маркетингийн хэрэглээ,Shaker 600ml /угсардаг нэмэлттэй/ таслагчтай,1,34261.07
3571,PN Store,4697,1/16/2025,Маркетингийн хэрэглээ,Crush Bar,2,621313.39
3572,PN Store,4697,1/16/2025,Маркетингийн хэрэглээ,ISO Whey 500гр,2,113992
3573,PN Store,4697,1/16/2025,Маркетингийн хэрэглээ,Vitamin D3 K2 /60ш/,1,7435.07
3574,PN Store,4697,1/16/2025,Маркетингийн хэрэглээ,Omega 3 /90ш/,1,14565.59
3575,PN Store,4706,1/18/2025,Ажилчдын хэрэглээ,Crush Bar,1,310656.69
3576,PN Store,4706,1/18/2025,Ажилчдын хэрэглээ,Power Testo 120caps,1,27608.1
3577,PN Store,4706,1/18/2025,Ажилчдын хэрэглээ,Shaker 600ml /угсардаг нэмэлттэй/ таслагчтай,1,34261.07
3578,PN Store,4710,1/19/2025,Урамшуулал,Amino Liquid currant 1л шилтэй,1,116035.77
3579,PN Store,4710,1/19/2025,Урамшуулал,Power Whey 2250гр,1,120634.7
3580,PN Store,4739,1/22/2025,Урамшуулал,Power Creatine 300гр,1,47262.93
3581,PN Store,4743,1/23/2025,Ажилчдын хэрэглээ,Power Whey 2250гр,1,120634.7
3582,PN Store,4743,1/23/2025,Ажилчдын хэрэглээ,Power BCAA,1,39503.97
3583,PN Store,4743,1/23/2025,Ажилчдын хэрэглээ,ZMA 60ш,1,7763.2
3584,PN Store,4748,1/24/2025,Ажилчдын хэрэглээ,Vitamin D3 K2 /60ш/,1,7435.07
3585,PN Store,4748,1/24/2025,Ажилчдын хэрэглээ,ZMA 60ш,1,7763.2
3586,PN Store,4748,1/24/2025,Ажилчдын хэрэглээ,Glucosamine 60caps,1,20604.75
3587,PN Store,4748,1/24/2025,Ажилчдын хэрэглээ,Power Creatine 300гр,2,94525.87
3588,PN Store,4749,1/24/2025,Ажилчдын хэрэглээ,Omega 3 /90ш/,4,58262.36
3589,PN Store,4756,1/25/2025,Маркетингийн хэрэглээ,Nitrox 680гр,1,64879.2
3590,PN Store,4756,1/25/2025,Маркетингийн хэрэглээ,Omega 3 /90ш/,2,29131.18
3591,PN Store,4756,1/25/2025,Маркетингийн хэрэглээ,Vitamin D3 K2 /60ш/,2,14870.14
3592,PN Store,4756,1/25/2025,Маркетингийн хэрэглээ,ZMA 60ш,1,7763.2
3593,PN Store,4756,1/25/2025,Маркетингийн хэрэглээ,Shaker 600ml,1,4584.36
3594,PN Store,4759,1/26/2025,Ажилчдын хэрэглээ,Power Creatine 300гр,1,47262.93
3595,PN Store,4765,1/27/2025,Ажилчдын хэрэглээ,Power Whey 2250гр,1,120634.7
3596,PN Store,4765,1/27/2025,Ажилчдын хэрэглээ,Power Creatine 300гр,1,47262.93
3597,PN Store,4800,2/1/2025,Маркетингийн хэрэглээ,Shaker 600ml,1,4584.36
3598,PN Store,4800,2/1/2025,Маркетингийн хэрэглээ,ISO Whey 500гр,1,56996
3599,PN Store,4800,2/1/2025,Маркетингийн хэрэглээ,Omega 3 /90ш/,1,14565.59
3600,PN Store,4800,2/1/2025,Маркетингийн хэрэглээ,Power Creatine 300гр,1,47262.93
3601,PN Store,4800,2/1/2025,Маркетингийн хэрэглээ,ZMA 60ш,1,7763.2
3602,PN Store,4810,2/3/2025,Ажилчдын хэрэглээ,L-Carnitine 100.000,1,97287.07
3603,PN Store,4811,2/3/2025,Маркетингийн хэрэглээ,Nitrox 680гр,1,64879.2
3604,PN Store,4811,2/3/2025,Маркетингийн хэрэглээ,Power Whey 2250гр,4,482538.82
3605,PN Store,4811,2/3/2025,Маркетингийн хэрэглээ,ISO Whey 500гр,10,569959.99
3606,PN Store,4811,2/3/2025,Маркетингийн хэрэглээ,Tribooster 60ш,2,64932.87
3607,PN Store,4811,2/3/2025,Маркетингийн хэрэглээ,Vitamin D3 K2 /60ш/,1,7435.07
3608,PN Store,4811,2/3/2025,Маркетингийн хэрэглээ,Omega 3 /90ш/,2,29131.18
3609,PN Store,4811,2/3/2025,Маркетингийн хэрэглээ,Hyper Mass 1000гр,2,90772.74
3610,PN Store,4811,2/3/2025,Маркетингийн хэрэглээ,ZMA 60ш,2,15526.4
3611,PN Store,4817,2/4/2025,Маркетингийн хэрэглээ,Vitamin D3 K2 /60ш/,1,7435.07
3612,PN Store,4817,2/4/2025,Маркетингийн хэрэглээ,ZMA 60ш,2,15526.4
3613,PN Store,4817,2/4/2025,Маркетингийн хэрэглээ,Power Whey 2250гр,1,120634.7
3614,PN Store,4817,2/4/2025,Маркетингийн хэрэглээ,Nitrox 680гр,1,64879.2
3615,PN Store,4817,2/4/2025,Маркетингийн хэрэглээ,Power Creatine 300гр,1,47262.93
3616,PN Store,4831,2/6/2025,Ажилчдын хэрэглээ,ISO Whey 500гр,2,113992
3617,PN Store,4860,2/11/2025,Маркетингийн хэрэглээ,ISO Whey 500гр,2,113992
3618,PN Store,4860,2/11/2025,Маркетингийн хэрэглээ,Omega 3 /90ш/,1,14565.59
3619,PN Store,4860,2/11/2025,Маркетингийн хэрэглээ,Shaker 600ml /угсардаг нэмэлттэй/ таслагчтай,1,34261.06
3620,PN Store,4860,2/11/2025,Маркетингийн хэрэглээ,ZMA 60ш,1,7763.2
3621,PN Store,4861,2/11/2025,Маркетингийн хэрэглээ,Omega 3 /90ш/,1,14565.59
3622,PN Store,4861,2/11/2025,Маркетингийн хэрэглээ,Power Casein,1,60819.1
3623,PN Store,4861,2/11/2025,Маркетингийн хэрэглээ,ISO Whey 500гр,8,455967.99
3624,PN Store,4861,2/11/2025,Маркетингийн хэрэглээ,Shaker 600ml /угсардаг нэмэлттэй/ таслагчтай,1,34261.07
3625,PN Store,4861,2/11/2025,Маркетингийн хэрэглээ,ZMA 60ш,1,7763.2
3626,PN Store,4861,2/11/2025,Маркетингийн хэрэглээ,Power Creatine 300гр,1,47262.93
3627,PN Store,4861,2/11/2025,Маркетингийн хэрэглээ,Nitrox sample,5,-19900.5
3628,PN Store,4879,2/15/2025,Маркетингийн хэрэглээ,ISO Whey 500гр,3,170988
3629,PN Store,4879,2/15/2025,Маркетингийн хэрэглээ,Power Creatine 300гр,1,47262.93
3630,PN Store,4879,2/15/2025,Маркетингийн хэрэглээ,Omega 3 /90ш/,3,43696.77
3631,PN Store,4879,2/15/2025,Маркетингийн хэрэглээ,Vitamin D3 K2 /60ш/,2,14870.14
3632,PN Store,4879,2/15/2025,Маркетингийн хэрэглээ,ZMA 60ш,2,15526.4
3633,PN Store,4883,2/16/2025,Ажилчдын хэрэглээ,ZMA 60ш,1,7763.2
3634,PN Store,4883,2/16/2025,Ажилчдын хэрэглээ,Omega 3 /90ш/,1,14565.59
3635,PN Store,4883,2/16/2025,Ажилчдын хэрэглээ,Vitamin D3 K2 /60ш/,1,7435.07
3636,PN Store,4888,2/17/2025,Ажилчдын хэрэглээ,ISO Whey 500гр,1,56996
3637,PN Store,4888,2/17/2025,Ажилчдын хэрэглээ,ZMA 60ш,1,7763.2
3638,PN Store,4888,2/17/2025,Ажилчдын хэрэглээ,Power Casein,1,60819.1
3639,PN Store,4910,2/20/2025,Ажилчдын хэрэглээ,Omega 3 /90ш/,3,43696.77
3640,PN Store,4922,2/23/2025,Маркетингийн хэрэглээ,ISO Whey 500гр,1,56996
3641,PN Store,4922,2/23/2025,Маркетингийн хэрэглээ,Power Testo 120caps,1,27608.1
3642,PN Store,4926,2/24/2025,Ажилчдын хэрэглээ,Vitamin D3 K2 /60ш/,1,7435.07
3643,PN Store,4926,2/24/2025,Ажилчдын хэрэглээ,Omega 3 /90ш/,1,14565.59
3644,PN Store,4926,2/24/2025,Ажилчдын хэрэглээ,Shaker 600ml /угсардаг нэмэлттэй/ таслагчтай,1,34261.06
3645,PN Store,4926,2/24/2025,Ажилчдын хэрэглээ,ZMA 60ш,1,7763.2
3646,PN Store,4926,2/24/2025,Ажилчдын хэрэглээ,Power Creatine 300гр,1,47262.93
3647,PN Store,4946,3/6/2025,Ажилчдын хэрэглээ,ZMA 60ш,1,7763.2
3648,PN Store,4946,3/6/2025,Ажилчдын хэрэглээ,Omega 3 /90ш/,2,29131.18
3649,PN Store,4946,3/6/2025,Ажилчдын хэрэглээ,Vitamin D3 K2 /60ш/,1,7435.07
3650,PN Store,4947,3/6/2025,Ажилчдын хэрэглээ,ISO Whey 500гр,2,113992
3651,PN Store,4948,3/6/2025,Ажилчдын хэрэглээ,ISO Whey 500гр,1,56996
3652,PN Store,4960,3/7/2025,Маркетингийн хэрэглээ,Omega 3 /90ш/,1,14565.59
3653,PN Store,4960,3/7/2025,Маркетингийн хэрэглээ,Vitamin D3 K2 /60ш/,1,7435.07
3654,PN Store,4960,3/7/2025,Маркетингийн хэрэглээ,Power Whey 2250гр,2,241269.41
3655,PN Store,4960,3/7/2025,Маркетингийн хэрэглээ,ISO Whey 500гр,6,341975.99
3656,PN Store,4960,3/7/2025,Маркетингийн хэрэглээ,Hyper Mass 1000гр,2,90772.74
3657,PN Store,4960,3/7/2025,Маркетингийн хэрэглээ,Power Creatine 300гр,1,47262.94
3658,PN Store,4964,3/9/2025,Маркетингийн хэрэглээ,ISO Whey sample,7,337.59
3659,PN Store,4964,3/9/2025,Маркетингийн хэрэглээ,Shaker 600ml,2,9166.26
3660,PN Store,4964,3/9/2025,Маркетингийн хэрэглээ,ISO Whey 500гр,5,284979.99
3661,PN Store,4964,3/9/2025,Маркетингийн хэрэглээ,ZMA 60ш,1,7763.2
3662,PN Store,4964,3/9/2025,Маркетингийн хэрэглээ,Vitamin D3 K2 /60ш/,1,7435.07
3663,PN Store,4964,3/9/2025,Маркетингийн хэрэглээ,Omega 3 /90ш/,1,14565.59
3664,PN Store,4965,3/9/2025,Ажилчдын хэрэглээ,Power Testo 120caps,1,27608.1
3665,PN Store,4965,3/9/2025,Ажилчдын хэрэглээ,Tribooster 60ш,1,32466.43
3666,PN Store,4982,3/11/2025,Ажилчдын хэрэглээ,Power BCAA,1,39771.47
3667,PN Store,5005,3/16/2025,Ажилчдын хэрэглээ,Power Whey 2250гр,1,120634.7
3668,PN Store,5005,3/16/2025,Ажилчдын хэрэглээ,Power Testo 120caps,1,27608.1
3669,PN Store,5006,3/16/2025,Ажилчдын хэрэглээ,Power Whey 2250гр,1,120634.71
3670,PN Store,5011,3/17/2025,Ажилчдын хэрэглээ,ZMA 60ш,2,15526.4
3671,PN Store,5011,3/17/2025,Ажилчдын хэрэглээ,Omega 3 /90ш/,2,29131.18
3672,PN Store,5011,3/17/2025,Ажилчдын хэрэглээ,Vitamin D3 K2 /60ш/,2,14870.14
3673,PN Store,5019,3/18/2025,Маркетингийн хэрэглээ,Power Amino,2,55924.54
3674,PN Store,5019,3/18/2025,Маркетингийн хэрэглээ,ZMA 60ш,2,15526.4
3675,PN Store,5019,3/18/2025,Маркетингийн хэрэглээ,ISO Whey 500гр,6,341975.99
3676,PN Store,5031,3/21/2025,Ажилчдын хэрэглээ,Vitamin D3 K2 /60ш/,1,7435.07
3677,PN Store,5036,3/22/2025,Ажилчдын хэрэглээ,ZMA 60ш,1,7763.2
3678,PN Store,5036,3/22/2025,Ажилчдын хэрэглээ,Omega 3 /90ш/,3,43696.77
3679,PN Store,5036,3/22/2025,Ажилчдын хэрэглээ,Vitamin D3 K2 /60ш/,2,14870.14
3680,PN Store,5039,3/23/2025,Маркетингийн хэрэглээ,Omega 3 /90ш/,3,43696.77
3681,PN Store,5039,3/23/2025,Маркетингийн хэрэглээ,Vitamin D3 K2 /60ш/,3,22305.21
3682,PN Store,5039,3/23/2025,Маркетингийн хэрэглээ,ZMA 60ш,3,23289.61
3683,PN Store,5039,3/23/2025,Маркетингийн хэрэглээ,ISO Whey sample,2,96.45
3684,PN Store,5039,3/23/2025,Маркетингийн хэрэглээ,ISO Whey 500гр,1,56996
3685,PN Store,5049,3/25/2025,Ажилчдын хэрэглээ,ISO Whey 500гр,1,56996
3686,PN Store,5065,3/28/2025,Ажилчдын хэрэглээ,Power Casein,1,60819.1
3687,PN Store,5065,3/28/2025,Ажилчдын хэрэглээ,ISO Whey 500гр,2,113992
3688,PN Store,5069,3/29/2025,Ажилчдын хэрэглээ,ZMA 60ш,1,7763.2
3689,PN Store,5069,3/29/2025,Ажилчдын хэрэглээ,Hyper Mass 1000гр,1,45386.37
3690,PN Store,5069,3/29/2025,Ажилчдын хэрэглээ,ISO Whey 500гр,2,113992
3691,PN Store,5069,3/29/2025,Ажилчдын хэрэглээ,L-Carnitine 100.000,1,97287.07
3692,PN Store,5080,3/31/2025,Ажилчдын хэрэглээ,Power Testo 120caps,1,27610.3
3693,PN Store,5081,3/31/2025,Маркетингийн хэрэглээ,Magna shot 25ml,1,3739.39
3694,PN Store,5081,3/31/2025,Маркетингийн хэрэглээ,ISO Whey 500гр,2,114272.7
3695,PN Store,5082,3/31/2025,Ажилчдын хэрэглээ,ZMA 60ш,1,7763.2
3696,PN Store,5082,3/31/2025,Ажилчдын хэрэглээ,Vitamin D3 K2 /60ш/,5,37175.35
3697,PN Store,5082,3/31/2025,Ажилчдын хэрэглээ,ISO Whey 500гр,1,57136.35
3698,PN Store,5083,3/31/2025,Ажилчдын хэрэглээ,ISO Whey 500гр,4,228545.41
3699,PN Store,5083,3/31/2025,Ажилчдын хэрэглээ,Shaker 600ml,2,9174.14
3700,PN Store,5083,3/31/2025,Ажилчдын хэрэглээ,Omega 3 /90ш/,1,14565.59
3701,PN Store,5089,4/1/2025,Маркетингийн хэрэглээ,Pump caffeine free 330g,2,0
3702,PN Store,5089,4/1/2025,Маркетингийн хэрэглээ,ISO Whey 500гр,12,685636.22
3703,PN Store,5089,4/1/2025,Маркетингийн хэрэглээ,After 420g,2,0
3704,PN Store,5089,4/1/2025,Маркетингийн хэрэглээ,Power Mass,1,97689.67
3705,PN Store,5089,4/1/2025,Маркетингийн хэрэглээ,Shaker 600ml,1,4587.07
3706,PN Store,5090,4/1/2025,Маркетингийн хэрэглээ,Omega 3 /90ш/,6,87393.52
3707,PN Store,5090,4/1/2025,Маркетингийн хэрэглээ,ISO Whey 500гр,12,685636.22
3708,PN Store,5090,4/1/2025,Маркетингийн хэрэглээ,Power Testo 120caps,2,55220.6
3709,PN Store,5095,4/2/2025,Маркетингийн хэрэглээ,ISO Whey 500гр,2,114272.7
3710,PN Store,5095,4/2/2025,Маркетингийн хэрэглээ,ZMA 60ш,1,7763.2
3711,PN Store,5095,4/2/2025,Маркетингийн хэрэглээ,Omega 3 /90ш/,2,29131.17
3712,PN Store,5095,4/2/2025,Маркетингийн хэрэглээ,Vitamin D3 K2 /60ш/,1,7435.07
3713,PN Store,5095,4/2/2025,Маркетингийн хэрэглээ,Power Creatine 300гр,1,52563.59
3714,PN Store,5099,4/4/2025,Ажилчдын хэрэглээ,ISO Whey 500гр,1,57163.49
3715,PN Store,5099,4/4/2025,Ажилчдын хэрэглээ,Power Casein,1,60819.19
3716,PN Store,5099,4/4/2025,Ажилчдын хэрэглээ,Omega 3 /90ш/,1,14565.59
3717,PN Store,5102,4/5/2025,Маркетингийн хэрэглээ,Hyper Mass 1000гр,1,45917.55
3718,PN Store,5102,4/5/2025,Маркетингийн хэрэглээ,Omega 3 /90ш/,3,43696.76
3719,PN Store,5102,4/5/2025,Маркетингийн хэрэглээ,Vitamin D3 K2 /60ш/,5,37175.35
3720,PN Store,5102,4/5/2025,Маркетингийн хэрэглээ,ZMA 60ш,3,23289.6
3721,PN Store,5102,4/5/2025,Маркетингийн хэрэглээ,Power Casein,2,121638.38
3722,PN Store,5103,4/5/2025,Маркетингийн хэрэглээ,ZMA 60ш,3,23289.6
3723,PN Store,5103,4/5/2025,Маркетингийн хэрэглээ,Power Testo 120caps,2,55220.67
3724,PN Store,5103,4/5/2025,Маркетингийн хэрэглээ,Vitamin D3 K2 /60ш/,3,22305.21
3725,PN Store,5103,4/5/2025,Маркетингийн хэрэглээ,Omega 3 /90ш/,3,43696.76
3726,PN Store,5103,4/5/2025,Маркетингийн хэрэглээ,Hyper Mass 1000гр,2,91835.1
3727,PN Store,5104,4/5/2025,Ажилчдын хэрэглээ,Omega 3 /90ш/,3,43696.76
3728,PN Store,5104,4/5/2025,Ажилчдын хэрэглээ,Vitamin D3 K2 /60ш/,4,29740.28
3729,PN Store,5104,4/5/2025,Ажилчдын хэрэглээ,ZMA 60ш,4,31052.8
3730,PN Store,5105,4/5/2025,Ажилчдын хэрэглээ,Shaker 600ml,2,9174.14
3731,PN Store,5105,4/5/2025,Ажилчдын хэрэглээ,Power Testo 120caps,2,55220.67
3732,PN Store,5107,4/6/2025,Маркетингийн хэрэглээ,ZMA 60ш,3,23289.6
3733,PN Store,5107,4/6/2025,Маркетингийн хэрэглээ,Omega 3 /90ш/,3,43696.76
3734,PN Store,5107,4/6/2025,Маркетингийн хэрэглээ,Vitamin D3 K2 /60ш/,3,22305.21
3735,PN Store,5110,4/8/2025,Маркетингийн хэрэглээ,Hyper Mass 1000гр,6,275969.21
3736,PN Store,5110,4/8/2025,Маркетингийн хэрэглээ,Omega 3 /90ш/,2,29131.17
3737,PN Store,5110,4/8/2025,Маркетингийн хэрэглээ,Vitamin D3 K2 /60ш/,2,14870.14
3738,PN Store,5111,4/8/2025,Ажилчдын хэрэглээ,Omega 3 /90ш/,1,14565.59
3739,PN Store,5111,4/8/2025,Ажилчдын хэрэглээ,ZMA 60ш,1,7763.2
3740,PN Store,5113,4/9/2025,Ажилчдын хэрэглээ,Omega 3 /90ш/,1,14565.59
3741,PN Store,5113,4/9/2025,Ажилчдын хэрэглээ,ZMA 60ш,2,15526.4
3742,PN Store,5114,4/9/2025,Ажилчдын хэрэглээ,ZMA 60ш,2,15526.4
3743,PN Store,5114,4/9/2025,Ажилчдын хэрэглээ,Vitamin D3 K2 /60ш/,2,14870.14
3744,PN Store,5121,4/13/2025,Ажилчдын хэрэглээ,Hyper Mass 1000гр,2,91989.74
3745,PN Store,5121,4/13/2025,Ажилчдын хэрэглээ,Power Casein,1,60819.19
3746,PN Store,5121,4/13/2025,Ажилчдын хэрэглээ,Vitamin D3 K2 /60ш/,1,7435.07
3747,PN Store,5121,4/13/2025,Ажилчдын хэрэглээ,ZMA 60ш,1,7763.2
3748,PN Store,5122,4/14/2025,Маркетингийн хэрэглээ,Power Casein,2,121638.38
3749,PN Store,5122,4/14/2025,Маркетингийн хэрэглээ,Tribooster 60ш,1,32464.8
3750,PN Store,5122,4/14/2025,Маркетингийн хэрэглээ,Vitamin D3 K2 /60ш/,3,22305.21
3751,PN Store,5122,4/14/2025,Маркетингийн хэрэглээ,ZMA 60ш,4,31052.8
3752,PN Store,5122,4/14/2025,Маркетингийн хэрэглээ,Hyper Mass 1000гр,3,137984.61
3753,PN Store,5123,4/14/2025,Ажилчдын хэрэглээ,ZMA 60ш,3,23289.6
3754,PN Store,5123,4/14/2025,Ажилчдын хэрэглээ,Vitamin D3 K2 /60ш/,3,22305.21
3755,PN Store,5124,4/14/2025,Маркетингийн хэрэглээ,Vitamin D3 K2 /60ш/,3,22305.21
3756,PN Store,5124,4/14/2025,Маркетингийн хэрэглээ,Power Testo 120caps,1,27610.45
3757,PN Store,5124,4/14/2025,Маркетингийн хэрэглээ,ZMA 60ш,2,15526.4
3758,Агуулах,137,3/31/2023,Хагарсан бараа актлав,Ундаа Amino 330ml Super pear,9,16983.45
3759,Агуулах,137,3/31/2023,Хагарсан бараа актлав,Ундаа Collagen vibe 330ml Pineapple coconut,1,1443.35
3760,Агуулах,137,3/31/2023,Хагарсан бараа актлав,Ундаа Collagen vibe 330ml Mojito,1,1558.22
3761,Агуулах,137,3/31/2023,Хагарсан бараа актлав,Ундаа Amino 330ml Watermelon,1,2326.69
3762,Агуулах,137,3/31/2023,Хагарсан бараа актлав,Ундаа Amino 330ml Raspberry,10,21509.33
3763,Агуулах,137,3/31/2023,Хагарсан бараа актлав,Ундаа Amino 330ml Lemon soda,5,10260.79
3764,Агуулах,225,4/11/2023,Сурталчилгаанд /Гаальд өгөв/,Club mate 330мл,24,73855.43
3765,Агуулах,225,4/11/2023,Сурталчилгаанд /Гаальд өгөв/,Protein bar 15*55g Caramel peanuts,1,3347.31
3766,Агуулах,225,4/11/2023,Сурталчилгаанд /Гаальд өгөв/,Club mate 500мл,60,221330.81
3767,Агуулах,225,4/11/2023,Сурталчилгаанд /Гаальд өгөв/,Snack 12*45g BlueBerry,1,5029.41
3768,Агуулах,403,4/29/2023,Борлуулалтын урамшуулал,Ундаа Amino 330ml Raspberry,24,51622.37
3769,Агуулах,403,4/29/2023,Борлуулалтын урамшуулал,Ундаа Collagen vibe 330ml Mojito,24,37397.4
3770,Агуулах,454,5/4/2023,Оффис хэрэглээнд,Club mate 500мл,200,737769.38
3771,Агуулах,454,5/4/2023,Оффис хэрэглээнд,Ундаа Amino 330ml Passion fruit,22,51023.46
3772,Агуулах,454,5/4/2023,Оффис хэрэглээнд,Ундаа Amino 330ml Raspberry,8,17207.46
3773,Агуулах,454,5/4/2023,Оффис хэрэглээнд,Ундаа Collagen vibe 330ml Mojito,120,186986.99
3774,Агуулах,570,5/16/2023,Борлуулалтын урамшуулал,Ундаа Amino 330ml Passion fruit,48,111323.91
3775,Агуулах,570,5/16/2023,Борлуулалтын урамшуулал,Ундаа Amino 330ml Raspberry,24,51622.37
3776,Агуулах,675,5/26/2023,Акт 5-26,Ундаа Amino 330ml Super pear,2,3774.1
3777,Агуулах,675,5/26/2023,Акт 5-26,Ундаа Amino 330ml Passion fruit,6,13915.49
3778,Агуулах,675,5/26/2023,Акт 5-26,Nitrox sample - Tropical 17g,1,2954.9
3779,Агуулах,675,5/26/2023,Акт 5-26,Ундаа Amino 330ml Raspberry,14,30113.05
3780,Агуулах,675,5/26/2023,Акт 5-26,Ундаа Collagen vibe 330ml Mojito,10,15582.25
3781,Агуулах,675,5/26/2023,Акт 5-26,ISO Whey 500g - Cookies,1,55931.95
3782,Агуулах,677,5/26/2023,Борлуулалтын урамшуулал,Ундаа Amino 330ml Waikiki,48,112643.24
3783,Агуулах,768,6/7/2023,Хэрэглээ,Ундаа Collagen vibe 330ml Mojito,48,74795.71
3784,Агуулах,768,6/7/2023,Хэрэглээ,Club mate 330мл,24,73855.43
3785,Агуулах,768,6/7/2023,Хэрэглээ,Ундаа Amino 330ml Super pear,48,90577.87
3786,Агуулах,768,6/7/2023,Хэрэглээ,Ундаа Amino 330ml Lemon soda,72,147749.95
3787,Агуулах,768,6/7/2023,Хэрэглээ,Ундаа Collagen vibe 330ml Passion fruit,24,38354.42
3788,Агуулах,768,6/7/2023,Хэрэглээ,Ундаа Collagen vibe 330ml Pineapple coconut,48,69280.97
3789,Агуулах,768,6/7/2023,Хэрэглээ,Club mate 500мл,180,663992.44
3790,Агуулах,830,6/14/2023,Club-Mate Шинэ төрөл Амталгаа,Club mate 500мл zero,24,552594.42
3791,Агуулах,830,6/14/2023,Club-Mate Шинэ төрөл Амталгаа,Club mate 330мл Cola,12,216432.85
3792,Агуулах,960,6/28/2023,Очир-дагинас урамшуулал /Г. Билгүүн захирал зөвшөөрөв/,Club mate 500мл,40,147553.88
3793,Агуулах,982,6/30/2023,Акт 6-30,Ундаа Amino 330ml Waikiki,3,7040.19
3794,Агуулах,982,6/30/2023,Акт 6-30,Ундаа Amino 330ml Raspberry,104,223696.93
3795,Агуулах,982,6/30/2023,Акт 6-30,Ундаа Collagen vibe 330ml Mojito,1,1558.33
3796,Агуулах,1121,7/25/2023,Цэвэрлэж актлав,Ундаа Amino 330ml Lemon soda,115,235989.5
3797,Агуулах,1121,7/25/2023,Цэвэрлэж актлав,Ундаа Collagen vibe 330ml Mojito,5,12280.44
3798,Агуулах,1121,7/25/2023,Цэвэрлэж актлав,Ундаа Collagen vibe 330ml Passion fruit,510,1196177.13
3799,Агуулах,1121,7/25/2023,Цэвэрлэж актлав,Ундаа Amino 330ml Super pear,139,262297.4
3800,Агуулах,1121,7/25/2023,Цэвэрлэж актлав,Ундаа Amino 330ml Raspberry,480,1032447.39
3801,Агуулах,1128,7/26/2023,Дуулга гаальд өгөв,Ундаа Collagen vibe 330ml Passion fruit,216,506616.19
3802,Агуулах,1128,7/26/2023,Дуулга гаальд өгөв,L-Carnitine powder 300g,1,35804.94
3803,Агуулах,1128,7/26/2023,Дуулга гаальд өгөв,Protein pops 38g,1,41.77
3804,Агуулах,1128,7/26/2023,Дуулга гаальд өгөв,Protein bar 15*55g Choco caramel,15,49636.83
3805,Агуулах,1350,8/23/2023,Акт,Ундаа Collagen vibe 330ml Pineapple coconut,69,120623.23
3806,Агуулах,1350,8/23/2023,Акт,Ундаа Amino 330ml Super pear,449,847274.85
3807,Агуулах,1350,8/23/2023,Акт,Ундаа Amino 330ml Passion fruit,648,1502872.81
3808,Агуулах,1350,8/23/2023,Акт,Ундаа Amino 330ml Lemon soda,184,377543.89
3809,Агуулах,1350,8/23/2023,Акт,Ундаа Collagen vibe 330ml Mojito,66,162101.86
3810,Агуулах,1350,8/23/2023,Акт,Ундаа Collagen vibe 330ml Passion fruit,167,391693.95
3811,Агуулах,1350,8/23/2023,Акт,Ундаа Amino 330ml Waikiki,495,1161618.12
3812,Агуулах,1350,8/23/2023,Акт,Ундаа Amino 330ml Raspberry,325,699050.26
3813,Агуулах,1824,10/30/2023,Акт,Ундаа Amino 330ml Super pear,746,1394334.56
3814,Агуулах,1824,10/30/2023,Акт,Ундаа Amino 330ml Raspberry,1068,2302317.04
3815,Агуулах,1824,10/30/2023,Акт,Ундаа Collagen vibe 330ml Passion fruit,8,18763.81
3816,Агуулах,1824,10/30/2023,Акт,Ундаа Amino 330ml Passion fruit,519,1204929.82
3817,Агуулах,1824,10/30/2023,Акт,Ундаа Amino 330ml Waikiki,1160,2722095.78
3818,Агуулах,1824,10/30/2023,Акт,Ундаа Collagen vibe 330ml Mojito,29,71227.62
3819,Агуулах,2038,11/29/2023,Акт,Ундаа Collagen vibe 330ml Pineapple coconut,3,6768.91
3820,Агуулах,2038,11/29/2023,Акт,Ундаа Amino 330ml Super pear,1554,2904552.18
3821,Агуулах,2038,11/29/2023,Акт,Ундаа Amino 330ml Raspberry,251,541087.64
3822,Агуулах,2038,11/29/2023,Акт,Ундаа Amino 330ml Waikiki,1449,3399535.89
3823,Агуулах,2038,11/29/2023,Акт,Ундаа Amino 330ml Passion fruit,1244,2893565.29
3824,Агуулах,2142,12/12/2023,amtlagaa,Club mate 500мл,40,130407.23
3825,Агуулах,2186,12/22/2023,amtalgaa,Club mate 500мл,40,130407.23
3826,Агуулах,2187,12/22/2023,amtalgaa,Club mate 500мл,40,130407.23
3827,Агуулах,2188,12/22/2023,amtalgaa,Club mate 500мл,40,130407.23
3828,Агуулах,2189,12/22/2023,amtlgaa,Club mate 500мл,40,130407.23
3829,Агуулах,2190,12/22/2023,amtalgaa,Club mate 500мл,40,130407.23
3830,Агуулах,2191,12/22/2023,amtalgaa,Club mate 500мл,40,130407.23
3831,Агуулах,2215,12/25/2023,Акт,Ундаа Amino 330ml Passion fruit,970,2261942.82
3832,Агуулах,2215,12/25/2023,Акт,Ундаа Amino 330ml Super pear,960,1794318.14
3833,Агуулах,2215,12/25/2023,Акт,Ундаа Amino 330ml Waikiki,104,243156.99
3834,Агуулах,2215,12/25/2023,Акт,Ундаа Collagen vibe 330ml Mojito,1,2522.07
3835,Агуулах,2233,1/2/2024,Хэрэглээ,Club mate 500мл,200,652051.62
3836,Агуулах,2274,1/9/2024,Shinee spinning 3 salbar,Club mate 500мл,120,391230.97
3837,Агуулах,2285,1/10/2024,Amtalgaa,Club mate 500мл,40,130410.32
3838,Агуулах,2286,1/10/2024,amtalgaa,Club mate 500мл,40,130410.32
3839,Агуулах,2287,1/10/2024,amtalgaa,Club mate 500мл,40,130410.32
3840,Агуулах,2302,1/12/2024,Amtalgaa,Club mate 500мл,40,130410.32
3841,Агуулах,2303,1/12/2024,amtalgaa,Club mate 500мл,40,130410.32
3842,Агуулах,2304,1/12/2024,amtalgaa,Club mate 500мл,40,130410.32
3843,Агуулах,2305,1/12/2024,amtalgaa,Club mate 500мл,40,130410.32
3844,Агуулах,2306,1/12/2024,amtalgaa,Club mate 500мл,40,130410.32
3845,Агуулах,2307,1/12/2024,amtalgaa,Club mate 500мл,40,130410.32
3846,Агуулах,2308,1/12/2024,amtalgaa,Club mate 500мл,40,130410.32
3847,Агуулах,2332,1/16/2024,amtalgaa,Club mate 500мл,40,130410.32
3848,Агуулах,2333,1/16/2024,amtalgaa,Club mate 500мл,40,130410.32
3849,Агуулах,2352,1/18/2024,Шинжилгээнд,Power Creatine 300гр,2,65681.86
3850,Агуулах,2381,1/22/2024,amtalgaa,Club mate 500мл,40,130410.32
3851,Агуулах,2439,1/30/2024,Акт,Ундаа Collagen vibe 330ml Mojito,35,88275.44
3852,Агуулах,2439,1/30/2024,Акт,Club mate 330мл,4,12365.67
3853,Агуулах,2439,1/30/2024,Акт,Ундаа Amino 330ml Passion fruit,1603,3816258.08
3854,Агуулах,2687,2/28/2024,Акт,Ундаа Collagen vibe 330ml Passion fruit,48,119687.09
3855,Агуулах,2687,2/28/2024,Акт,Ундаа Amino 330ml Passion fruit,627,1451710.27
3856,Агуулах,2687,2/28/2024,Акт,Ундаа Collagen vibe 330ml Pineapple coconut,88,197413.11
3857,Агуулах,2687,2/28/2024,Акт,Ундаа Collagen vibe 330ml Mojito,66,165141.28
3858,Агуулах,2836,3/22/2024,Бусад зардал,Collagen vibe 330мл,240,583536.69
3859,Агуулах,2884,3/28/2024,Акт,Collagen vibe 330мл,671,1631471.32
3860,Агуулах,2884,3/28/2024,Акт,ISO Whey 500гр,1,58365.39
3861,Агуулах,2884,3/28/2024,Акт,Protein cream 400гр,3,37947.05
3862,Агуулах,2936,4/4/2024,Бусад зардал,Club mate 500мл,200,652051.77
3863,Агуулах,2936,4/4/2024,Бусад зардал,Collagen vibe 330мл,240,583536.69
3864,Агуулах,3097,4/29/2024,Акт,Collagen vibe 330мл,276,671067.61
3865,Агуулах,3168,5/9/2024,Хэрэглээ,Crush Bar,5,30132.06
3866,Агуулах,3173,5/9/2024,Хүнсний бүтээгдэхүүний шинжилгээнд,Zero bar,7,29185.5
3867,Агуулах,3173,5/9/2024,Хүнсний бүтээгдэхүүний шинжилгээнд,Crush Bar,20,120528.26
3868,Агуулах,3221,5/15/2024,office herglee,Collagen vibe 330мл,240,583537.06
3869,Агуулах,3265,5/18/2024,Бусад зардал,Collagen vibe 330мл,72,175061.12
3870,Агуулах,3327,5/29/2024,Бусад зардал,Collagen vibe 330мл,40,97256.18
3871,Агуулах,3334,5/29/2024,Акт,Crush Bar,4,24105.65
3872,Агуулах,3334,5/29/2024,Акт,Zero bar,18,75048.43
3873,Агуулах,3334,5/29/2024,Акт,Collagen vibe 330мл,180,437652.79
3874,Агуулах,3338,5/30/2024,Бусад зардал,Collagen vibe 330мл,96,233415.9
3875,Агуулах,3382,6/5/2024,Зарлага,Collagen vibe 330мл,240,583539.75
3876,Агуулах,3394,6/7/2024,Маркетингийн хэрэглээ,Collagen vibe 330мл,300,729424.69
3877,Агуулах,3507,6/26/2024,Акт,Collagen vibe 330мл,44,106982.29
3878,Агуулах,3532,7/1/2024,Шинжилгээнд өгснийг нөхөж хасав,Power Anuxai cell burner 450g,3,0
3879,Агуулах,3550,7/4/2024,office hereglee,Collagen vibe 330мл,240,583539.75
3880,Агуулах,3692,8/2/2024,office hergelee,Collagen vibe 330мл,240,583539.75
3881,Агуулах,3838,8/30/2024,Акт,Collagen vibe 330мл,76,184787.59
3882,Агуулах,3914,9/9/2024,Бусад зардал,Collagen vibe 330мл,240,583539.75
3883,Агуулах,3960,9/16/2024,Агентийн урамшуулал,Collagen vibe 330мл,216,525185.77
3884,Агуулах,3960,9/16/2024,Агентийн урамшуулал,Power Whey 2250гр,3,363393.18
3885,Баталгаат агуулах ,3679,7/31/2024,Устгалд оруулав,Aminotropin 120caplet,1,1386846.63
,,,,,,47812,228046938.5
